[0.175s] DEBUG:colcon:Command line arguments: ['/usr/bin/colcon', 'build']
[0.175s] DEBUG:colcon:Parsed command line arguments: Namespace(log_base=None, log_level=None, verb_name='build', build_base='build', install_base='install', merge_install=False, symlink_install=False, test_result_base=None, continue_on_error=False, executor='parallel', parallel_workers=16, event_handlers=None, ignore_user_meta=False, metas=['./colcon.meta'], base_paths=['.'], packages_ignore=None, packages_ignore_regex=None, paths=None, packages_up_to=None, packages_up_to_regex=None, packages_above=None, packages_above_and_dependencies=None, packages_above_depth=None, packages_select_by_dep=None, packages_skip_by_dep=None, packages_skip_up_to=None, packages_select_build_failed=False, packages_skip_build_finished=False, packages_select_test_failures=False, packages_skip_test_passed=False, packages_select=None, packages_skip=None, packages_select_regex=None, packages_skip_regex=None, packages_start=None, packages_end=None, allow_overriding=[], cmake_args=None, cmake_target=None, cmake_target_skip_unavailable=False, cmake_clean_cache=False, cmake_clean_first=False, cmake_force_configure=False, ament_cmake_args=None, catkin_cmake_args=None, catkin_skip_building_tests=False, verb_parser=<colcon_defaults.argument_parser.defaults.DefaultArgumentsDecorator object at 0x7fbc49d59ea0>, verb_extension=<colcon_core.verb.build.BuildVerb object at 0x7fbc49d59990>, main=<bound method BuildVerb.main of <colcon_core.verb.build.BuildVerb object at 0x7fbc49d59990>>)
[0.312s] Level 1:colcon.colcon_core.package_discovery:discover_packages(colcon_meta) check parameters
[0.312s] Level 1:colcon.colcon_core.package_discovery:discover_packages(recursive) check parameters
[0.313s] Level 1:colcon.colcon_core.package_discovery:discover_packages(ignore) check parameters
[0.313s] Level 1:colcon.colcon_core.package_discovery:discover_packages(path) check parameters
[0.313s] Level 1:colcon.colcon_core.package_discovery:discover_packages(colcon_meta) discover
[0.313s] Level 1:colcon.colcon_core.package_discovery:discover_packages(recursive) discover
[0.313s] INFO:colcon.colcon_core.package_discovery:Crawling recursively for packages in '/home/calafaker/Control-Formation/ws3'
[0.313s] Level 1:colcon.colcon_core.package_identification:_identify(.) by extensions ['ignore', 'ignore_ament_install']
[0.313s] Level 1:colcon.colcon_core.package_identification:_identify(.) by extension 'ignore'
[0.313s] Level 1:colcon.colcon_core.package_identification:_identify(.) by extension 'ignore_ament_install'
[0.313s] Level 1:colcon.colcon_core.package_identification:_identify(.) by extensions ['colcon_pkg']
[0.313s] Level 1:colcon.colcon_core.package_identification:_identify(.) by extension 'colcon_pkg'
[0.313s] Level 1:colcon.colcon_core.package_identification:_identify(.) by extensions ['colcon_meta']
[0.313s] Level 1:colcon.colcon_core.package_identification:_identify(.) by extension 'colcon_meta'
[0.313s] Level 1:colcon.colcon_core.package_identification:_identify(.) by extensions ['ros']
[0.313s] Level 1:colcon.colcon_core.package_identification:_identify(.) by extension 'ros'
[0.322s] Level 1:colcon.colcon_core.package_identification:_identify(.) by extensions ['cmake', 'python']
[0.322s] Level 1:colcon.colcon_core.package_identification:_identify(.) by extension 'cmake'
[0.322s] Level 1:colcon.colcon_core.package_identification:_identify(.) by extension 'python'
[0.322s] Level 1:colcon.colcon_core.package_identification:_identify(.) by extensions ['python_setup_py']
[0.322s] Level 1:colcon.colcon_core.package_identification:_identify(.) by extension 'python_setup_py'
[0.322s] Level 1:colcon.colcon_core.package_identification:_identify(build) by extensions ['ignore', 'ignore_ament_install']
[0.322s] Level 1:colcon.colcon_core.package_identification:_identify(build) by extension 'ignore'
[0.322s] Level 1:colcon.colcon_core.package_identification:_identify(build) ignored
[0.323s] Level 1:colcon.colcon_core.package_identification:_identify(figuras) by extensions ['ignore', 'ignore_ament_install']
[0.323s] Level 1:colcon.colcon_core.package_identification:_identify(figuras) by extension 'ignore'
[0.323s] Level 1:colcon.colcon_core.package_identification:_identify(figuras) by extension 'ignore_ament_install'
[0.323s] Level 1:colcon.colcon_core.package_identification:_identify(figuras) by extensions ['colcon_pkg']
[0.323s] Level 1:colcon.colcon_core.package_identification:_identify(figuras) by extension 'colcon_pkg'
[0.323s] Level 1:colcon.colcon_core.package_identification:_identify(figuras) by extensions ['colcon_meta']
[0.323s] Level 1:colcon.colcon_core.package_identification:_identify(figuras) by extension 'colcon_meta'
[0.323s] Level 1:colcon.colcon_core.package_identification:_identify(figuras) by extensions ['ros']
[0.323s] Level 1:colcon.colcon_core.package_identification:_identify(figuras) by extension 'ros'
[0.323s] Level 1:colcon.colcon_core.package_identification:_identify(figuras) by extensions ['cmake', 'python']
[0.323s] Level 1:colcon.colcon_core.package_identification:_identify(figuras) by extension 'cmake'
[0.323s] Level 1:colcon.colcon_core.package_identification:_identify(figuras) by extension 'python'
[0.323s] Level 1:colcon.colcon_core.package_identification:_identify(figuras) by extensions ['python_setup_py']
[0.323s] Level 1:colcon.colcon_core.package_identification:_identify(figuras) by extension 'python_setup_py'
[0.323s] Level 1:colcon.colcon_core.package_identification:_identify(figuras/demo_pva) by extensions ['ignore', 'ignore_ament_install']
[0.323s] Level 1:colcon.colcon_core.package_identification:_identify(figuras/demo_pva) by extension 'ignore'
[0.323s] Level 1:colcon.colcon_core.package_identification:_identify(figuras/demo_pva) by extension 'ignore_ament_install'
[0.323s] Level 1:colcon.colcon_core.package_identification:_identify(figuras/demo_pva) by extensions ['colcon_pkg']
[0.323s] Level 1:colcon.colcon_core.package_identification:_identify(figuras/demo_pva) by extension 'colcon_pkg'
[0.323s] Level 1:colcon.colcon_core.package_identification:_identify(figuras/demo_pva) by extensions ['colcon_meta']
[0.323s] Level 1:colcon.colcon_core.package_identification:_identify(figuras/demo_pva) by extension 'colcon_meta'
[0.323s] Level 1:colcon.colcon_core.package_identification:_identify(figuras/demo_pva) by extensions ['ros']
[0.323s] Level 1:colcon.colcon_core.package_identification:_identify(figuras/demo_pva) by extension 'ros'
[0.324s] Level 1:colcon.colcon_core.package_identification:_identify(figuras/demo_pva) by extensions ['cmake', 'python']
[0.324s] Level 1:colcon.colcon_core.package_identification:_identify(figuras/demo_pva) by extension 'cmake'
[0.324s] Level 1:colcon.colcon_core.package_identification:_identify(figuras/demo_pva) by extension 'python'
[0.324s] Level 1:colcon.colcon_core.package_identification:_identify(figuras/demo_pva) by extensions ['python_setup_py']
[0.324s] Level 1:colcon.colcon_core.package_identification:_identify(figuras/demo_pva) by extension 'python_setup_py'
[0.324s] Level 1:colcon.colcon_core.package_identification:_identify(figuras/demo_pva/frames) by extensions ['ignore', 'ignore_ament_install']
[0.324s] Level 1:colcon.colcon_core.package_identification:_identify(figuras/demo_pva/frames) by extension 'ignore'
[0.324s] Level 1:colcon.colcon_core.package_identification:_identify(figuras/demo_pva/frames) by extension 'ignore_ament_install'
[0.324s] Level 1:colcon.colcon_core.package_identification:_identify(figuras/demo_pva/frames) by extensions ['colcon_pkg']
[0.324s] Level 1:colcon.colcon_core.package_identification:_identify(figuras/demo_pva/frames) by extension 'colcon_pkg'
[0.324s] Level 1:colcon.colcon_core.package_identification:_identify(figuras/demo_pva/frames) by extensions ['colcon_meta']
[0.324s] Level 1:colcon.colcon_core.package_identification:_identify(figuras/demo_pva/frames) by extension 'colcon_meta'
[0.324s] Level 1:colcon.colcon_core.package_identification:_identify(figuras/demo_pva/frames) by extensions ['ros']
[0.324s] Level 1:colcon.colcon_core.package_identification:_identify(figuras/demo_pva/frames) by extension 'ros'
[0.324s] Level 1:colcon.colcon_core.package_identification:_identify(figuras/demo_pva/frames) by extensions ['cmake', 'python']
[0.324s] Level 1:colcon.colcon_core.package_identification:_identify(figuras/demo_pva/frames) by extension 'cmake'
[0.324s] Level 1:colcon.colcon_core.package_identification:_identify(figuras/demo_pva/frames) by extension 'python'
[0.324s] Level 1:colcon.colcon_core.package_identification:_identify(figuras/demo_pva/frames) by extensions ['python_setup_py']
[0.324s] Level 1:colcon.colcon_core.package_identification:_identify(figuras/demo_pva/frames) by extension 'python_setup_py'
[0.324s] Level 1:colcon.colcon_core.package_identification:_identify(figuras/demo_pva/gifs) by extensions ['ignore', 'ignore_ament_install']
[0.325s] Level 1:colcon.colcon_core.package_identification:_identify(figuras/demo_pva/gifs) by extension 'ignore'
[0.325s] Level 1:colcon.colcon_core.package_identification:_identify(figuras/demo_pva/gifs) by extension 'ignore_ament_install'
[0.325s] Level 1:colcon.colcon_core.package_identification:_identify(figuras/demo_pva/gifs) by extensions ['colcon_pkg']
[0.325s] Level 1:colcon.colcon_core.package_identification:_identify(figuras/demo_pva/gifs) by extension 'colcon_pkg'
[0.325s] Level 1:colcon.colcon_core.package_identification:_identify(figuras/demo_pva/gifs) by extensions ['colcon_meta']
[0.325s] Level 1:colcon.colcon_core.package_identification:_identify(figuras/demo_pva/gifs) by extension 'colcon_meta'
[0.325s] Level 1:colcon.colcon_core.package_identification:_identify(figuras/demo_pva/gifs) by extensions ['ros']
[0.325s] Level 1:colcon.colcon_core.package_identification:_identify(figuras/demo_pva/gifs) by extension 'ros'
[0.325s] Level 1:colcon.colcon_core.package_identification:_identify(figuras/demo_pva/gifs) by extensions ['cmake', 'python']
[0.325s] Level 1:colcon.colcon_core.package_identification:_identify(figuras/demo_pva/gifs) by extension 'cmake'
[0.325s] Level 1:colcon.colcon_core.package_identification:_identify(figuras/demo_pva/gifs) by extension 'python'
[0.325s] Level 1:colcon.colcon_core.package_identification:_identify(figuras/demo_pva/gifs) by extensions ['python_setup_py']
[0.325s] Level 1:colcon.colcon_core.package_identification:_identify(figuras/demo_pva/gifs) by extension 'python_setup_py'
[0.325s] Level 1:colcon.colcon_core.package_identification:_identify(figuras/demo_pva/pva_evolution) by extensions ['ignore', 'ignore_ament_install']
[0.325s] Level 1:colcon.colcon_core.package_identification:_identify(figuras/demo_pva/pva_evolution) by extension 'ignore'
[0.325s] Level 1:colcon.colcon_core.package_identification:_identify(figuras/demo_pva/pva_evolution) by extension 'ignore_ament_install'
[0.325s] Level 1:colcon.colcon_core.package_identification:_identify(figuras/demo_pva/pva_evolution) by extensions ['colcon_pkg']
[0.325s] Level 1:colcon.colcon_core.package_identification:_identify(figuras/demo_pva/pva_evolution) by extension 'colcon_pkg'
[0.325s] Level 1:colcon.colcon_core.package_identification:_identify(figuras/demo_pva/pva_evolution) by extensions ['colcon_meta']
[0.325s] Level 1:colcon.colcon_core.package_identification:_identify(figuras/demo_pva/pva_evolution) by extension 'colcon_meta'
[0.325s] Level 1:colcon.colcon_core.package_identification:_identify(figuras/demo_pva/pva_evolution) by extensions ['ros']
[0.325s] Level 1:colcon.colcon_core.package_identification:_identify(figuras/demo_pva/pva_evolution) by extension 'ros'
[0.325s] Level 1:colcon.colcon_core.package_identification:_identify(figuras/demo_pva/pva_evolution) by extensions ['cmake', 'python']
[0.325s] Level 1:colcon.colcon_core.package_identification:_identify(figuras/demo_pva/pva_evolution) by extension 'cmake'
[0.325s] Level 1:colcon.colcon_core.package_identification:_identify(figuras/demo_pva/pva_evolution) by extension 'python'
[0.325s] Level 1:colcon.colcon_core.package_identification:_identify(figuras/demo_pva/pva_evolution) by extensions ['python_setup_py']
[0.325s] Level 1:colcon.colcon_core.package_identification:_identify(figuras/demo_pva/pva_evolution) by extension 'python_setup_py'
[0.325s] Level 1:colcon.colcon_core.package_identification:_identify(figuras/demo_pva/pva_evolution/frames) by extensions ['ignore', 'ignore_ament_install']
[0.326s] Level 1:colcon.colcon_core.package_identification:_identify(figuras/demo_pva/pva_evolution/frames) by extension 'ignore'
[0.326s] Level 1:colcon.colcon_core.package_identification:_identify(figuras/demo_pva/pva_evolution/frames) by extension 'ignore_ament_install'
[0.326s] Level 1:colcon.colcon_core.package_identification:_identify(figuras/demo_pva/pva_evolution/frames) by extensions ['colcon_pkg']
[0.326s] Level 1:colcon.colcon_core.package_identification:_identify(figuras/demo_pva/pva_evolution/frames) by extension 'colcon_pkg'
[0.326s] Level 1:colcon.colcon_core.package_identification:_identify(figuras/demo_pva/pva_evolution/frames) by extensions ['colcon_meta']
[0.326s] Level 1:colcon.colcon_core.package_identification:_identify(figuras/demo_pva/pva_evolution/frames) by extension 'colcon_meta'
[0.326s] Level 1:colcon.colcon_core.package_identification:_identify(figuras/demo_pva/pva_evolution/frames) by extensions ['ros']
[0.326s] Level 1:colcon.colcon_core.package_identification:_identify(figuras/demo_pva/pva_evolution/frames) by extension 'ros'
[0.326s] Level 1:colcon.colcon_core.package_identification:_identify(figuras/demo_pva/pva_evolution/frames) by extensions ['cmake', 'python']
[0.326s] Level 1:colcon.colcon_core.package_identification:_identify(figuras/demo_pva/pva_evolution/frames) by extension 'cmake'
[0.326s] Level 1:colcon.colcon_core.package_identification:_identify(figuras/demo_pva/pva_evolution/frames) by extension 'python'
[0.326s] Level 1:colcon.colcon_core.package_identification:_identify(figuras/demo_pva/pva_evolution/frames) by extensions ['python_setup_py']
[0.326s] Level 1:colcon.colcon_core.package_identification:_identify(figuras/demo_pva/pva_evolution/frames) by extension 'python_setup_py'
[0.326s] Level 1:colcon.colcon_core.package_identification:_identify(figuras/demo_pva/pva_evolution/gifs) by extensions ['ignore', 'ignore_ament_install']
[0.326s] Level 1:colcon.colcon_core.package_identification:_identify(figuras/demo_pva/pva_evolution/gifs) by extension 'ignore'
[0.326s] Level 1:colcon.colcon_core.package_identification:_identify(figuras/demo_pva/pva_evolution/gifs) by extension 'ignore_ament_install'
[0.326s] Level 1:colcon.colcon_core.package_identification:_identify(figuras/demo_pva/pva_evolution/gifs) by extensions ['colcon_pkg']
[0.326s] Level 1:colcon.colcon_core.package_identification:_identify(figuras/demo_pva/pva_evolution/gifs) by extension 'colcon_pkg'
[0.326s] Level 1:colcon.colcon_core.package_identification:_identify(figuras/demo_pva/pva_evolution/gifs) by extensions ['colcon_meta']
[0.326s] Level 1:colcon.colcon_core.package_identification:_identify(figuras/demo_pva/pva_evolution/gifs) by extension 'colcon_meta'
[0.326s] Level 1:colcon.colcon_core.package_identification:_identify(figuras/demo_pva/pva_evolution/gifs) by extensions ['ros']
[0.326s] Level 1:colcon.colcon_core.package_identification:_identify(figuras/demo_pva/pva_evolution/gifs) by extension 'ros'
[0.326s] Level 1:colcon.colcon_core.package_identification:_identify(figuras/demo_pva/pva_evolution/gifs) by extensions ['cmake', 'python']
[0.326s] Level 1:colcon.colcon_core.package_identification:_identify(figuras/demo_pva/pva_evolution/gifs) by extension 'cmake'
[0.326s] Level 1:colcon.colcon_core.package_identification:_identify(figuras/demo_pva/pva_evolution/gifs) by extension 'python'
[0.326s] Level 1:colcon.colcon_core.package_identification:_identify(figuras/demo_pva/pva_evolution/gifs) by extensions ['python_setup_py']
[0.326s] Level 1:colcon.colcon_core.package_identification:_identify(figuras/demo_pva/pva_evolution/gifs) by extension 'python_setup_py'
[0.326s] Level 1:colcon.colcon_core.package_identification:_identify(figuras/demo_pva_gap) by extensions ['ignore', 'ignore_ament_install']
[0.327s] Level 1:colcon.colcon_core.package_identification:_identify(figuras/demo_pva_gap) by extension 'ignore'
[0.327s] Level 1:colcon.colcon_core.package_identification:_identify(figuras/demo_pva_gap) by extension 'ignore_ament_install'
[0.327s] Level 1:colcon.colcon_core.package_identification:_identify(figuras/demo_pva_gap) by extensions ['colcon_pkg']
[0.327s] Level 1:colcon.colcon_core.package_identification:_identify(figuras/demo_pva_gap) by extension 'colcon_pkg'
[0.327s] Level 1:colcon.colcon_core.package_identification:_identify(figuras/demo_pva_gap) by extensions ['colcon_meta']
[0.327s] Level 1:colcon.colcon_core.package_identification:_identify(figuras/demo_pva_gap) by extension 'colcon_meta'
[0.327s] Level 1:colcon.colcon_core.package_identification:_identify(figuras/demo_pva_gap) by extensions ['ros']
[0.327s] Level 1:colcon.colcon_core.package_identification:_identify(figuras/demo_pva_gap) by extension 'ros'
[0.327s] Level 1:colcon.colcon_core.package_identification:_identify(figuras/demo_pva_gap) by extensions ['cmake', 'python']
[0.327s] Level 1:colcon.colcon_core.package_identification:_identify(figuras/demo_pva_gap) by extension 'cmake'
[0.327s] Level 1:colcon.colcon_core.package_identification:_identify(figuras/demo_pva_gap) by extension 'python'
[0.327s] Level 1:colcon.colcon_core.package_identification:_identify(figuras/demo_pva_gap) by extensions ['python_setup_py']
[0.327s] Level 1:colcon.colcon_core.package_identification:_identify(figuras/demo_pva_gap) by extension 'python_setup_py'
[0.327s] Level 1:colcon.colcon_core.package_identification:_identify(figuras/demo_pva_gap/frames) by extensions ['ignore', 'ignore_ament_install']
[0.327s] Level 1:colcon.colcon_core.package_identification:_identify(figuras/demo_pva_gap/frames) by extension 'ignore'
[0.327s] Level 1:colcon.colcon_core.package_identification:_identify(figuras/demo_pva_gap/frames) by extension 'ignore_ament_install'
[0.327s] Level 1:colcon.colcon_core.package_identification:_identify(figuras/demo_pva_gap/frames) by extensions ['colcon_pkg']
[0.327s] Level 1:colcon.colcon_core.package_identification:_identify(figuras/demo_pva_gap/frames) by extension 'colcon_pkg'
[0.327s] Level 1:colcon.colcon_core.package_identification:_identify(figuras/demo_pva_gap/frames) by extensions ['colcon_meta']
[0.328s] Level 1:colcon.colcon_core.package_identification:_identify(figuras/demo_pva_gap/frames) by extension 'colcon_meta'
[0.328s] Level 1:colcon.colcon_core.package_identification:_identify(figuras/demo_pva_gap/frames) by extensions ['ros']
[0.328s] Level 1:colcon.colcon_core.package_identification:_identify(figuras/demo_pva_gap/frames) by extension 'ros'
[0.328s] Level 1:colcon.colcon_core.package_identification:_identify(figuras/demo_pva_gap/frames) by extensions ['cmake', 'python']
[0.328s] Level 1:colcon.colcon_core.package_identification:_identify(figuras/demo_pva_gap/frames) by extension 'cmake'
[0.328s] Level 1:colcon.colcon_core.package_identification:_identify(figuras/demo_pva_gap/frames) by extension 'python'
[0.328s] Level 1:colcon.colcon_core.package_identification:_identify(figuras/demo_pva_gap/frames) by extensions ['python_setup_py']
[0.328s] Level 1:colcon.colcon_core.package_identification:_identify(figuras/demo_pva_gap/frames) by extension 'python_setup_py'
[0.328s] Level 1:colcon.colcon_core.package_identification:_identify(figuras/demo_pva_gap/gifs) by extensions ['ignore', 'ignore_ament_install']
[0.328s] Level 1:colcon.colcon_core.package_identification:_identify(figuras/demo_pva_gap/gifs) by extension 'ignore'
[0.328s] Level 1:colcon.colcon_core.package_identification:_identify(figuras/demo_pva_gap/gifs) by extension 'ignore_ament_install'
[0.328s] Level 1:colcon.colcon_core.package_identification:_identify(figuras/demo_pva_gap/gifs) by extensions ['colcon_pkg']
[0.328s] Level 1:colcon.colcon_core.package_identification:_identify(figuras/demo_pva_gap/gifs) by extension 'colcon_pkg'
[0.328s] Level 1:colcon.colcon_core.package_identification:_identify(figuras/demo_pva_gap/gifs) by extensions ['colcon_meta']
[0.328s] Level 1:colcon.colcon_core.package_identification:_identify(figuras/demo_pva_gap/gifs) by extension 'colcon_meta'
[0.328s] Level 1:colcon.colcon_core.package_identification:_identify(figuras/demo_pva_gap/gifs) by extensions ['ros']
[0.328s] Level 1:colcon.colcon_core.package_identification:_identify(figuras/demo_pva_gap/gifs) by extension 'ros'
[0.328s] Level 1:colcon.colcon_core.package_identification:_identify(figuras/demo_pva_gap/gifs) by extensions ['cmake', 'python']
[0.328s] Level 1:colcon.colcon_core.package_identification:_identify(figuras/demo_pva_gap/gifs) by extension 'cmake'
[0.328s] Level 1:colcon.colcon_core.package_identification:_identify(figuras/demo_pva_gap/gifs) by extension 'python'
[0.328s] Level 1:colcon.colcon_core.package_identification:_identify(figuras/demo_pva_gap/gifs) by extensions ['python_setup_py']
[0.328s] Level 1:colcon.colcon_core.package_identification:_identify(figuras/demo_pva_gap/gifs) by extension 'python_setup_py'
[0.328s] Level 1:colcon.colcon_core.package_identification:_identify(figuras/demo_pva_gap/pva_evolution) by extensions ['ignore', 'ignore_ament_install']
[0.328s] Level 1:colcon.colcon_core.package_identification:_identify(figuras/demo_pva_gap/pva_evolution) by extension 'ignore'
[0.329s] Level 1:colcon.colcon_core.package_identification:_identify(figuras/demo_pva_gap/pva_evolution) by extension 'ignore_ament_install'
[0.329s] Level 1:colcon.colcon_core.package_identification:_identify(figuras/demo_pva_gap/pva_evolution) by extensions ['colcon_pkg']
[0.329s] Level 1:colcon.colcon_core.package_identification:_identify(figuras/demo_pva_gap/pva_evolution) by extension 'colcon_pkg'
[0.329s] Level 1:colcon.colcon_core.package_identification:_identify(figuras/demo_pva_gap/pva_evolution) by extensions ['colcon_meta']
[0.329s] Level 1:colcon.colcon_core.package_identification:_identify(figuras/demo_pva_gap/pva_evolution) by extension 'colcon_meta'
[0.329s] Level 1:colcon.colcon_core.package_identification:_identify(figuras/demo_pva_gap/pva_evolution) by extensions ['ros']
[0.329s] Level 1:colcon.colcon_core.package_identification:_identify(figuras/demo_pva_gap/pva_evolution) by extension 'ros'
[0.329s] Level 1:colcon.colcon_core.package_identification:_identify(figuras/demo_pva_gap/pva_evolution) by extensions ['cmake', 'python']
[0.329s] Level 1:colcon.colcon_core.package_identification:_identify(figuras/demo_pva_gap/pva_evolution) by extension 'cmake'
[0.329s] Level 1:colcon.colcon_core.package_identification:_identify(figuras/demo_pva_gap/pva_evolution) by extension 'python'
[0.329s] Level 1:colcon.colcon_core.package_identification:_identify(figuras/demo_pva_gap/pva_evolution) by extensions ['python_setup_py']
[0.329s] Level 1:colcon.colcon_core.package_identification:_identify(figuras/demo_pva_gap/pva_evolution) by extension 'python_setup_py'
[0.329s] Level 1:colcon.colcon_core.package_identification:_identify(figuras/demo_pva_gap/pva_evolution/frames) by extensions ['ignore', 'ignore_ament_install']
[0.329s] Level 1:colcon.colcon_core.package_identification:_identify(figuras/demo_pva_gap/pva_evolution/frames) by extension 'ignore'
[0.329s] Level 1:colcon.colcon_core.package_identification:_identify(figuras/demo_pva_gap/pva_evolution/frames) by extension 'ignore_ament_install'
[0.329s] Level 1:colcon.colcon_core.package_identification:_identify(figuras/demo_pva_gap/pva_evolution/frames) by extensions ['colcon_pkg']
[0.329s] Level 1:colcon.colcon_core.package_identification:_identify(figuras/demo_pva_gap/pva_evolution/frames) by extension 'colcon_pkg'
[0.329s] Level 1:colcon.colcon_core.package_identification:_identify(figuras/demo_pva_gap/pva_evolution/frames) by extensions ['colcon_meta']
[0.329s] Level 1:colcon.colcon_core.package_identification:_identify(figuras/demo_pva_gap/pva_evolution/frames) by extension 'colcon_meta'
[0.329s] Level 1:colcon.colcon_core.package_identification:_identify(figuras/demo_pva_gap/pva_evolution/frames) by extensions ['ros']
[0.329s] Level 1:colcon.colcon_core.package_identification:_identify(figuras/demo_pva_gap/pva_evolution/frames) by extension 'ros'
[0.329s] Level 1:colcon.colcon_core.package_identification:_identify(figuras/demo_pva_gap/pva_evolution/frames) by extensions ['cmake', 'python']
[0.329s] Level 1:colcon.colcon_core.package_identification:_identify(figuras/demo_pva_gap/pva_evolution/frames) by extension 'cmake'
[0.329s] Level 1:colcon.colcon_core.package_identification:_identify(figuras/demo_pva_gap/pva_evolution/frames) by extension 'python'
[0.330s] Level 1:colcon.colcon_core.package_identification:_identify(figuras/demo_pva_gap/pva_evolution/frames) by extensions ['python_setup_py']
[0.330s] Level 1:colcon.colcon_core.package_identification:_identify(figuras/demo_pva_gap/pva_evolution/frames) by extension 'python_setup_py'
[0.330s] Level 1:colcon.colcon_core.package_identification:_identify(figuras/demo_pva_gap/pva_evolution/gifs) by extensions ['ignore', 'ignore_ament_install']
[0.330s] Level 1:colcon.colcon_core.package_identification:_identify(figuras/demo_pva_gap/pva_evolution/gifs) by extension 'ignore'
[0.330s] Level 1:colcon.colcon_core.package_identification:_identify(figuras/demo_pva_gap/pva_evolution/gifs) by extension 'ignore_ament_install'
[0.330s] Level 1:colcon.colcon_core.package_identification:_identify(figuras/demo_pva_gap/pva_evolution/gifs) by extensions ['colcon_pkg']
[0.330s] Level 1:colcon.colcon_core.package_identification:_identify(figuras/demo_pva_gap/pva_evolution/gifs) by extension 'colcon_pkg'
[0.330s] Level 1:colcon.colcon_core.package_identification:_identify(figuras/demo_pva_gap/pva_evolution/gifs) by extensions ['colcon_meta']
[0.330s] Level 1:colcon.colcon_core.package_identification:_identify(figuras/demo_pva_gap/pva_evolution/gifs) by extension 'colcon_meta'
[0.330s] Level 1:colcon.colcon_core.package_identification:_identify(figuras/demo_pva_gap/pva_evolution/gifs) by extensions ['ros']
[0.330s] Level 1:colcon.colcon_core.package_identification:_identify(figuras/demo_pva_gap/pva_evolution/gifs) by extension 'ros'
[0.330s] Level 1:colcon.colcon_core.package_identification:_identify(figuras/demo_pva_gap/pva_evolution/gifs) by extensions ['cmake', 'python']
[0.330s] Level 1:colcon.colcon_core.package_identification:_identify(figuras/demo_pva_gap/pva_evolution/gifs) by extension 'cmake'
[0.330s] Level 1:colcon.colcon_core.package_identification:_identify(figuras/demo_pva_gap/pva_evolution/gifs) by extension 'python'
[0.330s] Level 1:colcon.colcon_core.package_identification:_identify(figuras/demo_pva_gap/pva_evolution/gifs) by extensions ['python_setup_py']
[0.330s] Level 1:colcon.colcon_core.package_identification:_identify(figuras/demo_pva_gap/pva_evolution/gifs) by extension 'python_setup_py'
[0.330s] Level 1:colcon.colcon_core.package_identification:_identify(figuras/formacion) by extensions ['ignore', 'ignore_ament_install']
[0.330s] Level 1:colcon.colcon_core.package_identification:_identify(figuras/formacion) by extension 'ignore'
[0.330s] Level 1:colcon.colcon_core.package_identification:_identify(figuras/formacion) by extension 'ignore_ament_install'
[0.330s] Level 1:colcon.colcon_core.package_identification:_identify(figuras/formacion) by extensions ['colcon_pkg']
[0.330s] Level 1:colcon.colcon_core.package_identification:_identify(figuras/formacion) by extension 'colcon_pkg'
[0.330s] Level 1:colcon.colcon_core.package_identification:_identify(figuras/formacion) by extensions ['colcon_meta']
[0.330s] Level 1:colcon.colcon_core.package_identification:_identify(figuras/formacion) by extension 'colcon_meta'
[0.330s] Level 1:colcon.colcon_core.package_identification:_identify(figuras/formacion) by extensions ['ros']
[0.330s] Level 1:colcon.colcon_core.package_identification:_identify(figuras/formacion) by extension 'ros'
[0.330s] Level 1:colcon.colcon_core.package_identification:_identify(figuras/formacion) by extensions ['cmake', 'python']
[0.330s] Level 1:colcon.colcon_core.package_identification:_identify(figuras/formacion) by extension 'cmake'
[0.330s] Level 1:colcon.colcon_core.package_identification:_identify(figuras/formacion) by extension 'python'
[0.331s] Level 1:colcon.colcon_core.package_identification:_identify(figuras/formacion) by extensions ['python_setup_py']
[0.331s] Level 1:colcon.colcon_core.package_identification:_identify(figuras/formacion) by extension 'python_setup_py'
[0.331s] Level 1:colcon.colcon_core.package_identification:_identify(figuras/latigazo) by extensions ['ignore', 'ignore_ament_install']
[0.331s] Level 1:colcon.colcon_core.package_identification:_identify(figuras/latigazo) by extension 'ignore'
[0.331s] Level 1:colcon.colcon_core.package_identification:_identify(figuras/latigazo) by extension 'ignore_ament_install'
[0.331s] Level 1:colcon.colcon_core.package_identification:_identify(figuras/latigazo) by extensions ['colcon_pkg']
[0.331s] Level 1:colcon.colcon_core.package_identification:_identify(figuras/latigazo) by extension 'colcon_pkg'
[0.331s] Level 1:colcon.colcon_core.package_identification:_identify(figuras/latigazo) by extensions ['colcon_meta']
[0.331s] Level 1:colcon.colcon_core.package_identification:_identify(figuras/latigazo) by extension 'colcon_meta'
[0.331s] Level 1:colcon.colcon_core.package_identification:_identify(figuras/latigazo) by extensions ['ros']
[0.331s] Level 1:colcon.colcon_core.package_identification:_identify(figuras/latigazo) by extension 'ros'
[0.331s] Level 1:colcon.colcon_core.package_identification:_identify(figuras/latigazo) by extensions ['cmake', 'python']
[0.331s] Level 1:colcon.colcon_core.package_identification:_identify(figuras/latigazo) by extension 'cmake'
[0.331s] Level 1:colcon.colcon_core.package_identification:_identify(figuras/latigazo) by extension 'python'
[0.331s] Level 1:colcon.colcon_core.package_identification:_identify(figuras/latigazo) by extensions ['python_setup_py']
[0.331s] Level 1:colcon.colcon_core.package_identification:_identify(figuras/latigazo) by extension 'python_setup_py'
[0.331s] Level 1:colcon.colcon_core.package_identification:_identify(figuras/latigazo/frames) by extensions ['ignore', 'ignore_ament_install']
[0.331s] Level 1:colcon.colcon_core.package_identification:_identify(figuras/latigazo/frames) by extension 'ignore'
[0.331s] Level 1:colcon.colcon_core.package_identification:_identify(figuras/latigazo/frames) by extension 'ignore_ament_install'
[0.332s] Level 1:colcon.colcon_core.package_identification:_identify(figuras/latigazo/frames) by extensions ['colcon_pkg']
[0.332s] Level 1:colcon.colcon_core.package_identification:_identify(figuras/latigazo/frames) by extension 'colcon_pkg'
[0.332s] Level 1:colcon.colcon_core.package_identification:_identify(figuras/latigazo/frames) by extensions ['colcon_meta']
[0.332s] Level 1:colcon.colcon_core.package_identification:_identify(figuras/latigazo/frames) by extension 'colcon_meta'
[0.332s] Level 1:colcon.colcon_core.package_identification:_identify(figuras/latigazo/frames) by extensions ['ros']
[0.332s] Level 1:colcon.colcon_core.package_identification:_identify(figuras/latigazo/frames) by extension 'ros'
[0.332s] Level 1:colcon.colcon_core.package_identification:_identify(figuras/latigazo/frames) by extensions ['cmake', 'python']
[0.332s] Level 1:colcon.colcon_core.package_identification:_identify(figuras/latigazo/frames) by extension 'cmake'
[0.332s] Level 1:colcon.colcon_core.package_identification:_identify(figuras/latigazo/frames) by extension 'python'
[0.332s] Level 1:colcon.colcon_core.package_identification:_identify(figuras/latigazo/frames) by extensions ['python_setup_py']
[0.332s] Level 1:colcon.colcon_core.package_identification:_identify(figuras/latigazo/frames) by extension 'python_setup_py'
[0.332s] Level 1:colcon.colcon_core.package_identification:_identify(figuras/latigazo/gifs) by extensions ['ignore', 'ignore_ament_install']
[0.332s] Level 1:colcon.colcon_core.package_identification:_identify(figuras/latigazo/gifs) by extension 'ignore'
[0.332s] Level 1:colcon.colcon_core.package_identification:_identify(figuras/latigazo/gifs) by extension 'ignore_ament_install'
[0.332s] Level 1:colcon.colcon_core.package_identification:_identify(figuras/latigazo/gifs) by extensions ['colcon_pkg']
[0.332s] Level 1:colcon.colcon_core.package_identification:_identify(figuras/latigazo/gifs) by extension 'colcon_pkg'
[0.332s] Level 1:colcon.colcon_core.package_identification:_identify(figuras/latigazo/gifs) by extensions ['colcon_meta']
[0.332s] Level 1:colcon.colcon_core.package_identification:_identify(figuras/latigazo/gifs) by extension 'colcon_meta'
[0.332s] Level 1:colcon.colcon_core.package_identification:_identify(figuras/latigazo/gifs) by extensions ['ros']
[0.332s] Level 1:colcon.colcon_core.package_identification:_identify(figuras/latigazo/gifs) by extension 'ros'
[0.332s] Level 1:colcon.colcon_core.package_identification:_identify(figuras/latigazo/gifs) by extensions ['cmake', 'python']
[0.332s] Level 1:colcon.colcon_core.package_identification:_identify(figuras/latigazo/gifs) by extension 'cmake'
[0.332s] Level 1:colcon.colcon_core.package_identification:_identify(figuras/latigazo/gifs) by extension 'python'
[0.332s] Level 1:colcon.colcon_core.package_identification:_identify(figuras/latigazo/gifs) by extensions ['python_setup_py']
[0.332s] Level 1:colcon.colcon_core.package_identification:_identify(figuras/latigazo/gifs) by extension 'python_setup_py'
[0.332s] Level 1:colcon.colcon_core.package_identification:_identify(figuras/vs_formacion) by extensions ['ignore', 'ignore_ament_install']
[0.332s] Level 1:colcon.colcon_core.package_identification:_identify(figuras/vs_formacion) by extension 'ignore'
[0.333s] Level 1:colcon.colcon_core.package_identification:_identify(figuras/vs_formacion) by extension 'ignore_ament_install'
[0.333s] Level 1:colcon.colcon_core.package_identification:_identify(figuras/vs_formacion) by extensions ['colcon_pkg']
[0.333s] Level 1:colcon.colcon_core.package_identification:_identify(figuras/vs_formacion) by extension 'colcon_pkg'
[0.333s] Level 1:colcon.colcon_core.package_identification:_identify(figuras/vs_formacion) by extensions ['colcon_meta']
[0.333s] Level 1:colcon.colcon_core.package_identification:_identify(figuras/vs_formacion) by extension 'colcon_meta'
[0.333s] Level 1:colcon.colcon_core.package_identification:_identify(figuras/vs_formacion) by extensions ['ros']
[0.333s] Level 1:colcon.colcon_core.package_identification:_identify(figuras/vs_formacion) by extension 'ros'
[0.333s] Level 1:colcon.colcon_core.package_identification:_identify(figuras/vs_formacion) by extensions ['cmake', 'python']
[0.333s] Level 1:colcon.colcon_core.package_identification:_identify(figuras/vs_formacion) by extension 'cmake'
[0.333s] Level 1:colcon.colcon_core.package_identification:_identify(figuras/vs_formacion) by extension 'python'
[0.333s] Level 1:colcon.colcon_core.package_identification:_identify(figuras/vs_formacion) by extensions ['python_setup_py']
[0.333s] Level 1:colcon.colcon_core.package_identification:_identify(figuras/vs_formacion) by extension 'python_setup_py'
[0.333s] Level 1:colcon.colcon_core.package_identification:_identify(figuras/vs_formacion/frames) by extensions ['ignore', 'ignore_ament_install']
[0.333s] Level 1:colcon.colcon_core.package_identification:_identify(figuras/vs_formacion/frames) by extension 'ignore'
[0.333s] Level 1:colcon.colcon_core.package_identification:_identify(figuras/vs_formacion/frames) by extension 'ignore_ament_install'
[0.333s] Level 1:colcon.colcon_core.package_identification:_identify(figuras/vs_formacion/frames) by extensions ['colcon_pkg']
[0.333s] Level 1:colcon.colcon_core.package_identification:_identify(figuras/vs_formacion/frames) by extension 'colcon_pkg'
[0.333s] Level 1:colcon.colcon_core.package_identification:_identify(figuras/vs_formacion/frames) by extensions ['colcon_meta']
[0.333s] Level 1:colcon.colcon_core.package_identification:_identify(figuras/vs_formacion/frames) by extension 'colcon_meta'
[0.333s] Level 1:colcon.colcon_core.package_identification:_identify(figuras/vs_formacion/frames) by extensions ['ros']
[0.333s] Level 1:colcon.colcon_core.package_identification:_identify(figuras/vs_formacion/frames) by extension 'ros'
[0.333s] Level 1:colcon.colcon_core.package_identification:_identify(figuras/vs_formacion/frames) by extensions ['cmake', 'python']
[0.333s] Level 1:colcon.colcon_core.package_identification:_identify(figuras/vs_formacion/frames) by extension 'cmake'
[0.333s] Level 1:colcon.colcon_core.package_identification:_identify(figuras/vs_formacion/frames) by extension 'python'
[0.333s] Level 1:colcon.colcon_core.package_identification:_identify(figuras/vs_formacion/frames) by extensions ['python_setup_py']
[0.333s] Level 1:colcon.colcon_core.package_identification:_identify(figuras/vs_formacion/frames) by extension 'python_setup_py'
[0.333s] Level 1:colcon.colcon_core.package_identification:_identify(figuras/vs_formacion/gifs) by extensions ['ignore', 'ignore_ament_install']
[0.334s] Level 1:colcon.colcon_core.package_identification:_identify(figuras/vs_formacion/gifs) by extension 'ignore'
[0.334s] Level 1:colcon.colcon_core.package_identification:_identify(figuras/vs_formacion/gifs) by extension 'ignore_ament_install'
[0.334s] Level 1:colcon.colcon_core.package_identification:_identify(figuras/vs_formacion/gifs) by extensions ['colcon_pkg']
[0.334s] Level 1:colcon.colcon_core.package_identification:_identify(figuras/vs_formacion/gifs) by extension 'colcon_pkg'
[0.334s] Level 1:colcon.colcon_core.package_identification:_identify(figuras/vs_formacion/gifs) by extensions ['colcon_meta']
[0.334s] Level 1:colcon.colcon_core.package_identification:_identify(figuras/vs_formacion/gifs) by extension 'colcon_meta'
[0.334s] Level 1:colcon.colcon_core.package_identification:_identify(figuras/vs_formacion/gifs) by extensions ['ros']
[0.334s] Level 1:colcon.colcon_core.package_identification:_identify(figuras/vs_formacion/gifs) by extension 'ros'
[0.334s] Level 1:colcon.colcon_core.package_identification:_identify(figuras/vs_formacion/gifs) by extensions ['cmake', 'python']
[0.334s] Level 1:colcon.colcon_core.package_identification:_identify(figuras/vs_formacion/gifs) by extension 'cmake'
[0.334s] Level 1:colcon.colcon_core.package_identification:_identify(figuras/vs_formacion/gifs) by extension 'python'
[0.334s] Level 1:colcon.colcon_core.package_identification:_identify(figuras/vs_formacion/gifs) by extensions ['python_setup_py']
[0.334s] Level 1:colcon.colcon_core.package_identification:_identify(figuras/vs_formacion/gifs) by extension 'python_setup_py'
[0.334s] Level 1:colcon.colcon_core.package_identification:_identify(figures_pva) by extensions ['ignore', 'ignore_ament_install']
[0.334s] Level 1:colcon.colcon_core.package_identification:_identify(figures_pva) by extension 'ignore'
[0.334s] Level 1:colcon.colcon_core.package_identification:_identify(figures_pva) by extension 'ignore_ament_install'
[0.334s] Level 1:colcon.colcon_core.package_identification:_identify(figures_pva) by extensions ['colcon_pkg']
[0.334s] Level 1:colcon.colcon_core.package_identification:_identify(figures_pva) by extension 'colcon_pkg'
[0.334s] Level 1:colcon.colcon_core.package_identification:_identify(figures_pva) by extensions ['colcon_meta']
[0.334s] Level 1:colcon.colcon_core.package_identification:_identify(figures_pva) by extension 'colcon_meta'
[0.334s] Level 1:colcon.colcon_core.package_identification:_identify(figures_pva) by extensions ['ros']
[0.334s] Level 1:colcon.colcon_core.package_identification:_identify(figures_pva) by extension 'ros'
[0.334s] Level 1:colcon.colcon_core.package_identification:_identify(figures_pva) by extensions ['cmake', 'python']
[0.334s] Level 1:colcon.colcon_core.package_identification:_identify(figures_pva) by extension 'cmake'
[0.334s] Level 1:colcon.colcon_core.package_identification:_identify(figures_pva) by extension 'python'
[0.334s] Level 1:colcon.colcon_core.package_identification:_identify(figures_pva) by extensions ['python_setup_py']
[0.334s] Level 1:colcon.colcon_core.package_identification:_identify(figures_pva) by extension 'python_setup_py'
[0.334s] Level 1:colcon.colcon_core.package_identification:_identify(install) by extensions ['ignore', 'ignore_ament_install']
[0.334s] Level 1:colcon.colcon_core.package_identification:_identify(install) by extension 'ignore'
[0.334s] Level 1:colcon.colcon_core.package_identification:_identify(install) ignored
[0.335s] Level 1:colcon.colcon_core.package_identification:_identify(log) by extensions ['ignore', 'ignore_ament_install']
[0.335s] Level 1:colcon.colcon_core.package_identification:_identify(log) by extension 'ignore'
[0.335s] Level 1:colcon.colcon_core.package_identification:_identify(log) ignored
[0.335s] Level 1:colcon.colcon_core.package_identification:_identify(src) by extensions ['ignore', 'ignore_ament_install']
[0.335s] Level 1:colcon.colcon_core.package_identification:_identify(src) by extension 'ignore'
[0.335s] Level 1:colcon.colcon_core.package_identification:_identify(src) by extension 'ignore_ament_install'
[0.335s] Level 1:colcon.colcon_core.package_identification:_identify(src) by extensions ['colcon_pkg']
[0.335s] Level 1:colcon.colcon_core.package_identification:_identify(src) by extension 'colcon_pkg'
[0.335s] Level 1:colcon.colcon_core.package_identification:_identify(src) by extensions ['colcon_meta']
[0.335s] Level 1:colcon.colcon_core.package_identification:_identify(src) by extension 'colcon_meta'
[0.335s] Level 1:colcon.colcon_core.package_identification:_identify(src) by extensions ['ros']
[0.335s] Level 1:colcon.colcon_core.package_identification:_identify(src) by extension 'ros'
[0.335s] Level 1:colcon.colcon_core.package_identification:_identify(src) by extensions ['cmake', 'python']
[0.335s] Level 1:colcon.colcon_core.package_identification:_identify(src) by extension 'cmake'
[0.335s] Level 1:colcon.colcon_core.package_identification:_identify(src) by extension 'python'
[0.335s] Level 1:colcon.colcon_core.package_identification:_identify(src) by extensions ['python_setup_py']
[0.335s] Level 1:colcon.colcon_core.package_identification:_identify(src) by extension 'python_setup_py'
[0.335s] Level 1:colcon.colcon_core.package_identification:_identify(src/articubot_one) by extensions ['ignore', 'ignore_ament_install']
[0.336s] Level 1:colcon.colcon_core.package_identification:_identify(src/articubot_one) by extension 'ignore'
[0.336s] Level 1:colcon.colcon_core.package_identification:_identify(src/articubot_one) by extension 'ignore_ament_install'
[0.336s] Level 1:colcon.colcon_core.package_identification:_identify(src/articubot_one) by extensions ['colcon_pkg']
[0.336s] Level 1:colcon.colcon_core.package_identification:_identify(src/articubot_one) by extension 'colcon_pkg'
[0.336s] Level 1:colcon.colcon_core.package_identification:_identify(src/articubot_one) by extensions ['colcon_meta']
[0.336s] Level 1:colcon.colcon_core.package_identification:_identify(src/articubot_one) by extension 'colcon_meta'
[0.336s] Level 1:colcon.colcon_core.package_identification:_identify(src/articubot_one) by extensions ['ros']
[0.336s] Level 1:colcon.colcon_core.package_identification:_identify(src/articubot_one) by extension 'ros'
[0.338s] DEBUG:colcon.colcon_core.package_identification:Package 'src/articubot_one' with type 'ros.ament_cmake' and name 'articubot_one'
[0.338s] Level 1:colcon.colcon_core.package_identification:_identify(src/control_nodes) by extensions ['ignore', 'ignore_ament_install']
[0.338s] Level 1:colcon.colcon_core.package_identification:_identify(src/control_nodes) by extension 'ignore'
[0.338s] Level 1:colcon.colcon_core.package_identification:_identify(src/control_nodes) by extension 'ignore_ament_install'
[0.338s] Level 1:colcon.colcon_core.package_identification:_identify(src/control_nodes) by extensions ['colcon_pkg']
[0.338s] Level 1:colcon.colcon_core.package_identification:_identify(src/control_nodes) by extension 'colcon_pkg'
[0.338s] Level 1:colcon.colcon_core.package_identification:_identify(src/control_nodes) by extensions ['colcon_meta']
[0.338s] Level 1:colcon.colcon_core.package_identification:_identify(src/control_nodes) by extension 'colcon_meta'
[0.338s] Level 1:colcon.colcon_core.package_identification:_identify(src/control_nodes) by extensions ['ros']
[0.338s] Level 1:colcon.colcon_core.package_identification:_identify(src/control_nodes) by extension 'ros'
[0.339s] DEBUG:colcon.colcon_core.package_identification:Package 'src/control_nodes' with type 'ros.ament_python' and name 'control_nodes'
[0.339s] Level 1:colcon.colcon_core.package_identification:_identify(src/multi_robot_interfaces) by extensions ['ignore', 'ignore_ament_install']
[0.339s] Level 1:colcon.colcon_core.package_identification:_identify(src/multi_robot_interfaces) by extension 'ignore'
[0.339s] Level 1:colcon.colcon_core.package_identification:_identify(src/multi_robot_interfaces) by extension 'ignore_ament_install'
[0.339s] Level 1:colcon.colcon_core.package_identification:_identify(src/multi_robot_interfaces) by extensions ['colcon_pkg']
[0.339s] Level 1:colcon.colcon_core.package_identification:_identify(src/multi_robot_interfaces) by extension 'colcon_pkg'
[0.339s] Level 1:colcon.colcon_core.package_identification:_identify(src/multi_robot_interfaces) by extensions ['colcon_meta']
[0.339s] Level 1:colcon.colcon_core.package_identification:_identify(src/multi_robot_interfaces) by extension 'colcon_meta'
[0.339s] Level 1:colcon.colcon_core.package_identification:_identify(src/multi_robot_interfaces) by extensions ['ros']
[0.339s] Level 1:colcon.colcon_core.package_identification:_identify(src/multi_robot_interfaces) by extension 'ros'
[0.340s] DEBUG:colcon.colcon_core.package_identification:Package 'src/multi_robot_interfaces' with type 'ros.ament_cmake' and name 'multi_robot_interfaces'
[0.340s] Level 1:colcon.colcon_core.package_identification:_identify(src/simulador) by extensions ['ignore', 'ignore_ament_install']
[0.340s] Level 1:colcon.colcon_core.package_identification:_identify(src/simulador) by extension 'ignore'
[0.340s] Level 1:colcon.colcon_core.package_identification:_identify(src/simulador) by extension 'ignore_ament_install'
[0.340s] Level 1:colcon.colcon_core.package_identification:_identify(src/simulador) by extensions ['colcon_pkg']
[0.340s] Level 1:colcon.colcon_core.package_identification:_identify(src/simulador) by extension 'colcon_pkg'
[0.340s] Level 1:colcon.colcon_core.package_identification:_identify(src/simulador) by extensions ['colcon_meta']
[0.340s] Level 1:colcon.colcon_core.package_identification:_identify(src/simulador) by extension 'colcon_meta'
[0.340s] Level 1:colcon.colcon_core.package_identification:_identify(src/simulador) by extensions ['ros']
[0.340s] Level 1:colcon.colcon_core.package_identification:_identify(src/simulador) by extension 'ros'
[0.340s] DEBUG:colcon.colcon_core.package_identification:Package 'src/simulador' with type 'ros.ament_python' and name 'simulador'
[0.341s] Level 1:colcon.colcon_core.package_identification:_identify(ws3_p) by extensions ['ignore', 'ignore_ament_install']
[0.341s] Level 1:colcon.colcon_core.package_identification:_identify(ws3_p) by extension 'ignore'
[0.341s] Level 1:colcon.colcon_core.package_identification:_identify(ws3_p) by extension 'ignore_ament_install'
[0.341s] Level 1:colcon.colcon_core.package_identification:_identify(ws3_p) by extensions ['colcon_pkg']
[0.341s] Level 1:colcon.colcon_core.package_identification:_identify(ws3_p) by extension 'colcon_pkg'
[0.341s] Level 1:colcon.colcon_core.package_identification:_identify(ws3_p) by extensions ['colcon_meta']
[0.341s] Level 1:colcon.colcon_core.package_identification:_identify(ws3_p) by extension 'colcon_meta'
[0.341s] Level 1:colcon.colcon_core.package_identification:_identify(ws3_p) by extensions ['ros']
[0.341s] Level 1:colcon.colcon_core.package_identification:_identify(ws3_p) by extension 'ros'
[0.341s] Level 1:colcon.colcon_core.package_identification:_identify(ws3_p) by extensions ['cmake', 'python']
[0.341s] Level 1:colcon.colcon_core.package_identification:_identify(ws3_p) by extension 'cmake'
[0.341s] Level 1:colcon.colcon_core.package_identification:_identify(ws3_p) by extension 'python'
[0.341s] Level 1:colcon.colcon_core.package_identification:_identify(ws3_p) by extensions ['python_setup_py']
[0.341s] Level 1:colcon.colcon_core.package_identification:_identify(ws3_p) by extension 'python_setup_py'
[0.341s] Level 1:colcon.colcon_core.package_identification:_identify(ws3_p/algorithms) by extensions ['ignore', 'ignore_ament_install']
[0.341s] Level 1:colcon.colcon_core.package_identification:_identify(ws3_p/algorithms) by extension 'ignore'
[0.341s] Level 1:colcon.colcon_core.package_identification:_identify(ws3_p/algorithms) by extension 'ignore_ament_install'
[0.341s] Level 1:colcon.colcon_core.package_identification:_identify(ws3_p/algorithms) by extensions ['colcon_pkg']
[0.341s] Level 1:colcon.colcon_core.package_identification:_identify(ws3_p/algorithms) by extension 'colcon_pkg'
[0.341s] Level 1:colcon.colcon_core.package_identification:_identify(ws3_p/algorithms) by extensions ['colcon_meta']
[0.341s] Level 1:colcon.colcon_core.package_identification:_identify(ws3_p/algorithms) by extension 'colcon_meta'
[0.341s] Level 1:colcon.colcon_core.package_identification:_identify(ws3_p/algorithms) by extensions ['ros']
[0.341s] Level 1:colcon.colcon_core.package_identification:_identify(ws3_p/algorithms) by extension 'ros'
[0.341s] Level 1:colcon.colcon_core.package_identification:_identify(ws3_p/algorithms) by extensions ['cmake', 'python']
[0.341s] Level 1:colcon.colcon_core.package_identification:_identify(ws3_p/algorithms) by extension 'cmake'
[0.341s] Level 1:colcon.colcon_core.package_identification:_identify(ws3_p/algorithms) by extension 'python'
[0.342s] Level 1:colcon.colcon_core.package_identification:_identify(ws3_p/algorithms) by extensions ['python_setup_py']
[0.342s] Level 1:colcon.colcon_core.package_identification:_identify(ws3_p/algorithms) by extension 'python_setup_py'
[0.342s] Level 1:colcon.colcon_core.package_identification:_identify(ws3_p/algorithms/__pycache__) by extensions ['ignore', 'ignore_ament_install']
[0.342s] Level 1:colcon.colcon_core.package_identification:_identify(ws3_p/algorithms/__pycache__) by extension 'ignore'
[0.342s] Level 1:colcon.colcon_core.package_identification:_identify(ws3_p/algorithms/__pycache__) by extension 'ignore_ament_install'
[0.342s] Level 1:colcon.colcon_core.package_identification:_identify(ws3_p/algorithms/__pycache__) by extensions ['colcon_pkg']
[0.342s] Level 1:colcon.colcon_core.package_identification:_identify(ws3_p/algorithms/__pycache__) by extension 'colcon_pkg'
[0.342s] Level 1:colcon.colcon_core.package_identification:_identify(ws3_p/algorithms/__pycache__) by extensions ['colcon_meta']
[0.342s] Level 1:colcon.colcon_core.package_identification:_identify(ws3_p/algorithms/__pycache__) by extension 'colcon_meta'
[0.342s] Level 1:colcon.colcon_core.package_identification:_identify(ws3_p/algorithms/__pycache__) by extensions ['ros']
[0.342s] Level 1:colcon.colcon_core.package_identification:_identify(ws3_p/algorithms/__pycache__) by extension 'ros'
[0.342s] Level 1:colcon.colcon_core.package_identification:_identify(ws3_p/algorithms/__pycache__) by extensions ['cmake', 'python']
[0.342s] Level 1:colcon.colcon_core.package_identification:_identify(ws3_p/algorithms/__pycache__) by extension 'cmake'
[0.342s] Level 1:colcon.colcon_core.package_identification:_identify(ws3_p/algorithms/__pycache__) by extension 'python'
[0.342s] Level 1:colcon.colcon_core.package_identification:_identify(ws3_p/algorithms/__pycache__) by extensions ['python_setup_py']
[0.342s] Level 1:colcon.colcon_core.package_identification:_identify(ws3_p/algorithms/__pycache__) by extension 'python_setup_py'
[0.342s] Level 1:colcon.colcon_core.package_identification:_identify(ws3_p/figuras) by extensions ['ignore', 'ignore_ament_install']
[0.342s] Level 1:colcon.colcon_core.package_identification:_identify(ws3_p/figuras) by extension 'ignore'
[0.342s] Level 1:colcon.colcon_core.package_identification:_identify(ws3_p/figuras) by extension 'ignore_ament_install'
[0.342s] Level 1:colcon.colcon_core.package_identification:_identify(ws3_p/figuras) by extensions ['colcon_pkg']
[0.342s] Level 1:colcon.colcon_core.package_identification:_identify(ws3_p/figuras) by extension 'colcon_pkg'
[0.342s] Level 1:colcon.colcon_core.package_identification:_identify(ws3_p/figuras) by extensions ['colcon_meta']
[0.342s] Level 1:colcon.colcon_core.package_identification:_identify(ws3_p/figuras) by extension 'colcon_meta'
[0.342s] Level 1:colcon.colcon_core.package_identification:_identify(ws3_p/figuras) by extensions ['ros']
[0.342s] Level 1:colcon.colcon_core.package_identification:_identify(ws3_p/figuras) by extension 'ros'
[0.342s] Level 1:colcon.colcon_core.package_identification:_identify(ws3_p/figuras) by extensions ['cmake', 'python']
[0.343s] Level 1:colcon.colcon_core.package_identification:_identify(ws3_p/figuras) by extension 'cmake'
[0.343s] Level 1:colcon.colcon_core.package_identification:_identify(ws3_p/figuras) by extension 'python'
[0.343s] Level 1:colcon.colcon_core.package_identification:_identify(ws3_p/figuras) by extensions ['python_setup_py']
[0.343s] Level 1:colcon.colcon_core.package_identification:_identify(ws3_p/figuras) by extension 'python_setup_py'
[0.343s] Level 1:colcon.colcon_core.package_identification:_identify(ws3_p/figuras/s02b_radio_scan) by extensions ['ignore', 'ignore_ament_install']
[0.343s] Level 1:colcon.colcon_core.package_identification:_identify(ws3_p/figuras/s02b_radio_scan) by extension 'ignore'
[0.343s] Level 1:colcon.colcon_core.package_identification:_identify(ws3_p/figuras/s02b_radio_scan) by extension 'ignore_ament_install'
[0.343s] Level 1:colcon.colcon_core.package_identification:_identify(ws3_p/figuras/s02b_radio_scan) by extensions ['colcon_pkg']
[0.343s] Level 1:colcon.colcon_core.package_identification:_identify(ws3_p/figuras/s02b_radio_scan) by extension 'colcon_pkg'
[0.343s] Level 1:colcon.colcon_core.package_identification:_identify(ws3_p/figuras/s02b_radio_scan) by extensions ['colcon_meta']
[0.343s] Level 1:colcon.colcon_core.package_identification:_identify(ws3_p/figuras/s02b_radio_scan) by extension 'colcon_meta'
[0.343s] Level 1:colcon.colcon_core.package_identification:_identify(ws3_p/figuras/s02b_radio_scan) by extensions ['ros']
[0.343s] Level 1:colcon.colcon_core.package_identification:_identify(ws3_p/figuras/s02b_radio_scan) by extension 'ros'
[0.343s] Level 1:colcon.colcon_core.package_identification:_identify(ws3_p/figuras/s02b_radio_scan) by extensions ['cmake', 'python']
[0.343s] Level 1:colcon.colcon_core.package_identification:_identify(ws3_p/figuras/s02b_radio_scan) by extension 'cmake'
[0.343s] Level 1:colcon.colcon_core.package_identification:_identify(ws3_p/figuras/s02b_radio_scan) by extension 'python'
[0.343s] Level 1:colcon.colcon_core.package_identification:_identify(ws3_p/figuras/s02b_radio_scan) by extensions ['python_setup_py']
[0.343s] Level 1:colcon.colcon_core.package_identification:_identify(ws3_p/figuras/s02b_radio_scan) by extension 'python_setup_py'
[0.343s] Level 1:colcon.colcon_core.package_identification:_identify(ws3_p/figuras/s03_pivot_90) by extensions ['ignore', 'ignore_ament_install']
[0.343s] Level 1:colcon.colcon_core.package_identification:_identify(ws3_p/figuras/s03_pivot_90) by extension 'ignore'
[0.343s] Level 1:colcon.colcon_core.package_identification:_identify(ws3_p/figuras/s03_pivot_90) by extension 'ignore_ament_install'
[0.343s] Level 1:colcon.colcon_core.package_identification:_identify(ws3_p/figuras/s03_pivot_90) by extensions ['colcon_pkg']
[0.343s] Level 1:colcon.colcon_core.package_identification:_identify(ws3_p/figuras/s03_pivot_90) by extension 'colcon_pkg'
[0.343s] Level 1:colcon.colcon_core.package_identification:_identify(ws3_p/figuras/s03_pivot_90) by extensions ['colcon_meta']
[0.343s] Level 1:colcon.colcon_core.package_identification:_identify(ws3_p/figuras/s03_pivot_90) by extension 'colcon_meta'
[0.344s] Level 1:colcon.colcon_core.package_identification:_identify(ws3_p/figuras/s03_pivot_90) by extensions ['ros']
[0.344s] Level 1:colcon.colcon_core.package_identification:_identify(ws3_p/figuras/s03_pivot_90) by extension 'ros'
[0.344s] Level 1:colcon.colcon_core.package_identification:_identify(ws3_p/figuras/s03_pivot_90) by extensions ['cmake', 'python']
[0.344s] Level 1:colcon.colcon_core.package_identification:_identify(ws3_p/figuras/s03_pivot_90) by extension 'cmake'
[0.344s] Level 1:colcon.colcon_core.package_identification:_identify(ws3_p/figuras/s03_pivot_90) by extension 'python'
[0.344s] Level 1:colcon.colcon_core.package_identification:_identify(ws3_p/figuras/s03_pivot_90) by extensions ['python_setup_py']
[0.344s] Level 1:colcon.colcon_core.package_identification:_identify(ws3_p/figuras/s03_pivot_90) by extension 'python_setup_py'
[0.344s] Level 1:colcon.colcon_core.package_identification:_identify(ws3_p/figuras/s03_scan) by extensions ['ignore', 'ignore_ament_install']
[0.344s] Level 1:colcon.colcon_core.package_identification:_identify(ws3_p/figuras/s03_scan) by extension 'ignore'
[0.344s] Level 1:colcon.colcon_core.package_identification:_identify(ws3_p/figuras/s03_scan) by extension 'ignore_ament_install'
[0.344s] Level 1:colcon.colcon_core.package_identification:_identify(ws3_p/figuras/s03_scan) by extensions ['colcon_pkg']
[0.344s] Level 1:colcon.colcon_core.package_identification:_identify(ws3_p/figuras/s03_scan) by extension 'colcon_pkg'
[0.344s] Level 1:colcon.colcon_core.package_identification:_identify(ws3_p/figuras/s03_scan) by extensions ['colcon_meta']
[0.344s] Level 1:colcon.colcon_core.package_identification:_identify(ws3_p/figuras/s03_scan) by extension 'colcon_meta'
[0.344s] Level 1:colcon.colcon_core.package_identification:_identify(ws3_p/figuras/s03_scan) by extensions ['ros']
[0.344s] Level 1:colcon.colcon_core.package_identification:_identify(ws3_p/figuras/s03_scan) by extension 'ros'
[0.344s] Level 1:colcon.colcon_core.package_identification:_identify(ws3_p/figuras/s03_scan) by extensions ['cmake', 'python']
[0.344s] Level 1:colcon.colcon_core.package_identification:_identify(ws3_p/figuras/s03_scan) by extension 'cmake'
[0.344s] Level 1:colcon.colcon_core.package_identification:_identify(ws3_p/figuras/s03_scan) by extension 'python'
[0.344s] Level 1:colcon.colcon_core.package_identification:_identify(ws3_p/figuras/s03_scan) by extensions ['python_setup_py']
[0.344s] Level 1:colcon.colcon_core.package_identification:_identify(ws3_p/figuras/s03_scan) by extension 'python_setup_py'
[0.344s] Level 1:colcon.colcon_core.package_identification:_identify(ws3_p/figuras/s04_circulo_pivote) by extensions ['ignore', 'ignore_ament_install']
[0.344s] Level 1:colcon.colcon_core.package_identification:_identify(ws3_p/figuras/s04_circulo_pivote) by extension 'ignore'
[0.344s] Level 1:colcon.colcon_core.package_identification:_identify(ws3_p/figuras/s04_circulo_pivote) by extension 'ignore_ament_install'
[0.344s] Level 1:colcon.colcon_core.package_identification:_identify(ws3_p/figuras/s04_circulo_pivote) by extensions ['colcon_pkg']
[0.344s] Level 1:colcon.colcon_core.package_identification:_identify(ws3_p/figuras/s04_circulo_pivote) by extension 'colcon_pkg'
[0.344s] Level 1:colcon.colcon_core.package_identification:_identify(ws3_p/figuras/s04_circulo_pivote) by extensions ['colcon_meta']
[0.344s] Level 1:colcon.colcon_core.package_identification:_identify(ws3_p/figuras/s04_circulo_pivote) by extension 'colcon_meta'
[0.344s] Level 1:colcon.colcon_core.package_identification:_identify(ws3_p/figuras/s04_circulo_pivote) by extensions ['ros']
[0.344s] Level 1:colcon.colcon_core.package_identification:_identify(ws3_p/figuras/s04_circulo_pivote) by extension 'ros'
[0.345s] Level 1:colcon.colcon_core.package_identification:_identify(ws3_p/figuras/s04_circulo_pivote) by extensions ['cmake', 'python']
[0.345s] Level 1:colcon.colcon_core.package_identification:_identify(ws3_p/figuras/s04_circulo_pivote) by extension 'cmake'
[0.345s] Level 1:colcon.colcon_core.package_identification:_identify(ws3_p/figuras/s04_circulo_pivote) by extension 'python'
[0.345s] Level 1:colcon.colcon_core.package_identification:_identify(ws3_p/figuras/s04_circulo_pivote) by extensions ['python_setup_py']
[0.345s] Level 1:colcon.colcon_core.package_identification:_identify(ws3_p/figuras/s04_circulo_pivote) by extension 'python_setup_py'
[0.345s] Level 1:colcon.colcon_core.package_identification:_identify(ws3_p/figuras/s05_circulo) by extensions ['ignore', 'ignore_ament_install']
[0.345s] Level 1:colcon.colcon_core.package_identification:_identify(ws3_p/figuras/s05_circulo) by extension 'ignore'
[0.345s] Level 1:colcon.colcon_core.package_identification:_identify(ws3_p/figuras/s05_circulo) by extension 'ignore_ament_install'
[0.345s] Level 1:colcon.colcon_core.package_identification:_identify(ws3_p/figuras/s05_circulo) by extensions ['colcon_pkg']
[0.345s] Level 1:colcon.colcon_core.package_identification:_identify(ws3_p/figuras/s05_circulo) by extension 'colcon_pkg'
[0.345s] Level 1:colcon.colcon_core.package_identification:_identify(ws3_p/figuras/s05_circulo) by extensions ['colcon_meta']
[0.345s] Level 1:colcon.colcon_core.package_identification:_identify(ws3_p/figuras/s05_circulo) by extension 'colcon_meta'
[0.345s] Level 1:colcon.colcon_core.package_identification:_identify(ws3_p/figuras/s05_circulo) by extensions ['ros']
[0.345s] Level 1:colcon.colcon_core.package_identification:_identify(ws3_p/figuras/s05_circulo) by extension 'ros'
[0.345s] Level 1:colcon.colcon_core.package_identification:_identify(ws3_p/figuras/s05_circulo) by extensions ['cmake', 'python']
[0.345s] Level 1:colcon.colcon_core.package_identification:_identify(ws3_p/figuras/s05_circulo) by extension 'cmake'
[0.345s] Level 1:colcon.colcon_core.package_identification:_identify(ws3_p/figuras/s05_circulo) by extension 'python'
[0.345s] Level 1:colcon.colcon_core.package_identification:_identify(ws3_p/figuras/s05_circulo) by extensions ['python_setup_py']
[0.345s] Level 1:colcon.colcon_core.package_identification:_identify(ws3_p/figuras/s05_circulo) by extension 'python_setup_py'
[0.345s] Level 1:colcon.colcon_core.package_identification:_identify(ws3_p/figuras/s05_formacion_inicial) by extensions ['ignore', 'ignore_ament_install']
[0.345s] Level 1:colcon.colcon_core.package_identification:_identify(ws3_p/figuras/s05_formacion_inicial) by extension 'ignore'
[0.345s] Level 1:colcon.colcon_core.package_identification:_identify(ws3_p/figuras/s05_formacion_inicial) by extension 'ignore_ament_install'
[0.345s] Level 1:colcon.colcon_core.package_identification:_identify(ws3_p/figuras/s05_formacion_inicial) by extensions ['colcon_pkg']
[0.345s] Level 1:colcon.colcon_core.package_identification:_identify(ws3_p/figuras/s05_formacion_inicial) by extension 'colcon_pkg'
[0.345s] Level 1:colcon.colcon_core.package_identification:_identify(ws3_p/figuras/s05_formacion_inicial) by extensions ['colcon_meta']
[0.345s] Level 1:colcon.colcon_core.package_identification:_identify(ws3_p/figuras/s05_formacion_inicial) by extension 'colcon_meta'
[0.345s] Level 1:colcon.colcon_core.package_identification:_identify(ws3_p/figuras/s05_formacion_inicial) by extensions ['ros']
[0.345s] Level 1:colcon.colcon_core.package_identification:_identify(ws3_p/figuras/s05_formacion_inicial) by extension 'ros'
[0.345s] Level 1:colcon.colcon_core.package_identification:_identify(ws3_p/figuras/s05_formacion_inicial) by extensions ['cmake', 'python']
[0.345s] Level 1:colcon.colcon_core.package_identification:_identify(ws3_p/figuras/s05_formacion_inicial) by extension 'cmake'
[0.346s] Level 1:colcon.colcon_core.package_identification:_identify(ws3_p/figuras/s05_formacion_inicial) by extension 'python'
[0.346s] Level 1:colcon.colcon_core.package_identification:_identify(ws3_p/figuras/s05_formacion_inicial) by extensions ['python_setup_py']
[0.346s] Level 1:colcon.colcon_core.package_identification:_identify(ws3_p/figuras/s05_formacion_inicial) by extension 'python_setup_py'
[0.346s] Level 1:colcon.colcon_core.package_identification:_identify(ws3_p/robots) by extensions ['ignore', 'ignore_ament_install']
[0.346s] Level 1:colcon.colcon_core.package_identification:_identify(ws3_p/robots) by extension 'ignore'
[0.346s] Level 1:colcon.colcon_core.package_identification:_identify(ws3_p/robots) by extension 'ignore_ament_install'
[0.346s] Level 1:colcon.colcon_core.package_identification:_identify(ws3_p/robots) by extensions ['colcon_pkg']
[0.346s] Level 1:colcon.colcon_core.package_identification:_identify(ws3_p/robots) by extension 'colcon_pkg'
[0.346s] Level 1:colcon.colcon_core.package_identification:_identify(ws3_p/robots) by extensions ['colcon_meta']
[0.346s] Level 1:colcon.colcon_core.package_identification:_identify(ws3_p/robots) by extension 'colcon_meta'
[0.346s] Level 1:colcon.colcon_core.package_identification:_identify(ws3_p/robots) by extensions ['ros']
[0.346s] Level 1:colcon.colcon_core.package_identification:_identify(ws3_p/robots) by extension 'ros'
[0.346s] Level 1:colcon.colcon_core.package_identification:_identify(ws3_p/robots) by extensions ['cmake', 'python']
[0.346s] Level 1:colcon.colcon_core.package_identification:_identify(ws3_p/robots) by extension 'cmake'
[0.346s] Level 1:colcon.colcon_core.package_identification:_identify(ws3_p/robots) by extension 'python'
[0.346s] Level 1:colcon.colcon_core.package_identification:_identify(ws3_p/robots) by extensions ['python_setup_py']
[0.346s] Level 1:colcon.colcon_core.package_identification:_identify(ws3_p/robots) by extension 'python_setup_py'
[0.346s] Level 1:colcon.colcon_core.package_identification:_identify(ws3_p/robots/__pycache__) by extensions ['ignore', 'ignore_ament_install']
[0.346s] Level 1:colcon.colcon_core.package_identification:_identify(ws3_p/robots/__pycache__) by extension 'ignore'
[0.346s] Level 1:colcon.colcon_core.package_identification:_identify(ws3_p/robots/__pycache__) by extension 'ignore_ament_install'
[0.346s] Level 1:colcon.colcon_core.package_identification:_identify(ws3_p/robots/__pycache__) by extensions ['colcon_pkg']
[0.346s] Level 1:colcon.colcon_core.package_identification:_identify(ws3_p/robots/__pycache__) by extension 'colcon_pkg'
[0.346s] Level 1:colcon.colcon_core.package_identification:_identify(ws3_p/robots/__pycache__) by extensions ['colcon_meta']
[0.346s] Level 1:colcon.colcon_core.package_identification:_identify(ws3_p/robots/__pycache__) by extension 'colcon_meta'
[0.346s] Level 1:colcon.colcon_core.package_identification:_identify(ws3_p/robots/__pycache__) by extensions ['ros']
[0.346s] Level 1:colcon.colcon_core.package_identification:_identify(ws3_p/robots/__pycache__) by extension 'ros'
[0.346s] Level 1:colcon.colcon_core.package_identification:_identify(ws3_p/robots/__pycache__) by extensions ['cmake', 'python']
[0.346s] Level 1:colcon.colcon_core.package_identification:_identify(ws3_p/robots/__pycache__) by extension 'cmake'
[0.346s] Level 1:colcon.colcon_core.package_identification:_identify(ws3_p/robots/__pycache__) by extension 'python'
[0.347s] Level 1:colcon.colcon_core.package_identification:_identify(ws3_p/robots/__pycache__) by extensions ['python_setup_py']
[0.347s] Level 1:colcon.colcon_core.package_identification:_identify(ws3_p/robots/__pycache__) by extension 'python_setup_py'
[0.347s] Level 1:colcon.colcon_core.package_identification:_identify(ws3_p/scenarios) by extensions ['ignore', 'ignore_ament_install']
[0.347s] Level 1:colcon.colcon_core.package_identification:_identify(ws3_p/scenarios) by extension 'ignore'
[0.347s] Level 1:colcon.colcon_core.package_identification:_identify(ws3_p/scenarios) by extension 'ignore_ament_install'
[0.347s] Level 1:colcon.colcon_core.package_identification:_identify(ws3_p/scenarios) by extensions ['colcon_pkg']
[0.347s] Level 1:colcon.colcon_core.package_identification:_identify(ws3_p/scenarios) by extension 'colcon_pkg'
[0.347s] Level 1:colcon.colcon_core.package_identification:_identify(ws3_p/scenarios) by extensions ['colcon_meta']
[0.347s] Level 1:colcon.colcon_core.package_identification:_identify(ws3_p/scenarios) by extension 'colcon_meta'
[0.347s] Level 1:colcon.colcon_core.package_identification:_identify(ws3_p/scenarios) by extensions ['ros']
[0.347s] Level 1:colcon.colcon_core.package_identification:_identify(ws3_p/scenarios) by extension 'ros'
[0.347s] Level 1:colcon.colcon_core.package_identification:_identify(ws3_p/scenarios) by extensions ['cmake', 'python']
[0.347s] Level 1:colcon.colcon_core.package_identification:_identify(ws3_p/scenarios) by extension 'cmake'
[0.347s] Level 1:colcon.colcon_core.package_identification:_identify(ws3_p/scenarios) by extension 'python'
[0.347s] Level 1:colcon.colcon_core.package_identification:_identify(ws3_p/scenarios) by extensions ['python_setup_py']
[0.347s] Level 1:colcon.colcon_core.package_identification:_identify(ws3_p/scenarios) by extension 'python_setup_py'
[0.347s] Level 1:colcon.colcon_core.package_identification:_identify(ws3_p/sim) by extensions ['ignore', 'ignore_ament_install']
[0.347s] Level 1:colcon.colcon_core.package_identification:_identify(ws3_p/sim) by extension 'ignore'
[0.347s] Level 1:colcon.colcon_core.package_identification:_identify(ws3_p/sim) by extension 'ignore_ament_install'
[0.347s] Level 1:colcon.colcon_core.package_identification:_identify(ws3_p/sim) by extensions ['colcon_pkg']
[0.347s] Level 1:colcon.colcon_core.package_identification:_identify(ws3_p/sim) by extension 'colcon_pkg'
[0.347s] Level 1:colcon.colcon_core.package_identification:_identify(ws3_p/sim) by extensions ['colcon_meta']
[0.347s] Level 1:colcon.colcon_core.package_identification:_identify(ws3_p/sim) by extension 'colcon_meta'
[0.347s] Level 1:colcon.colcon_core.package_identification:_identify(ws3_p/sim) by extensions ['ros']
[0.347s] Level 1:colcon.colcon_core.package_identification:_identify(ws3_p/sim) by extension 'ros'
[0.347s] Level 1:colcon.colcon_core.package_identification:_identify(ws3_p/sim) by extensions ['cmake', 'python']
[0.347s] Level 1:colcon.colcon_core.package_identification:_identify(ws3_p/sim) by extension 'cmake'
[0.348s] Level 1:colcon.colcon_core.package_identification:_identify(ws3_p/sim) by extension 'python'
[0.348s] Level 1:colcon.colcon_core.package_identification:_identify(ws3_p/sim) by extensions ['python_setup_py']
[0.348s] Level 1:colcon.colcon_core.package_identification:_identify(ws3_p/sim) by extension 'python_setup_py'
[0.348s] Level 1:colcon.colcon_core.package_identification:_identify(ws3_p/sim/__pycache__) by extensions ['ignore', 'ignore_ament_install']
[0.348s] Level 1:colcon.colcon_core.package_identification:_identify(ws3_p/sim/__pycache__) by extension 'ignore'
[0.348s] Level 1:colcon.colcon_core.package_identification:_identify(ws3_p/sim/__pycache__) by extension 'ignore_ament_install'
[0.348s] Level 1:colcon.colcon_core.package_identification:_identify(ws3_p/sim/__pycache__) by extensions ['colcon_pkg']
[0.348s] Level 1:colcon.colcon_core.package_identification:_identify(ws3_p/sim/__pycache__) by extension 'colcon_pkg'
[0.348s] Level 1:colcon.colcon_core.package_identification:_identify(ws3_p/sim/__pycache__) by extensions ['colcon_meta']
[0.348s] Level 1:colcon.colcon_core.package_identification:_identify(ws3_p/sim/__pycache__) by extension 'colcon_meta'
[0.348s] Level 1:colcon.colcon_core.package_identification:_identify(ws3_p/sim/__pycache__) by extensions ['ros']
[0.348s] Level 1:colcon.colcon_core.package_identification:_identify(ws3_p/sim/__pycache__) by extension 'ros'
[0.348s] Level 1:colcon.colcon_core.package_identification:_identify(ws3_p/sim/__pycache__) by extensions ['cmake', 'python']
[0.348s] Level 1:colcon.colcon_core.package_identification:_identify(ws3_p/sim/__pycache__) by extension 'cmake'
[0.348s] Level 1:colcon.colcon_core.package_identification:_identify(ws3_p/sim/__pycache__) by extension 'python'
[0.348s] Level 1:colcon.colcon_core.package_identification:_identify(ws3_p/sim/__pycache__) by extensions ['python_setup_py']
[0.348s] Level 1:colcon.colcon_core.package_identification:_identify(ws3_p/sim/__pycache__) by extension 'python_setup_py'
[0.348s] Level 1:colcon.colcon_core.package_identification:_identify(ws3_p/viz) by extensions ['ignore', 'ignore_ament_install']
[0.348s] Level 1:colcon.colcon_core.package_identification:_identify(ws3_p/viz) by extension 'ignore'
[0.348s] Level 1:colcon.colcon_core.package_identification:_identify(ws3_p/viz) by extension 'ignore_ament_install'
[0.348s] Level 1:colcon.colcon_core.package_identification:_identify(ws3_p/viz) by extensions ['colcon_pkg']
[0.348s] Level 1:colcon.colcon_core.package_identification:_identify(ws3_p/viz) by extension 'colcon_pkg'
[0.348s] Level 1:colcon.colcon_core.package_identification:_identify(ws3_p/viz) by extensions ['colcon_meta']
[0.348s] Level 1:colcon.colcon_core.package_identification:_identify(ws3_p/viz) by extension 'colcon_meta'
[0.348s] Level 1:colcon.colcon_core.package_identification:_identify(ws3_p/viz) by extensions ['ros']
[0.348s] Level 1:colcon.colcon_core.package_identification:_identify(ws3_p/viz) by extension 'ros'
[0.348s] Level 1:colcon.colcon_core.package_identification:_identify(ws3_p/viz) by extensions ['cmake', 'python']
[0.348s] Level 1:colcon.colcon_core.package_identification:_identify(ws3_p/viz) by extension 'cmake'
[0.348s] Level 1:colcon.colcon_core.package_identification:_identify(ws3_p/viz) by extension 'python'
[0.349s] Level 1:colcon.colcon_core.package_identification:_identify(ws3_p/viz) by extensions ['python_setup_py']
[0.349s] Level 1:colcon.colcon_core.package_identification:_identify(ws3_p/viz) by extension 'python_setup_py'
[0.349s] Level 1:colcon.colcon_core.package_identification:_identify(ws3_p/viz/__pycache__) by extensions ['ignore', 'ignore_ament_install']
[0.349s] Level 1:colcon.colcon_core.package_identification:_identify(ws3_p/viz/__pycache__) by extension 'ignore'
[0.349s] Level 1:colcon.colcon_core.package_identification:_identify(ws3_p/viz/__pycache__) by extension 'ignore_ament_install'
[0.349s] Level 1:colcon.colcon_core.package_identification:_identify(ws3_p/viz/__pycache__) by extensions ['colcon_pkg']
[0.349s] Level 1:colcon.colcon_core.package_identification:_identify(ws3_p/viz/__pycache__) by extension 'colcon_pkg'
[0.349s] Level 1:colcon.colcon_core.package_identification:_identify(ws3_p/viz/__pycache__) by extensions ['colcon_meta']
[0.349s] Level 1:colcon.colcon_core.package_identification:_identify(ws3_p/viz/__pycache__) by extension 'colcon_meta'
[0.349s] Level 1:colcon.colcon_core.package_identification:_identify(ws3_p/viz/__pycache__) by extensions ['ros']
[0.349s] Level 1:colcon.colcon_core.package_identification:_identify(ws3_p/viz/__pycache__) by extension 'ros'
[0.349s] Level 1:colcon.colcon_core.package_identification:_identify(ws3_p/viz/__pycache__) by extensions ['cmake', 'python']
[0.349s] Level 1:colcon.colcon_core.package_identification:_identify(ws3_p/viz/__pycache__) by extension 'cmake'
[0.349s] Level 1:colcon.colcon_core.package_identification:_identify(ws3_p/viz/__pycache__) by extension 'python'
[0.349s] Level 1:colcon.colcon_core.package_identification:_identify(ws3_p/viz/__pycache__) by extensions ['python_setup_py']
[0.349s] Level 1:colcon.colcon_core.package_identification:_identify(ws3_p/viz/__pycache__) by extension 'python_setup_py'
[0.349s] Level 1:colcon.colcon_core.package_identification:_identify(ws3_vs_old) by extensions ['ignore', 'ignore_ament_install']
[0.349s] Level 1:colcon.colcon_core.package_identification:_identify(ws3_vs_old) by extension 'ignore'
[0.349s] Level 1:colcon.colcon_core.package_identification:_identify(ws3_vs_old) by extension 'ignore_ament_install'
[0.349s] Level 1:colcon.colcon_core.package_identification:_identify(ws3_vs_old) by extensions ['colcon_pkg']
[0.349s] Level 1:colcon.colcon_core.package_identification:_identify(ws3_vs_old) by extension 'colcon_pkg'
[0.349s] Level 1:colcon.colcon_core.package_identification:_identify(ws3_vs_old) by extensions ['colcon_meta']
[0.349s] Level 1:colcon.colcon_core.package_identification:_identify(ws3_vs_old) by extension 'colcon_meta'
[0.349s] Level 1:colcon.colcon_core.package_identification:_identify(ws3_vs_old) by extensions ['ros']
[0.349s] Level 1:colcon.colcon_core.package_identification:_identify(ws3_vs_old) by extension 'ros'
[0.349s] Level 1:colcon.colcon_core.package_identification:_identify(ws3_vs_old) by extensions ['cmake', 'python']
[0.349s] Level 1:colcon.colcon_core.package_identification:_identify(ws3_vs_old) by extension 'cmake'
[0.349s] Level 1:colcon.colcon_core.package_identification:_identify(ws3_vs_old) by extension 'python'
[0.349s] Level 1:colcon.colcon_core.package_identification:_identify(ws3_vs_old) by extensions ['python_setup_py']
[0.349s] Level 1:colcon.colcon_core.package_identification:_identify(ws3_vs_old) by extension 'python_setup_py'
[0.349s] Level 1:colcon.colcon_core.package_identification:_identify(ws3_vs_old/Control-Formation-87bcac39b869ba6de4fc819c89404e4c8f48964e) by extensions ['ignore', 'ignore_ament_install']
[0.350s] Level 1:colcon.colcon_core.package_identification:_identify(ws3_vs_old/Control-Formation-87bcac39b869ba6de4fc819c89404e4c8f48964e) by extension 'ignore'
[0.350s] Level 1:colcon.colcon_core.package_identification:_identify(ws3_vs_old/Control-Formation-87bcac39b869ba6de4fc819c89404e4c8f48964e) by extension 'ignore_ament_install'
[0.350s] Level 1:colcon.colcon_core.package_identification:_identify(ws3_vs_old/Control-Formation-87bcac39b869ba6de4fc819c89404e4c8f48964e) by extensions ['colcon_pkg']
[0.350s] Level 1:colcon.colcon_core.package_identification:_identify(ws3_vs_old/Control-Formation-87bcac39b869ba6de4fc819c89404e4c8f48964e) by extension 'colcon_pkg'
[0.350s] Level 1:colcon.colcon_core.package_identification:_identify(ws3_vs_old/Control-Formation-87bcac39b869ba6de4fc819c89404e4c8f48964e) by extensions ['colcon_meta']
[0.350s] Level 1:colcon.colcon_core.package_identification:_identify(ws3_vs_old/Control-Formation-87bcac39b869ba6de4fc819c89404e4c8f48964e) by extension 'colcon_meta'
[0.350s] Level 1:colcon.colcon_core.package_identification:_identify(ws3_vs_old/Control-Formation-87bcac39b869ba6de4fc819c89404e4c8f48964e) by extensions ['ros']
[0.350s] Level 1:colcon.colcon_core.package_identification:_identify(ws3_vs_old/Control-Formation-87bcac39b869ba6de4fc819c89404e4c8f48964e) by extension 'ros'
[0.350s] Level 1:colcon.colcon_core.package_identification:_identify(ws3_vs_old/Control-Formation-87bcac39b869ba6de4fc819c89404e4c8f48964e) by extensions ['cmake', 'python']
[0.350s] Level 1:colcon.colcon_core.package_identification:_identify(ws3_vs_old/Control-Formation-87bcac39b869ba6de4fc819c89404e4c8f48964e) by extension 'cmake'
[0.350s] Level 1:colcon.colcon_core.package_identification:_identify(ws3_vs_old/Control-Formation-87bcac39b869ba6de4fc819c89404e4c8f48964e) by extension 'python'
[0.350s] Level 1:colcon.colcon_core.package_identification:_identify(ws3_vs_old/Control-Formation-87bcac39b869ba6de4fc819c89404e4c8f48964e) by extensions ['python_setup_py']
[0.350s] Level 1:colcon.colcon_core.package_identification:_identify(ws3_vs_old/Control-Formation-87bcac39b869ba6de4fc819c89404e4c8f48964e) by extension 'python_setup_py'
[0.350s] Level 1:colcon.colcon_core.package_identification:_identify(ws3_vs_old/Control-Formation-87bcac39b869ba6de4fc819c89404e4c8f48964e/build) by extensions ['ignore', 'ignore_ament_install']
[0.350s] Level 1:colcon.colcon_core.package_identification:_identify(ws3_vs_old/Control-Formation-87bcac39b869ba6de4fc819c89404e4c8f48964e/build) by extension 'ignore'
[0.350s] Level 1:colcon.colcon_core.package_identification:_identify(ws3_vs_old/Control-Formation-87bcac39b869ba6de4fc819c89404e4c8f48964e/build) ignored
[0.350s] Level 1:colcon.colcon_core.package_identification:_identify(ws3_vs_old/Control-Formation-87bcac39b869ba6de4fc819c89404e4c8f48964e/documentacion) by extensions ['ignore', 'ignore_ament_install']
[0.350s] Level 1:colcon.colcon_core.package_identification:_identify(ws3_vs_old/Control-Formation-87bcac39b869ba6de4fc819c89404e4c8f48964e/documentacion) by extension 'ignore'
[0.350s] Level 1:colcon.colcon_core.package_identification:_identify(ws3_vs_old/Control-Formation-87bcac39b869ba6de4fc819c89404e4c8f48964e/documentacion) by extension 'ignore_ament_install'
[0.350s] Level 1:colcon.colcon_core.package_identification:_identify(ws3_vs_old/Control-Formation-87bcac39b869ba6de4fc819c89404e4c8f48964e/documentacion) by extensions ['colcon_pkg']
[0.350s] Level 1:colcon.colcon_core.package_identification:_identify(ws3_vs_old/Control-Formation-87bcac39b869ba6de4fc819c89404e4c8f48964e/documentacion) by extension 'colcon_pkg'
[0.350s] Level 1:colcon.colcon_core.package_identification:_identify(ws3_vs_old/Control-Formation-87bcac39b869ba6de4fc819c89404e4c8f48964e/documentacion) by extensions ['colcon_meta']
[0.350s] Level 1:colcon.colcon_core.package_identification:_identify(ws3_vs_old/Control-Formation-87bcac39b869ba6de4fc819c89404e4c8f48964e/documentacion) by extension 'colcon_meta'
[0.350s] Level 1:colcon.colcon_core.package_identification:_identify(ws3_vs_old/Control-Formation-87bcac39b869ba6de4fc819c89404e4c8f48964e/documentacion) by extensions ['ros']
[0.350s] Level 1:colcon.colcon_core.package_identification:_identify(ws3_vs_old/Control-Formation-87bcac39b869ba6de4fc819c89404e4c8f48964e/documentacion) by extension 'ros'
[0.350s] Level 1:colcon.colcon_core.package_identification:_identify(ws3_vs_old/Control-Formation-87bcac39b869ba6de4fc819c89404e4c8f48964e/documentacion) by extensions ['cmake', 'python']
[0.350s] Level 1:colcon.colcon_core.package_identification:_identify(ws3_vs_old/Control-Formation-87bcac39b869ba6de4fc819c89404e4c8f48964e/documentacion) by extension 'cmake'
[0.350s] Level 1:colcon.colcon_core.package_identification:_identify(ws3_vs_old/Control-Formation-87bcac39b869ba6de4fc819c89404e4c8f48964e/documentacion) by extension 'python'
[0.350s] Level 1:colcon.colcon_core.package_identification:_identify(ws3_vs_old/Control-Formation-87bcac39b869ba6de4fc819c89404e4c8f48964e/documentacion) by extensions ['python_setup_py']
[0.350s] Level 1:colcon.colcon_core.package_identification:_identify(ws3_vs_old/Control-Formation-87bcac39b869ba6de4fc819c89404e4c8f48964e/documentacion) by extension 'python_setup_py'
[0.350s] Level 1:colcon.colcon_core.package_identification:_identify(ws3_vs_old/Control-Formation-87bcac39b869ba6de4fc819c89404e4c8f48964e/documentacion/docs) by extensions ['ignore', 'ignore_ament_install']
[0.351s] Level 1:colcon.colcon_core.package_identification:_identify(ws3_vs_old/Control-Formation-87bcac39b869ba6de4fc819c89404e4c8f48964e/documentacion/docs) by extension 'ignore'
[0.351s] Level 1:colcon.colcon_core.package_identification:_identify(ws3_vs_old/Control-Formation-87bcac39b869ba6de4fc819c89404e4c8f48964e/documentacion/docs) by extension 'ignore_ament_install'
[0.351s] Level 1:colcon.colcon_core.package_identification:_identify(ws3_vs_old/Control-Formation-87bcac39b869ba6de4fc819c89404e4c8f48964e/documentacion/docs) by extensions ['colcon_pkg']
[0.351s] Level 1:colcon.colcon_core.package_identification:_identify(ws3_vs_old/Control-Formation-87bcac39b869ba6de4fc819c89404e4c8f48964e/documentacion/docs) by extension 'colcon_pkg'
[0.351s] Level 1:colcon.colcon_core.package_identification:_identify(ws3_vs_old/Control-Formation-87bcac39b869ba6de4fc819c89404e4c8f48964e/documentacion/docs) by extensions ['colcon_meta']
[0.351s] Level 1:colcon.colcon_core.package_identification:_identify(ws3_vs_old/Control-Formation-87bcac39b869ba6de4fc819c89404e4c8f48964e/documentacion/docs) by extension 'colcon_meta'
[0.351s] Level 1:colcon.colcon_core.package_identification:_identify(ws3_vs_old/Control-Formation-87bcac39b869ba6de4fc819c89404e4c8f48964e/documentacion/docs) by extensions ['ros']
[0.351s] Level 1:colcon.colcon_core.package_identification:_identify(ws3_vs_old/Control-Formation-87bcac39b869ba6de4fc819c89404e4c8f48964e/documentacion/docs) by extension 'ros'
[0.351s] Level 1:colcon.colcon_core.package_identification:_identify(ws3_vs_old/Control-Formation-87bcac39b869ba6de4fc819c89404e4c8f48964e/documentacion/docs) by extensions ['cmake', 'python']
[0.351s] Level 1:colcon.colcon_core.package_identification:_identify(ws3_vs_old/Control-Formation-87bcac39b869ba6de4fc819c89404e4c8f48964e/documentacion/docs) by extension 'cmake'
[0.351s] Level 1:colcon.colcon_core.package_identification:_identify(ws3_vs_old/Control-Formation-87bcac39b869ba6de4fc819c89404e4c8f48964e/documentacion/docs) by extension 'python'
[0.351s] Level 1:colcon.colcon_core.package_identification:_identify(ws3_vs_old/Control-Formation-87bcac39b869ba6de4fc819c89404e4c8f48964e/documentacion/docs) by extensions ['python_setup_py']
[0.351s] Level 1:colcon.colcon_core.package_identification:_identify(ws3_vs_old/Control-Formation-87bcac39b869ba6de4fc819c89404e4c8f48964e/documentacion/docs) by extension 'python_setup_py'
[0.351s] Level 1:colcon.colcon_core.package_identification:_identify(ws3_vs_old/Control-Formation-87bcac39b869ba6de4fc819c89404e4c8f48964e/documentacion/docs/composicion_launch) by extensions ['ignore', 'ignore_ament_install']
[0.351s] Level 1:colcon.colcon_core.package_identification:_identify(ws3_vs_old/Control-Formation-87bcac39b869ba6de4fc819c89404e4c8f48964e/documentacion/docs/composicion_launch) by extension 'ignore'
[0.351s] Level 1:colcon.colcon_core.package_identification:_identify(ws3_vs_old/Control-Formation-87bcac39b869ba6de4fc819c89404e4c8f48964e/documentacion/docs/composicion_launch) by extension 'ignore_ament_install'
[0.351s] Level 1:colcon.colcon_core.package_identification:_identify(ws3_vs_old/Control-Formation-87bcac39b869ba6de4fc819c89404e4c8f48964e/documentacion/docs/composicion_launch) by extensions ['colcon_pkg']
[0.351s] Level 1:colcon.colcon_core.package_identification:_identify(ws3_vs_old/Control-Formation-87bcac39b869ba6de4fc819c89404e4c8f48964e/documentacion/docs/composicion_launch) by extension 'colcon_pkg'
[0.351s] Level 1:colcon.colcon_core.package_identification:_identify(ws3_vs_old/Control-Formation-87bcac39b869ba6de4fc819c89404e4c8f48964e/documentacion/docs/composicion_launch) by extensions ['colcon_meta']
[0.351s] Level 1:colcon.colcon_core.package_identification:_identify(ws3_vs_old/Control-Formation-87bcac39b869ba6de4fc819c89404e4c8f48964e/documentacion/docs/composicion_launch) by extension 'colcon_meta'
[0.351s] Level 1:colcon.colcon_core.package_identification:_identify(ws3_vs_old/Control-Formation-87bcac39b869ba6de4fc819c89404e4c8f48964e/documentacion/docs/composicion_launch) by extensions ['ros']
[0.351s] Level 1:colcon.colcon_core.package_identification:_identify(ws3_vs_old/Control-Formation-87bcac39b869ba6de4fc819c89404e4c8f48964e/documentacion/docs/composicion_launch) by extension 'ros'
[0.351s] Level 1:colcon.colcon_core.package_identification:_identify(ws3_vs_old/Control-Formation-87bcac39b869ba6de4fc819c89404e4c8f48964e/documentacion/docs/composicion_launch) by extensions ['cmake', 'python']
[0.351s] Level 1:colcon.colcon_core.package_identification:_identify(ws3_vs_old/Control-Formation-87bcac39b869ba6de4fc819c89404e4c8f48964e/documentacion/docs/composicion_launch) by extension 'cmake'
[0.351s] Level 1:colcon.colcon_core.package_identification:_identify(ws3_vs_old/Control-Formation-87bcac39b869ba6de4fc819c89404e4c8f48964e/documentacion/docs/composicion_launch) by extension 'python'
[0.352s] Level 1:colcon.colcon_core.package_identification:_identify(ws3_vs_old/Control-Formation-87bcac39b869ba6de4fc819c89404e4c8f48964e/documentacion/docs/composicion_launch) by extensions ['python_setup_py']
[0.352s] Level 1:colcon.colcon_core.package_identification:_identify(ws3_vs_old/Control-Formation-87bcac39b869ba6de4fc819c89404e4c8f48964e/documentacion/docs/composicion_launch) by extension 'python_setup_py'
[0.352s] Level 1:colcon.colcon_core.package_identification:_identify(ws3_vs_old/Control-Formation-87bcac39b869ba6de4fc819c89404e4c8f48964e/documentacion/docs/composicion_launch/Codes) by extensions ['ignore', 'ignore_ament_install']
[0.352s] Level 1:colcon.colcon_core.package_identification:_identify(ws3_vs_old/Control-Formation-87bcac39b869ba6de4fc819c89404e4c8f48964e/documentacion/docs/composicion_launch/Codes) by extension 'ignore'
[0.352s] Level 1:colcon.colcon_core.package_identification:_identify(ws3_vs_old/Control-Formation-87bcac39b869ba6de4fc819c89404e4c8f48964e/documentacion/docs/composicion_launch/Codes) by extension 'ignore_ament_install'
[0.352s] Level 1:colcon.colcon_core.package_identification:_identify(ws3_vs_old/Control-Formation-87bcac39b869ba6de4fc819c89404e4c8f48964e/documentacion/docs/composicion_launch/Codes) by extensions ['colcon_pkg']
[0.352s] Level 1:colcon.colcon_core.package_identification:_identify(ws3_vs_old/Control-Formation-87bcac39b869ba6de4fc819c89404e4c8f48964e/documentacion/docs/composicion_launch/Codes) by extension 'colcon_pkg'
[0.352s] Level 1:colcon.colcon_core.package_identification:_identify(ws3_vs_old/Control-Formation-87bcac39b869ba6de4fc819c89404e4c8f48964e/documentacion/docs/composicion_launch/Codes) by extensions ['colcon_meta']
[0.352s] Level 1:colcon.colcon_core.package_identification:_identify(ws3_vs_old/Control-Formation-87bcac39b869ba6de4fc819c89404e4c8f48964e/documentacion/docs/composicion_launch/Codes) by extension 'colcon_meta'
[0.352s] Level 1:colcon.colcon_core.package_identification:_identify(ws3_vs_old/Control-Formation-87bcac39b869ba6de4fc819c89404e4c8f48964e/documentacion/docs/composicion_launch/Codes) by extensions ['ros']
[0.352s] Level 1:colcon.colcon_core.package_identification:_identify(ws3_vs_old/Control-Formation-87bcac39b869ba6de4fc819c89404e4c8f48964e/documentacion/docs/composicion_launch/Codes) by extension 'ros'
[0.352s] Level 1:colcon.colcon_core.package_identification:_identify(ws3_vs_old/Control-Formation-87bcac39b869ba6de4fc819c89404e4c8f48964e/documentacion/docs/composicion_launch/Codes) by extensions ['cmake', 'python']
[0.352s] Level 1:colcon.colcon_core.package_identification:_identify(ws3_vs_old/Control-Formation-87bcac39b869ba6de4fc819c89404e4c8f48964e/documentacion/docs/composicion_launch/Codes) by extension 'cmake'
[0.352s] Level 1:colcon.colcon_core.package_identification:_identify(ws3_vs_old/Control-Formation-87bcac39b869ba6de4fc819c89404e4c8f48964e/documentacion/docs/composicion_launch/Codes) by extension 'python'
[0.352s] Level 1:colcon.colcon_core.package_identification:_identify(ws3_vs_old/Control-Formation-87bcac39b869ba6de4fc819c89404e4c8f48964e/documentacion/docs/composicion_launch/Codes) by extensions ['python_setup_py']
[0.352s] Level 1:colcon.colcon_core.package_identification:_identify(ws3_vs_old/Control-Formation-87bcac39b869ba6de4fc819c89404e4c8f48964e/documentacion/docs/composicion_launch/Codes) by extension 'python_setup_py'
[0.352s] Level 1:colcon.colcon_core.package_identification:_identify(ws3_vs_old/Control-Formation-87bcac39b869ba6de4fc819c89404e4c8f48964e/documentacion/docs/composicion_launch/Sections) by extensions ['ignore', 'ignore_ament_install']
[0.352s] Level 1:colcon.colcon_core.package_identification:_identify(ws3_vs_old/Control-Formation-87bcac39b869ba6de4fc819c89404e4c8f48964e/documentacion/docs/composicion_launch/Sections) by extension 'ignore'
[0.352s] Level 1:colcon.colcon_core.package_identification:_identify(ws3_vs_old/Control-Formation-87bcac39b869ba6de4fc819c89404e4c8f48964e/documentacion/docs/composicion_launch/Sections) by extension 'ignore_ament_install'
[0.352s] Level 1:colcon.colcon_core.package_identification:_identify(ws3_vs_old/Control-Formation-87bcac39b869ba6de4fc819c89404e4c8f48964e/documentacion/docs/composicion_launch/Sections) by extensions ['colcon_pkg']
[0.352s] Level 1:colcon.colcon_core.package_identification:_identify(ws3_vs_old/Control-Formation-87bcac39b869ba6de4fc819c89404e4c8f48964e/documentacion/docs/composicion_launch/Sections) by extension 'colcon_pkg'
[0.352s] Level 1:colcon.colcon_core.package_identification:_identify(ws3_vs_old/Control-Formation-87bcac39b869ba6de4fc819c89404e4c8f48964e/documentacion/docs/composicion_launch/Sections) by extensions ['colcon_meta']
[0.352s] Level 1:colcon.colcon_core.package_identification:_identify(ws3_vs_old/Control-Formation-87bcac39b869ba6de4fc819c89404e4c8f48964e/documentacion/docs/composicion_launch/Sections) by extension 'colcon_meta'
[0.352s] Level 1:colcon.colcon_core.package_identification:_identify(ws3_vs_old/Control-Formation-87bcac39b869ba6de4fc819c89404e4c8f48964e/documentacion/docs/composicion_launch/Sections) by extensions ['ros']
[0.353s] Level 1:colcon.colcon_core.package_identification:_identify(ws3_vs_old/Control-Formation-87bcac39b869ba6de4fc819c89404e4c8f48964e/documentacion/docs/composicion_launch/Sections) by extension 'ros'
[0.353s] Level 1:colcon.colcon_core.package_identification:_identify(ws3_vs_old/Control-Formation-87bcac39b869ba6de4fc819c89404e4c8f48964e/documentacion/docs/composicion_launch/Sections) by extensions ['cmake', 'python']
[0.353s] Level 1:colcon.colcon_core.package_identification:_identify(ws3_vs_old/Control-Formation-87bcac39b869ba6de4fc819c89404e4c8f48964e/documentacion/docs/composicion_launch/Sections) by extension 'cmake'
[0.353s] Level 1:colcon.colcon_core.package_identification:_identify(ws3_vs_old/Control-Formation-87bcac39b869ba6de4fc819c89404e4c8f48964e/documentacion/docs/composicion_launch/Sections) by extension 'python'
[0.353s] Level 1:colcon.colcon_core.package_identification:_identify(ws3_vs_old/Control-Formation-87bcac39b869ba6de4fc819c89404e4c8f48964e/documentacion/docs/composicion_launch/Sections) by extensions ['python_setup_py']
[0.353s] Level 1:colcon.colcon_core.package_identification:_identify(ws3_vs_old/Control-Formation-87bcac39b869ba6de4fc819c89404e4c8f48964e/documentacion/docs/composicion_launch/Sections) by extension 'python_setup_py'
[0.353s] Level 1:colcon.colcon_core.package_identification:_identify(ws3_vs_old/Control-Formation-87bcac39b869ba6de4fc819c89404e4c8f48964e/documentacion/docs/congreso_template) by extensions ['ignore', 'ignore_ament_install']
[0.353s] Level 1:colcon.colcon_core.package_identification:_identify(ws3_vs_old/Control-Formation-87bcac39b869ba6de4fc819c89404e4c8f48964e/documentacion/docs/congreso_template) by extension 'ignore'
[0.353s] Level 1:colcon.colcon_core.package_identification:_identify(ws3_vs_old/Control-Formation-87bcac39b869ba6de4fc819c89404e4c8f48964e/documentacion/docs/congreso_template) by extension 'ignore_ament_install'
[0.353s] Level 1:colcon.colcon_core.package_identification:_identify(ws3_vs_old/Control-Formation-87bcac39b869ba6de4fc819c89404e4c8f48964e/documentacion/docs/congreso_template) by extensions ['colcon_pkg']
[0.353s] Level 1:colcon.colcon_core.package_identification:_identify(ws3_vs_old/Control-Formation-87bcac39b869ba6de4fc819c89404e4c8f48964e/documentacion/docs/congreso_template) by extension 'colcon_pkg'
[0.353s] Level 1:colcon.colcon_core.package_identification:_identify(ws3_vs_old/Control-Formation-87bcac39b869ba6de4fc819c89404e4c8f48964e/documentacion/docs/congreso_template) by extensions ['colcon_meta']
[0.353s] Level 1:colcon.colcon_core.package_identification:_identify(ws3_vs_old/Control-Formation-87bcac39b869ba6de4fc819c89404e4c8f48964e/documentacion/docs/congreso_template) by extension 'colcon_meta'
[0.353s] Level 1:colcon.colcon_core.package_identification:_identify(ws3_vs_old/Control-Formation-87bcac39b869ba6de4fc819c89404e4c8f48964e/documentacion/docs/congreso_template) by extensions ['ros']
[0.353s] Level 1:colcon.colcon_core.package_identification:_identify(ws3_vs_old/Control-Formation-87bcac39b869ba6de4fc819c89404e4c8f48964e/documentacion/docs/congreso_template) by extension 'ros'
[0.353s] Level 1:colcon.colcon_core.package_identification:_identify(ws3_vs_old/Control-Formation-87bcac39b869ba6de4fc819c89404e4c8f48964e/documentacion/docs/congreso_template) by extensions ['cmake', 'python']
[0.353s] Level 1:colcon.colcon_core.package_identification:_identify(ws3_vs_old/Control-Formation-87bcac39b869ba6de4fc819c89404e4c8f48964e/documentacion/docs/congreso_template) by extension 'cmake'
[0.353s] Level 1:colcon.colcon_core.package_identification:_identify(ws3_vs_old/Control-Formation-87bcac39b869ba6de4fc819c89404e4c8f48964e/documentacion/docs/congreso_template) by extension 'python'
[0.353s] Level 1:colcon.colcon_core.package_identification:_identify(ws3_vs_old/Control-Formation-87bcac39b869ba6de4fc819c89404e4c8f48964e/documentacion/docs/congreso_template) by extensions ['python_setup_py']
[0.353s] Level 1:colcon.colcon_core.package_identification:_identify(ws3_vs_old/Control-Formation-87bcac39b869ba6de4fc819c89404e4c8f48964e/documentacion/docs/congreso_template) by extension 'python_setup_py'
[0.353s] Level 1:colcon.colcon_core.package_identification:_identify(ws3_vs_old/Control-Formation-87bcac39b869ba6de4fc819c89404e4c8f48964e/documentacion/docs/congreso_template/Pics) by extensions ['ignore', 'ignore_ament_install']
[0.353s] Level 1:colcon.colcon_core.package_identification:_identify(ws3_vs_old/Control-Formation-87bcac39b869ba6de4fc819c89404e4c8f48964e/documentacion/docs/congreso_template/Pics) by extension 'ignore'
[0.353s] Level 1:colcon.colcon_core.package_identification:_identify(ws3_vs_old/Control-Formation-87bcac39b869ba6de4fc819c89404e4c8f48964e/documentacion/docs/congreso_template/Pics) by extension 'ignore_ament_install'
[0.353s] Level 1:colcon.colcon_core.package_identification:_identify(ws3_vs_old/Control-Formation-87bcac39b869ba6de4fc819c89404e4c8f48964e/documentacion/docs/congreso_template/Pics) by extensions ['colcon_pkg']
[0.353s] Level 1:colcon.colcon_core.package_identification:_identify(ws3_vs_old/Control-Formation-87bcac39b869ba6de4fc819c89404e4c8f48964e/documentacion/docs/congreso_template/Pics) by extension 'colcon_pkg'
[0.353s] Level 1:colcon.colcon_core.package_identification:_identify(ws3_vs_old/Control-Formation-87bcac39b869ba6de4fc819c89404e4c8f48964e/documentacion/docs/congreso_template/Pics) by extensions ['colcon_meta']
[0.353s] Level 1:colcon.colcon_core.package_identification:_identify(ws3_vs_old/Control-Formation-87bcac39b869ba6de4fc819c89404e4c8f48964e/documentacion/docs/congreso_template/Pics) by extension 'colcon_meta'
[0.354s] Level 1:colcon.colcon_core.package_identification:_identify(ws3_vs_old/Control-Formation-87bcac39b869ba6de4fc819c89404e4c8f48964e/documentacion/docs/congreso_template/Pics) by extensions ['ros']
[0.354s] Level 1:colcon.colcon_core.package_identification:_identify(ws3_vs_old/Control-Formation-87bcac39b869ba6de4fc819c89404e4c8f48964e/documentacion/docs/congreso_template/Pics) by extension 'ros'
[0.354s] Level 1:colcon.colcon_core.package_identification:_identify(ws3_vs_old/Control-Formation-87bcac39b869ba6de4fc819c89404e4c8f48964e/documentacion/docs/congreso_template/Pics) by extensions ['cmake', 'python']
[0.354s] Level 1:colcon.colcon_core.package_identification:_identify(ws3_vs_old/Control-Formation-87bcac39b869ba6de4fc819c89404e4c8f48964e/documentacion/docs/congreso_template/Pics) by extension 'cmake'
[0.354s] Level 1:colcon.colcon_core.package_identification:_identify(ws3_vs_old/Control-Formation-87bcac39b869ba6de4fc819c89404e4c8f48964e/documentacion/docs/congreso_template/Pics) by extension 'python'
[0.354s] Level 1:colcon.colcon_core.package_identification:_identify(ws3_vs_old/Control-Formation-87bcac39b869ba6de4fc819c89404e4c8f48964e/documentacion/docs/congreso_template/Pics) by extensions ['python_setup_py']
[0.354s] Level 1:colcon.colcon_core.package_identification:_identify(ws3_vs_old/Control-Formation-87bcac39b869ba6de4fc819c89404e4c8f48964e/documentacion/docs/congreso_template/Pics) by extension 'python_setup_py'
[0.354s] Level 1:colcon.colcon_core.package_identification:_identify(ws3_vs_old/Control-Formation-87bcac39b869ba6de4fc819c89404e4c8f48964e/documentacion/docs/congreso_template/Sections) by extensions ['ignore', 'ignore_ament_install']
[0.354s] Level 1:colcon.colcon_core.package_identification:_identify(ws3_vs_old/Control-Formation-87bcac39b869ba6de4fc819c89404e4c8f48964e/documentacion/docs/congreso_template/Sections) by extension 'ignore'
[0.354s] Level 1:colcon.colcon_core.package_identification:_identify(ws3_vs_old/Control-Formation-87bcac39b869ba6de4fc819c89404e4c8f48964e/documentacion/docs/congreso_template/Sections) by extension 'ignore_ament_install'
[0.354s] Level 1:colcon.colcon_core.package_identification:_identify(ws3_vs_old/Control-Formation-87bcac39b869ba6de4fc819c89404e4c8f48964e/documentacion/docs/congreso_template/Sections) by extensions ['colcon_pkg']
[0.354s] Level 1:colcon.colcon_core.package_identification:_identify(ws3_vs_old/Control-Formation-87bcac39b869ba6de4fc819c89404e4c8f48964e/documentacion/docs/congreso_template/Sections) by extension 'colcon_pkg'
[0.354s] Level 1:colcon.colcon_core.package_identification:_identify(ws3_vs_old/Control-Formation-87bcac39b869ba6de4fc819c89404e4c8f48964e/documentacion/docs/congreso_template/Sections) by extensions ['colcon_meta']
[0.354s] Level 1:colcon.colcon_core.package_identification:_identify(ws3_vs_old/Control-Formation-87bcac39b869ba6de4fc819c89404e4c8f48964e/documentacion/docs/congreso_template/Sections) by extension 'colcon_meta'
[0.354s] Level 1:colcon.colcon_core.package_identification:_identify(ws3_vs_old/Control-Formation-87bcac39b869ba6de4fc819c89404e4c8f48964e/documentacion/docs/congreso_template/Sections) by extensions ['ros']
[0.354s] Level 1:colcon.colcon_core.package_identification:_identify(ws3_vs_old/Control-Formation-87bcac39b869ba6de4fc819c89404e4c8f48964e/documentacion/docs/congreso_template/Sections) by extension 'ros'
[0.354s] Level 1:colcon.colcon_core.package_identification:_identify(ws3_vs_old/Control-Formation-87bcac39b869ba6de4fc819c89404e4c8f48964e/documentacion/docs/congreso_template/Sections) by extensions ['cmake', 'python']
[0.354s] Level 1:colcon.colcon_core.package_identification:_identify(ws3_vs_old/Control-Formation-87bcac39b869ba6de4fc819c89404e4c8f48964e/documentacion/docs/congreso_template/Sections) by extension 'cmake'
[0.354s] Level 1:colcon.colcon_core.package_identification:_identify(ws3_vs_old/Control-Formation-87bcac39b869ba6de4fc819c89404e4c8f48964e/documentacion/docs/congreso_template/Sections) by extension 'python'
[0.354s] Level 1:colcon.colcon_core.package_identification:_identify(ws3_vs_old/Control-Formation-87bcac39b869ba6de4fc819c89404e4c8f48964e/documentacion/docs/congreso_template/Sections) by extensions ['python_setup_py']
[0.354s] Level 1:colcon.colcon_core.package_identification:_identify(ws3_vs_old/Control-Formation-87bcac39b869ba6de4fc819c89404e4c8f48964e/documentacion/docs/congreso_template/Sections) by extension 'python_setup_py'
[0.354s] Level 1:colcon.colcon_core.package_identification:_identify(ws3_vs_old/Control-Formation-87bcac39b869ba6de4fc819c89404e4c8f48964e/documentacion/docs/experimentaciones) by extensions ['ignore', 'ignore_ament_install']
[0.354s] Level 1:colcon.colcon_core.package_identification:_identify(ws3_vs_old/Control-Formation-87bcac39b869ba6de4fc819c89404e4c8f48964e/documentacion/docs/experimentaciones) by extension 'ignore'
[0.354s] Level 1:colcon.colcon_core.package_identification:_identify(ws3_vs_old/Control-Formation-87bcac39b869ba6de4fc819c89404e4c8f48964e/documentacion/docs/experimentaciones) by extension 'ignore_ament_install'
[0.354s] Level 1:colcon.colcon_core.package_identification:_identify(ws3_vs_old/Control-Formation-87bcac39b869ba6de4fc819c89404e4c8f48964e/documentacion/docs/experimentaciones) by extensions ['colcon_pkg']
[0.354s] Level 1:colcon.colcon_core.package_identification:_identify(ws3_vs_old/Control-Formation-87bcac39b869ba6de4fc819c89404e4c8f48964e/documentacion/docs/experimentaciones) by extension 'colcon_pkg'
[0.354s] Level 1:colcon.colcon_core.package_identification:_identify(ws3_vs_old/Control-Formation-87bcac39b869ba6de4fc819c89404e4c8f48964e/documentacion/docs/experimentaciones) by extensions ['colcon_meta']
[0.354s] Level 1:colcon.colcon_core.package_identification:_identify(ws3_vs_old/Control-Formation-87bcac39b869ba6de4fc819c89404e4c8f48964e/documentacion/docs/experimentaciones) by extension 'colcon_meta'
[0.355s] Level 1:colcon.colcon_core.package_identification:_identify(ws3_vs_old/Control-Formation-87bcac39b869ba6de4fc819c89404e4c8f48964e/documentacion/docs/experimentaciones) by extensions ['ros']
[0.355s] Level 1:colcon.colcon_core.package_identification:_identify(ws3_vs_old/Control-Formation-87bcac39b869ba6de4fc819c89404e4c8f48964e/documentacion/docs/experimentaciones) by extension 'ros'
[0.355s] Level 1:colcon.colcon_core.package_identification:_identify(ws3_vs_old/Control-Formation-87bcac39b869ba6de4fc819c89404e4c8f48964e/documentacion/docs/experimentaciones) by extensions ['cmake', 'python']
[0.355s] Level 1:colcon.colcon_core.package_identification:_identify(ws3_vs_old/Control-Formation-87bcac39b869ba6de4fc819c89404e4c8f48964e/documentacion/docs/experimentaciones) by extension 'cmake'
[0.355s] Level 1:colcon.colcon_core.package_identification:_identify(ws3_vs_old/Control-Formation-87bcac39b869ba6de4fc819c89404e4c8f48964e/documentacion/docs/experimentaciones) by extension 'python'
[0.355s] Level 1:colcon.colcon_core.package_identification:_identify(ws3_vs_old/Control-Formation-87bcac39b869ba6de4fc819c89404e4c8f48964e/documentacion/docs/experimentaciones) by extensions ['python_setup_py']
[0.355s] Level 1:colcon.colcon_core.package_identification:_identify(ws3_vs_old/Control-Formation-87bcac39b869ba6de4fc819c89404e4c8f48964e/documentacion/docs/experimentaciones) by extension 'python_setup_py'
[0.355s] Level 1:colcon.colcon_core.package_identification:_identify(ws3_vs_old/Control-Formation-87bcac39b869ba6de4fc819c89404e4c8f48964e/documentacion/docs/experimentaciones/Pics) by extensions ['ignore', 'ignore_ament_install']
[0.355s] Level 1:colcon.colcon_core.package_identification:_identify(ws3_vs_old/Control-Formation-87bcac39b869ba6de4fc819c89404e4c8f48964e/documentacion/docs/experimentaciones/Pics) by extension 'ignore'
[0.355s] Level 1:colcon.colcon_core.package_identification:_identify(ws3_vs_old/Control-Formation-87bcac39b869ba6de4fc819c89404e4c8f48964e/documentacion/docs/experimentaciones/Pics) by extension 'ignore_ament_install'
[0.355s] Level 1:colcon.colcon_core.package_identification:_identify(ws3_vs_old/Control-Formation-87bcac39b869ba6de4fc819c89404e4c8f48964e/documentacion/docs/experimentaciones/Pics) by extensions ['colcon_pkg']
[0.355s] Level 1:colcon.colcon_core.package_identification:_identify(ws3_vs_old/Control-Formation-87bcac39b869ba6de4fc819c89404e4c8f48964e/documentacion/docs/experimentaciones/Pics) by extension 'colcon_pkg'
[0.355s] Level 1:colcon.colcon_core.package_identification:_identify(ws3_vs_old/Control-Formation-87bcac39b869ba6de4fc819c89404e4c8f48964e/documentacion/docs/experimentaciones/Pics) by extensions ['colcon_meta']
[0.355s] Level 1:colcon.colcon_core.package_identification:_identify(ws3_vs_old/Control-Formation-87bcac39b869ba6de4fc819c89404e4c8f48964e/documentacion/docs/experimentaciones/Pics) by extension 'colcon_meta'
[0.355s] Level 1:colcon.colcon_core.package_identification:_identify(ws3_vs_old/Control-Formation-87bcac39b869ba6de4fc819c89404e4c8f48964e/documentacion/docs/experimentaciones/Pics) by extensions ['ros']
[0.355s] Level 1:colcon.colcon_core.package_identification:_identify(ws3_vs_old/Control-Formation-87bcac39b869ba6de4fc819c89404e4c8f48964e/documentacion/docs/experimentaciones/Pics) by extension 'ros'
[0.355s] Level 1:colcon.colcon_core.package_identification:_identify(ws3_vs_old/Control-Formation-87bcac39b869ba6de4fc819c89404e4c8f48964e/documentacion/docs/experimentaciones/Pics) by extensions ['cmake', 'python']
[0.355s] Level 1:colcon.colcon_core.package_identification:_identify(ws3_vs_old/Control-Formation-87bcac39b869ba6de4fc819c89404e4c8f48964e/documentacion/docs/experimentaciones/Pics) by extension 'cmake'
[0.355s] Level 1:colcon.colcon_core.package_identification:_identify(ws3_vs_old/Control-Formation-87bcac39b869ba6de4fc819c89404e4c8f48964e/documentacion/docs/experimentaciones/Pics) by extension 'python'
[0.355s] Level 1:colcon.colcon_core.package_identification:_identify(ws3_vs_old/Control-Formation-87bcac39b869ba6de4fc819c89404e4c8f48964e/documentacion/docs/experimentaciones/Pics) by extensions ['python_setup_py']
[0.355s] Level 1:colcon.colcon_core.package_identification:_identify(ws3_vs_old/Control-Formation-87bcac39b869ba6de4fc819c89404e4c8f48964e/documentacion/docs/experimentaciones/Pics) by extension 'python_setup_py'
[0.355s] Level 1:colcon.colcon_core.package_identification:_identify(ws3_vs_old/Control-Formation-87bcac39b869ba6de4fc819c89404e4c8f48964e/documentacion/docs/experimentaciones/Sections) by extensions ['ignore', 'ignore_ament_install']
[0.355s] Level 1:colcon.colcon_core.package_identification:_identify(ws3_vs_old/Control-Formation-87bcac39b869ba6de4fc819c89404e4c8f48964e/documentacion/docs/experimentaciones/Sections) by extension 'ignore'
[0.355s] Level 1:colcon.colcon_core.package_identification:_identify(ws3_vs_old/Control-Formation-87bcac39b869ba6de4fc819c89404e4c8f48964e/documentacion/docs/experimentaciones/Sections) by extension 'ignore_ament_install'
[0.355s] Level 1:colcon.colcon_core.package_identification:_identify(ws3_vs_old/Control-Formation-87bcac39b869ba6de4fc819c89404e4c8f48964e/documentacion/docs/experimentaciones/Sections) by extensions ['colcon_pkg']
[0.355s] Level 1:colcon.colcon_core.package_identification:_identify(ws3_vs_old/Control-Formation-87bcac39b869ba6de4fc819c89404e4c8f48964e/documentacion/docs/experimentaciones/Sections) by extension 'colcon_pkg'
[0.356s] Level 1:colcon.colcon_core.package_identification:_identify(ws3_vs_old/Control-Formation-87bcac39b869ba6de4fc819c89404e4c8f48964e/documentacion/docs/experimentaciones/Sections) by extensions ['colcon_meta']
[0.356s] Level 1:colcon.colcon_core.package_identification:_identify(ws3_vs_old/Control-Formation-87bcac39b869ba6de4fc819c89404e4c8f48964e/documentacion/docs/experimentaciones/Sections) by extension 'colcon_meta'
[0.356s] Level 1:colcon.colcon_core.package_identification:_identify(ws3_vs_old/Control-Formation-87bcac39b869ba6de4fc819c89404e4c8f48964e/documentacion/docs/experimentaciones/Sections) by extensions ['ros']
[0.356s] Level 1:colcon.colcon_core.package_identification:_identify(ws3_vs_old/Control-Formation-87bcac39b869ba6de4fc819c89404e4c8f48964e/documentacion/docs/experimentaciones/Sections) by extension 'ros'
[0.356s] Level 1:colcon.colcon_core.package_identification:_identify(ws3_vs_old/Control-Formation-87bcac39b869ba6de4fc819c89404e4c8f48964e/documentacion/docs/experimentaciones/Sections) by extensions ['cmake', 'python']
[0.356s] Level 1:colcon.colcon_core.package_identification:_identify(ws3_vs_old/Control-Formation-87bcac39b869ba6de4fc819c89404e4c8f48964e/documentacion/docs/experimentaciones/Sections) by extension 'cmake'
[0.356s] Level 1:colcon.colcon_core.package_identification:_identify(ws3_vs_old/Control-Formation-87bcac39b869ba6de4fc819c89404e4c8f48964e/documentacion/docs/experimentaciones/Sections) by extension 'python'
[0.356s] Level 1:colcon.colcon_core.package_identification:_identify(ws3_vs_old/Control-Formation-87bcac39b869ba6de4fc819c89404e4c8f48964e/documentacion/docs/experimentaciones/Sections) by extensions ['python_setup_py']
[0.356s] Level 1:colcon.colcon_core.package_identification:_identify(ws3_vs_old/Control-Formation-87bcac39b869ba6de4fc819c89404e4c8f48964e/documentacion/docs/experimentaciones/Sections) by extension 'python_setup_py'
[0.356s] Level 1:colcon.colcon_core.package_identification:_identify(ws3_vs_old/Control-Formation-87bcac39b869ba6de4fc819c89404e4c8f48964e/documentacion/docs/ros2_arquitectura) by extensions ['ignore', 'ignore_ament_install']
[0.356s] Level 1:colcon.colcon_core.package_identification:_identify(ws3_vs_old/Control-Formation-87bcac39b869ba6de4fc819c89404e4c8f48964e/documentacion/docs/ros2_arquitectura) by extension 'ignore'
[0.356s] Level 1:colcon.colcon_core.package_identification:_identify(ws3_vs_old/Control-Formation-87bcac39b869ba6de4fc819c89404e4c8f48964e/documentacion/docs/ros2_arquitectura) by extension 'ignore_ament_install'
[0.356s] Level 1:colcon.colcon_core.package_identification:_identify(ws3_vs_old/Control-Formation-87bcac39b869ba6de4fc819c89404e4c8f48964e/documentacion/docs/ros2_arquitectura) by extensions ['colcon_pkg']
[0.356s] Level 1:colcon.colcon_core.package_identification:_identify(ws3_vs_old/Control-Formation-87bcac39b869ba6de4fc819c89404e4c8f48964e/documentacion/docs/ros2_arquitectura) by extension 'colcon_pkg'
[0.356s] Level 1:colcon.colcon_core.package_identification:_identify(ws3_vs_old/Control-Formation-87bcac39b869ba6de4fc819c89404e4c8f48964e/documentacion/docs/ros2_arquitectura) by extensions ['colcon_meta']
[0.356s] Level 1:colcon.colcon_core.package_identification:_identify(ws3_vs_old/Control-Formation-87bcac39b869ba6de4fc819c89404e4c8f48964e/documentacion/docs/ros2_arquitectura) by extension 'colcon_meta'
[0.356s] Level 1:colcon.colcon_core.package_identification:_identify(ws3_vs_old/Control-Formation-87bcac39b869ba6de4fc819c89404e4c8f48964e/documentacion/docs/ros2_arquitectura) by extensions ['ros']
[0.356s] Level 1:colcon.colcon_core.package_identification:_identify(ws3_vs_old/Control-Formation-87bcac39b869ba6de4fc819c89404e4c8f48964e/documentacion/docs/ros2_arquitectura) by extension 'ros'
[0.356s] Level 1:colcon.colcon_core.package_identification:_identify(ws3_vs_old/Control-Formation-87bcac39b869ba6de4fc819c89404e4c8f48964e/documentacion/docs/ros2_arquitectura) by extensions ['cmake', 'python']
[0.356s] Level 1:colcon.colcon_core.package_identification:_identify(ws3_vs_old/Control-Formation-87bcac39b869ba6de4fc819c89404e4c8f48964e/documentacion/docs/ros2_arquitectura) by extension 'cmake'
[0.356s] Level 1:colcon.colcon_core.package_identification:_identify(ws3_vs_old/Control-Formation-87bcac39b869ba6de4fc819c89404e4c8f48964e/documentacion/docs/ros2_arquitectura) by extension 'python'
[0.356s] Level 1:colcon.colcon_core.package_identification:_identify(ws3_vs_old/Control-Formation-87bcac39b869ba6de4fc819c89404e4c8f48964e/documentacion/docs/ros2_arquitectura) by extensions ['python_setup_py']
[0.356s] Level 1:colcon.colcon_core.package_identification:_identify(ws3_vs_old/Control-Formation-87bcac39b869ba6de4fc819c89404e4c8f48964e/documentacion/docs/ros2_arquitectura) by extension 'python_setup_py'
[0.356s] Level 1:colcon.colcon_core.package_identification:_identify(ws3_vs_old/Control-Formation-87bcac39b869ba6de4fc819c89404e4c8f48964e/documentacion/docs/ros2_arquitectura/Sections) by extensions ['ignore', 'ignore_ament_install']
[0.356s] Level 1:colcon.colcon_core.package_identification:_identify(ws3_vs_old/Control-Formation-87bcac39b869ba6de4fc819c89404e4c8f48964e/documentacion/docs/ros2_arquitectura/Sections) by extension 'ignore'
[0.356s] Level 1:colcon.colcon_core.package_identification:_identify(ws3_vs_old/Control-Formation-87bcac39b869ba6de4fc819c89404e4c8f48964e/documentacion/docs/ros2_arquitectura/Sections) by extension 'ignore_ament_install'
[0.356s] Level 1:colcon.colcon_core.package_identification:_identify(ws3_vs_old/Control-Formation-87bcac39b869ba6de4fc819c89404e4c8f48964e/documentacion/docs/ros2_arquitectura/Sections) by extensions ['colcon_pkg']
[0.356s] Level 1:colcon.colcon_core.package_identification:_identify(ws3_vs_old/Control-Formation-87bcac39b869ba6de4fc819c89404e4c8f48964e/documentacion/docs/ros2_arquitectura/Sections) by extension 'colcon_pkg'
[0.356s] Level 1:colcon.colcon_core.package_identification:_identify(ws3_vs_old/Control-Formation-87bcac39b869ba6de4fc819c89404e4c8f48964e/documentacion/docs/ros2_arquitectura/Sections) by extensions ['colcon_meta']
[0.356s] Level 1:colcon.colcon_core.package_identification:_identify(ws3_vs_old/Control-Formation-87bcac39b869ba6de4fc819c89404e4c8f48964e/documentacion/docs/ros2_arquitectura/Sections) by extension 'colcon_meta'
[0.357s] Level 1:colcon.colcon_core.package_identification:_identify(ws3_vs_old/Control-Formation-87bcac39b869ba6de4fc819c89404e4c8f48964e/documentacion/docs/ros2_arquitectura/Sections) by extensions ['ros']
[0.357s] Level 1:colcon.colcon_core.package_identification:_identify(ws3_vs_old/Control-Formation-87bcac39b869ba6de4fc819c89404e4c8f48964e/documentacion/docs/ros2_arquitectura/Sections) by extension 'ros'
[0.357s] Level 1:colcon.colcon_core.package_identification:_identify(ws3_vs_old/Control-Formation-87bcac39b869ba6de4fc819c89404e4c8f48964e/documentacion/docs/ros2_arquitectura/Sections) by extensions ['cmake', 'python']
[0.357s] Level 1:colcon.colcon_core.package_identification:_identify(ws3_vs_old/Control-Formation-87bcac39b869ba6de4fc819c89404e4c8f48964e/documentacion/docs/ros2_arquitectura/Sections) by extension 'cmake'
[0.357s] Level 1:colcon.colcon_core.package_identification:_identify(ws3_vs_old/Control-Formation-87bcac39b869ba6de4fc819c89404e4c8f48964e/documentacion/docs/ros2_arquitectura/Sections) by extension 'python'
[0.357s] Level 1:colcon.colcon_core.package_identification:_identify(ws3_vs_old/Control-Formation-87bcac39b869ba6de4fc819c89404e4c8f48964e/documentacion/docs/ros2_arquitectura/Sections) by extensions ['python_setup_py']
[0.357s] Level 1:colcon.colcon_core.package_identification:_identify(ws3_vs_old/Control-Formation-87bcac39b869ba6de4fc819c89404e4c8f48964e/documentacion/docs/ros2_arquitectura/Sections) by extension 'python_setup_py'
[0.357s] Level 1:colcon.colcon_core.package_identification:_identify(ws3_vs_old/Control-Formation-87bcac39b869ba6de4fc819c89404e4c8f48964e/documentacion/figuras) by extensions ['ignore', 'ignore_ament_install']
[0.357s] Level 1:colcon.colcon_core.package_identification:_identify(ws3_vs_old/Control-Formation-87bcac39b869ba6de4fc819c89404e4c8f48964e/documentacion/figuras) by extension 'ignore'
[0.357s] Level 1:colcon.colcon_core.package_identification:_identify(ws3_vs_old/Control-Formation-87bcac39b869ba6de4fc819c89404e4c8f48964e/documentacion/figuras) by extension 'ignore_ament_install'
[0.357s] Level 1:colcon.colcon_core.package_identification:_identify(ws3_vs_old/Control-Formation-87bcac39b869ba6de4fc819c89404e4c8f48964e/documentacion/figuras) by extensions ['colcon_pkg']
[0.357s] Level 1:colcon.colcon_core.package_identification:_identify(ws3_vs_old/Control-Formation-87bcac39b869ba6de4fc819c89404e4c8f48964e/documentacion/figuras) by extension 'colcon_pkg'
[0.357s] Level 1:colcon.colcon_core.package_identification:_identify(ws3_vs_old/Control-Formation-87bcac39b869ba6de4fc819c89404e4c8f48964e/documentacion/figuras) by extensions ['colcon_meta']
[0.357s] Level 1:colcon.colcon_core.package_identification:_identify(ws3_vs_old/Control-Formation-87bcac39b869ba6de4fc819c89404e4c8f48964e/documentacion/figuras) by extension 'colcon_meta'
[0.357s] Level 1:colcon.colcon_core.package_identification:_identify(ws3_vs_old/Control-Formation-87bcac39b869ba6de4fc819c89404e4c8f48964e/documentacion/figuras) by extensions ['ros']
[0.357s] Level 1:colcon.colcon_core.package_identification:_identify(ws3_vs_old/Control-Formation-87bcac39b869ba6de4fc819c89404e4c8f48964e/documentacion/figuras) by extension 'ros'
[0.357s] Level 1:colcon.colcon_core.package_identification:_identify(ws3_vs_old/Control-Formation-87bcac39b869ba6de4fc819c89404e4c8f48964e/documentacion/figuras) by extensions ['cmake', 'python']
[0.357s] Level 1:colcon.colcon_core.package_identification:_identify(ws3_vs_old/Control-Formation-87bcac39b869ba6de4fc819c89404e4c8f48964e/documentacion/figuras) by extension 'cmake'
[0.357s] Level 1:colcon.colcon_core.package_identification:_identify(ws3_vs_old/Control-Formation-87bcac39b869ba6de4fc819c89404e4c8f48964e/documentacion/figuras) by extension 'python'
[0.357s] Level 1:colcon.colcon_core.package_identification:_identify(ws3_vs_old/Control-Formation-87bcac39b869ba6de4fc819c89404e4c8f48964e/documentacion/figuras) by extensions ['python_setup_py']
[0.357s] Level 1:colcon.colcon_core.package_identification:_identify(ws3_vs_old/Control-Formation-87bcac39b869ba6de4fc819c89404e4c8f48964e/documentacion/figuras) by extension 'python_setup_py'
[0.358s] Level 1:colcon.colcon_core.package_identification:_identify(ws3_vs_old/Control-Formation-87bcac39b869ba6de4fc819c89404e4c8f48964e/documentacion/figuras/circular) by extensions ['ignore', 'ignore_ament_install']
[0.358s] Level 1:colcon.colcon_core.package_identification:_identify(ws3_vs_old/Control-Formation-87bcac39b869ba6de4fc819c89404e4c8f48964e/documentacion/figuras/circular) by extension 'ignore'
[0.358s] Level 1:colcon.colcon_core.package_identification:_identify(ws3_vs_old/Control-Formation-87bcac39b869ba6de4fc819c89404e4c8f48964e/documentacion/figuras/circular) by extension 'ignore_ament_install'
[0.358s] Level 1:colcon.colcon_core.package_identification:_identify(ws3_vs_old/Control-Formation-87bcac39b869ba6de4fc819c89404e4c8f48964e/documentacion/figuras/circular) by extensions ['colcon_pkg']
[0.358s] Level 1:colcon.colcon_core.package_identification:_identify(ws3_vs_old/Control-Formation-87bcac39b869ba6de4fc819c89404e4c8f48964e/documentacion/figuras/circular) by extension 'colcon_pkg'
[0.358s] Level 1:colcon.colcon_core.package_identification:_identify(ws3_vs_old/Control-Formation-87bcac39b869ba6de4fc819c89404e4c8f48964e/documentacion/figuras/circular) by extensions ['colcon_meta']
[0.358s] Level 1:colcon.colcon_core.package_identification:_identify(ws3_vs_old/Control-Formation-87bcac39b869ba6de4fc819c89404e4c8f48964e/documentacion/figuras/circular) by extension 'colcon_meta'
[0.358s] Level 1:colcon.colcon_core.package_identification:_identify(ws3_vs_old/Control-Formation-87bcac39b869ba6de4fc819c89404e4c8f48964e/documentacion/figuras/circular) by extensions ['ros']
[0.358s] Level 1:colcon.colcon_core.package_identification:_identify(ws3_vs_old/Control-Formation-87bcac39b869ba6de4fc819c89404e4c8f48964e/documentacion/figuras/circular) by extension 'ros'
[0.358s] Level 1:colcon.colcon_core.package_identification:_identify(ws3_vs_old/Control-Formation-87bcac39b869ba6de4fc819c89404e4c8f48964e/documentacion/figuras/circular) by extensions ['cmake', 'python']
[0.358s] Level 1:colcon.colcon_core.package_identification:_identify(ws3_vs_old/Control-Formation-87bcac39b869ba6de4fc819c89404e4c8f48964e/documentacion/figuras/circular) by extension 'cmake'
[0.358s] Level 1:colcon.colcon_core.package_identification:_identify(ws3_vs_old/Control-Formation-87bcac39b869ba6de4fc819c89404e4c8f48964e/documentacion/figuras/circular) by extension 'python'
[0.358s] Level 1:colcon.colcon_core.package_identification:_identify(ws3_vs_old/Control-Formation-87bcac39b869ba6de4fc819c89404e4c8f48964e/documentacion/figuras/circular) by extensions ['python_setup_py']
[0.358s] Level 1:colcon.colcon_core.package_identification:_identify(ws3_vs_old/Control-Formation-87bcac39b869ba6de4fc819c89404e4c8f48964e/documentacion/figuras/circular) by extension 'python_setup_py'
[0.358s] Level 1:colcon.colcon_core.package_identification:_identify(ws3_vs_old/Control-Formation-87bcac39b869ba6de4fc819c89404e4c8f48964e/documentacion/figuras/circulo_pivote) by extensions ['ignore', 'ignore_ament_install']
[0.358s] Level 1:colcon.colcon_core.package_identification:_identify(ws3_vs_old/Control-Formation-87bcac39b869ba6de4fc819c89404e4c8f48964e/documentacion/figuras/circulo_pivote) by extension 'ignore'
[0.358s] Level 1:colcon.colcon_core.package_identification:_identify(ws3_vs_old/Control-Formation-87bcac39b869ba6de4fc819c89404e4c8f48964e/documentacion/figuras/circulo_pivote) by extension 'ignore_ament_install'
[0.358s] Level 1:colcon.colcon_core.package_identification:_identify(ws3_vs_old/Control-Formation-87bcac39b869ba6de4fc819c89404e4c8f48964e/documentacion/figuras/circulo_pivote) by extensions ['colcon_pkg']
[0.358s] Level 1:colcon.colcon_core.package_identification:_identify(ws3_vs_old/Control-Formation-87bcac39b869ba6de4fc819c89404e4c8f48964e/documentacion/figuras/circulo_pivote) by extension 'colcon_pkg'
[0.358s] Level 1:colcon.colcon_core.package_identification:_identify(ws3_vs_old/Control-Formation-87bcac39b869ba6de4fc819c89404e4c8f48964e/documentacion/figuras/circulo_pivote) by extensions ['colcon_meta']
[0.358s] Level 1:colcon.colcon_core.package_identification:_identify(ws3_vs_old/Control-Formation-87bcac39b869ba6de4fc819c89404e4c8f48964e/documentacion/figuras/circulo_pivote) by extension 'colcon_meta'
[0.358s] Level 1:colcon.colcon_core.package_identification:_identify(ws3_vs_old/Control-Formation-87bcac39b869ba6de4fc819c89404e4c8f48964e/documentacion/figuras/circulo_pivote) by extensions ['ros']
[0.359s] Level 1:colcon.colcon_core.package_identification:_identify(ws3_vs_old/Control-Formation-87bcac39b869ba6de4fc819c89404e4c8f48964e/documentacion/figuras/circulo_pivote) by extension 'ros'
[0.359s] Level 1:colcon.colcon_core.package_identification:_identify(ws3_vs_old/Control-Formation-87bcac39b869ba6de4fc819c89404e4c8f48964e/documentacion/figuras/circulo_pivote) by extensions ['cmake', 'python']
[0.359s] Level 1:colcon.colcon_core.package_identification:_identify(ws3_vs_old/Control-Formation-87bcac39b869ba6de4fc819c89404e4c8f48964e/documentacion/figuras/circulo_pivote) by extension 'cmake'
[0.359s] Level 1:colcon.colcon_core.package_identification:_identify(ws3_vs_old/Control-Formation-87bcac39b869ba6de4fc819c89404e4c8f48964e/documentacion/figuras/circulo_pivote) by extension 'python'
[0.359s] Level 1:colcon.colcon_core.package_identification:_identify(ws3_vs_old/Control-Formation-87bcac39b869ba6de4fc819c89404e4c8f48964e/documentacion/figuras/circulo_pivote) by extensions ['python_setup_py']
[0.359s] Level 1:colcon.colcon_core.package_identification:_identify(ws3_vs_old/Control-Formation-87bcac39b869ba6de4fc819c89404e4c8f48964e/documentacion/figuras/circulo_pivote) by extension 'python_setup_py'
[0.359s] Level 1:colcon.colcon_core.package_identification:_identify(ws3_vs_old/Control-Formation-87bcac39b869ba6de4fc819c89404e4c8f48964e/documentacion/figuras/consenso_lider) by extensions ['ignore', 'ignore_ament_install']
[0.359s] Level 1:colcon.colcon_core.package_identification:_identify(ws3_vs_old/Control-Formation-87bcac39b869ba6de4fc819c89404e4c8f48964e/documentacion/figuras/consenso_lider) by extension 'ignore'
[0.359s] Level 1:colcon.colcon_core.package_identification:_identify(ws3_vs_old/Control-Formation-87bcac39b869ba6de4fc819c89404e4c8f48964e/documentacion/figuras/consenso_lider) by extension 'ignore_ament_install'
[0.359s] Level 1:colcon.colcon_core.package_identification:_identify(ws3_vs_old/Control-Formation-87bcac39b869ba6de4fc819c89404e4c8f48964e/documentacion/figuras/consenso_lider) by extensions ['colcon_pkg']
[0.359s] Level 1:colcon.colcon_core.package_identification:_identify(ws3_vs_old/Control-Formation-87bcac39b869ba6de4fc819c89404e4c8f48964e/documentacion/figuras/consenso_lider) by extension 'colcon_pkg'
[0.359s] Level 1:colcon.colcon_core.package_identification:_identify(ws3_vs_old/Control-Formation-87bcac39b869ba6de4fc819c89404e4c8f48964e/documentacion/figuras/consenso_lider) by extensions ['colcon_meta']
[0.359s] Level 1:colcon.colcon_core.package_identification:_identify(ws3_vs_old/Control-Formation-87bcac39b869ba6de4fc819c89404e4c8f48964e/documentacion/figuras/consenso_lider) by extension 'colcon_meta'
[0.359s] Level 1:colcon.colcon_core.package_identification:_identify(ws3_vs_old/Control-Formation-87bcac39b869ba6de4fc819c89404e4c8f48964e/documentacion/figuras/consenso_lider) by extensions ['ros']
[0.359s] Level 1:colcon.colcon_core.package_identification:_identify(ws3_vs_old/Control-Formation-87bcac39b869ba6de4fc819c89404e4c8f48964e/documentacion/figuras/consenso_lider) by extension 'ros'
[0.359s] Level 1:colcon.colcon_core.package_identification:_identify(ws3_vs_old/Control-Formation-87bcac39b869ba6de4fc819c89404e4c8f48964e/documentacion/figuras/consenso_lider) by extensions ['cmake', 'python']
[0.359s] Level 1:colcon.colcon_core.package_identification:_identify(ws3_vs_old/Control-Formation-87bcac39b869ba6de4fc819c89404e4c8f48964e/documentacion/figuras/consenso_lider) by extension 'cmake'
[0.359s] Level 1:colcon.colcon_core.package_identification:_identify(ws3_vs_old/Control-Formation-87bcac39b869ba6de4fc819c89404e4c8f48964e/documentacion/figuras/consenso_lider) by extension 'python'
[0.359s] Level 1:colcon.colcon_core.package_identification:_identify(ws3_vs_old/Control-Formation-87bcac39b869ba6de4fc819c89404e4c8f48964e/documentacion/figuras/consenso_lider) by extensions ['python_setup_py']
[0.359s] Level 1:colcon.colcon_core.package_identification:_identify(ws3_vs_old/Control-Formation-87bcac39b869ba6de4fc819c89404e4c8f48964e/documentacion/figuras/consenso_lider) by extension 'python_setup_py'
[0.359s] Level 1:colcon.colcon_core.package_identification:_identify(ws3_vs_old/Control-Formation-87bcac39b869ba6de4fc819c89404e4c8f48964e/documentacion/figuras/consenso_prom) by extensions ['ignore', 'ignore_ament_install']
[0.359s] Level 1:colcon.colcon_core.package_identification:_identify(ws3_vs_old/Control-Formation-87bcac39b869ba6de4fc819c89404e4c8f48964e/documentacion/figuras/consenso_prom) by extension 'ignore'
[0.360s] Level 1:colcon.colcon_core.package_identification:_identify(ws3_vs_old/Control-Formation-87bcac39b869ba6de4fc819c89404e4c8f48964e/documentacion/figuras/consenso_prom) by extension 'ignore_ament_install'
[0.360s] Level 1:colcon.colcon_core.package_identification:_identify(ws3_vs_old/Control-Formation-87bcac39b869ba6de4fc819c89404e4c8f48964e/documentacion/figuras/consenso_prom) by extensions ['colcon_pkg']
[0.360s] Level 1:colcon.colcon_core.package_identification:_identify(ws3_vs_old/Control-Formation-87bcac39b869ba6de4fc819c89404e4c8f48964e/documentacion/figuras/consenso_prom) by extension 'colcon_pkg'
[0.360s] Level 1:colcon.colcon_core.package_identification:_identify(ws3_vs_old/Control-Formation-87bcac39b869ba6de4fc819c89404e4c8f48964e/documentacion/figuras/consenso_prom) by extensions ['colcon_meta']
[0.360s] Level 1:colcon.colcon_core.package_identification:_identify(ws3_vs_old/Control-Formation-87bcac39b869ba6de4fc819c89404e4c8f48964e/documentacion/figuras/consenso_prom) by extension 'colcon_meta'
[0.360s] Level 1:colcon.colcon_core.package_identification:_identify(ws3_vs_old/Control-Formation-87bcac39b869ba6de4fc819c89404e4c8f48964e/documentacion/figuras/consenso_prom) by extensions ['ros']
[0.360s] Level 1:colcon.colcon_core.package_identification:_identify(ws3_vs_old/Control-Formation-87bcac39b869ba6de4fc819c89404e4c8f48964e/documentacion/figuras/consenso_prom) by extension 'ros'
[0.360s] Level 1:colcon.colcon_core.package_identification:_identify(ws3_vs_old/Control-Formation-87bcac39b869ba6de4fc819c89404e4c8f48964e/documentacion/figuras/consenso_prom) by extensions ['cmake', 'python']
[0.360s] Level 1:colcon.colcon_core.package_identification:_identify(ws3_vs_old/Control-Formation-87bcac39b869ba6de4fc819c89404e4c8f48964e/documentacion/figuras/consenso_prom) by extension 'cmake'
[0.360s] Level 1:colcon.colcon_core.package_identification:_identify(ws3_vs_old/Control-Formation-87bcac39b869ba6de4fc819c89404e4c8f48964e/documentacion/figuras/consenso_prom) by extension 'python'
[0.360s] Level 1:colcon.colcon_core.package_identification:_identify(ws3_vs_old/Control-Formation-87bcac39b869ba6de4fc819c89404e4c8f48964e/documentacion/figuras/consenso_prom) by extensions ['python_setup_py']
[0.360s] Level 1:colcon.colcon_core.package_identification:_identify(ws3_vs_old/Control-Formation-87bcac39b869ba6de4fc819c89404e4c8f48964e/documentacion/figuras/consenso_prom) by extension 'python_setup_py'
[0.360s] Level 1:colcon.colcon_core.package_identification:_identify(ws3_vs_old/Control-Formation-87bcac39b869ba6de4fc819c89404e4c8f48964e/documentacion/figuras/formacion) by extensions ['ignore', 'ignore_ament_install']
[0.360s] Level 1:colcon.colcon_core.package_identification:_identify(ws3_vs_old/Control-Formation-87bcac39b869ba6de4fc819c89404e4c8f48964e/documentacion/figuras/formacion) by extension 'ignore'
[0.360s] Level 1:colcon.colcon_core.package_identification:_identify(ws3_vs_old/Control-Formation-87bcac39b869ba6de4fc819c89404e4c8f48964e/documentacion/figuras/formacion) by extension 'ignore_ament_install'
[0.360s] Level 1:colcon.colcon_core.package_identification:_identify(ws3_vs_old/Control-Formation-87bcac39b869ba6de4fc819c89404e4c8f48964e/documentacion/figuras/formacion) by extensions ['colcon_pkg']
[0.360s] Level 1:colcon.colcon_core.package_identification:_identify(ws3_vs_old/Control-Formation-87bcac39b869ba6de4fc819c89404e4c8f48964e/documentacion/figuras/formacion) by extension 'colcon_pkg'
[0.360s] Level 1:colcon.colcon_core.package_identification:_identify(ws3_vs_old/Control-Formation-87bcac39b869ba6de4fc819c89404e4c8f48964e/documentacion/figuras/formacion) by extensions ['colcon_meta']
[0.360s] Level 1:colcon.colcon_core.package_identification:_identify(ws3_vs_old/Control-Formation-87bcac39b869ba6de4fc819c89404e4c8f48964e/documentacion/figuras/formacion) by extension 'colcon_meta'
[0.360s] Level 1:colcon.colcon_core.package_identification:_identify(ws3_vs_old/Control-Formation-87bcac39b869ba6de4fc819c89404e4c8f48964e/documentacion/figuras/formacion) by extensions ['ros']
[0.360s] Level 1:colcon.colcon_core.package_identification:_identify(ws3_vs_old/Control-Formation-87bcac39b869ba6de4fc819c89404e4c8f48964e/documentacion/figuras/formacion) by extension 'ros'
[0.360s] Level 1:colcon.colcon_core.package_identification:_identify(ws3_vs_old/Control-Formation-87bcac39b869ba6de4fc819c89404e4c8f48964e/documentacion/figuras/formacion) by extensions ['cmake', 'python']
[0.360s] Level 1:colcon.colcon_core.package_identification:_identify(ws3_vs_old/Control-Formation-87bcac39b869ba6de4fc819c89404e4c8f48964e/documentacion/figuras/formacion) by extension 'cmake'
[0.360s] Level 1:colcon.colcon_core.package_identification:_identify(ws3_vs_old/Control-Formation-87bcac39b869ba6de4fc819c89404e4c8f48964e/documentacion/figuras/formacion) by extension 'python'
[0.360s] Level 1:colcon.colcon_core.package_identification:_identify(ws3_vs_old/Control-Formation-87bcac39b869ba6de4fc819c89404e4c8f48964e/documentacion/figuras/formacion) by extensions ['python_setup_py']
[0.360s] Level 1:colcon.colcon_core.package_identification:_identify(ws3_vs_old/Control-Formation-87bcac39b869ba6de4fc819c89404e4c8f48964e/documentacion/figuras/formacion) by extension 'python_setup_py'
[0.360s] Level 1:colcon.colcon_core.package_identification:_identify(ws3_vs_old/Control-Formation-87bcac39b869ba6de4fc819c89404e4c8f48964e/documentacion/figuras/formacion2) by extensions ['ignore', 'ignore_ament_install']
[0.361s] Level 1:colcon.colcon_core.package_identification:_identify(ws3_vs_old/Control-Formation-87bcac39b869ba6de4fc819c89404e4c8f48964e/documentacion/figuras/formacion2) by extension 'ignore'
[0.361s] Level 1:colcon.colcon_core.package_identification:_identify(ws3_vs_old/Control-Formation-87bcac39b869ba6de4fc819c89404e4c8f48964e/documentacion/figuras/formacion2) by extension 'ignore_ament_install'
[0.361s] Level 1:colcon.colcon_core.package_identification:_identify(ws3_vs_old/Control-Formation-87bcac39b869ba6de4fc819c89404e4c8f48964e/documentacion/figuras/formacion2) by extensions ['colcon_pkg']
[0.361s] Level 1:colcon.colcon_core.package_identification:_identify(ws3_vs_old/Control-Formation-87bcac39b869ba6de4fc819c89404e4c8f48964e/documentacion/figuras/formacion2) by extension 'colcon_pkg'
[0.361s] Level 1:colcon.colcon_core.package_identification:_identify(ws3_vs_old/Control-Formation-87bcac39b869ba6de4fc819c89404e4c8f48964e/documentacion/figuras/formacion2) by extensions ['colcon_meta']
[0.361s] Level 1:colcon.colcon_core.package_identification:_identify(ws3_vs_old/Control-Formation-87bcac39b869ba6de4fc819c89404e4c8f48964e/documentacion/figuras/formacion2) by extension 'colcon_meta'
[0.361s] Level 1:colcon.colcon_core.package_identification:_identify(ws3_vs_old/Control-Formation-87bcac39b869ba6de4fc819c89404e4c8f48964e/documentacion/figuras/formacion2) by extensions ['ros']
[0.361s] Level 1:colcon.colcon_core.package_identification:_identify(ws3_vs_old/Control-Formation-87bcac39b869ba6de4fc819c89404e4c8f48964e/documentacion/figuras/formacion2) by extension 'ros'
[0.361s] Level 1:colcon.colcon_core.package_identification:_identify(ws3_vs_old/Control-Formation-87bcac39b869ba6de4fc819c89404e4c8f48964e/documentacion/figuras/formacion2) by extensions ['cmake', 'python']
[0.361s] Level 1:colcon.colcon_core.package_identification:_identify(ws3_vs_old/Control-Formation-87bcac39b869ba6de4fc819c89404e4c8f48964e/documentacion/figuras/formacion2) by extension 'cmake'
[0.361s] Level 1:colcon.colcon_core.package_identification:_identify(ws3_vs_old/Control-Formation-87bcac39b869ba6de4fc819c89404e4c8f48964e/documentacion/figuras/formacion2) by extension 'python'
[0.361s] Level 1:colcon.colcon_core.package_identification:_identify(ws3_vs_old/Control-Formation-87bcac39b869ba6de4fc819c89404e4c8f48964e/documentacion/figuras/formacion2) by extensions ['python_setup_py']
[0.361s] Level 1:colcon.colcon_core.package_identification:_identify(ws3_vs_old/Control-Formation-87bcac39b869ba6de4fc819c89404e4c8f48964e/documentacion/figuras/formacion2) by extension 'python_setup_py'
[0.361s] Level 1:colcon.colcon_core.package_identification:_identify(ws3_vs_old/Control-Formation-87bcac39b869ba6de4fc819c89404e4c8f48964e/documentacion/figures_pva) by extensions ['ignore', 'ignore_ament_install']
[0.361s] Level 1:colcon.colcon_core.package_identification:_identify(ws3_vs_old/Control-Formation-87bcac39b869ba6de4fc819c89404e4c8f48964e/documentacion/figures_pva) by extension 'ignore'
[0.361s] Level 1:colcon.colcon_core.package_identification:_identify(ws3_vs_old/Control-Formation-87bcac39b869ba6de4fc819c89404e4c8f48964e/documentacion/figures_pva) by extension 'ignore_ament_install'
[0.361s] Level 1:colcon.colcon_core.package_identification:_identify(ws3_vs_old/Control-Formation-87bcac39b869ba6de4fc819c89404e4c8f48964e/documentacion/figures_pva) by extensions ['colcon_pkg']
[0.361s] Level 1:colcon.colcon_core.package_identification:_identify(ws3_vs_old/Control-Formation-87bcac39b869ba6de4fc819c89404e4c8f48964e/documentacion/figures_pva) by extension 'colcon_pkg'
[0.361s] Level 1:colcon.colcon_core.package_identification:_identify(ws3_vs_old/Control-Formation-87bcac39b869ba6de4fc819c89404e4c8f48964e/documentacion/figures_pva) by extensions ['colcon_meta']
[0.361s] Level 1:colcon.colcon_core.package_identification:_identify(ws3_vs_old/Control-Formation-87bcac39b869ba6de4fc819c89404e4c8f48964e/documentacion/figures_pva) by extension 'colcon_meta'
[0.361s] Level 1:colcon.colcon_core.package_identification:_identify(ws3_vs_old/Control-Formation-87bcac39b869ba6de4fc819c89404e4c8f48964e/documentacion/figures_pva) by extensions ['ros']
[0.361s] Level 1:colcon.colcon_core.package_identification:_identify(ws3_vs_old/Control-Formation-87bcac39b869ba6de4fc819c89404e4c8f48964e/documentacion/figures_pva) by extension 'ros'
[0.361s] Level 1:colcon.colcon_core.package_identification:_identify(ws3_vs_old/Control-Formation-87bcac39b869ba6de4fc819c89404e4c8f48964e/documentacion/figures_pva) by extensions ['cmake', 'python']
[0.361s] Level 1:colcon.colcon_core.package_identification:_identify(ws3_vs_old/Control-Formation-87bcac39b869ba6de4fc819c89404e4c8f48964e/documentacion/figures_pva) by extension 'cmake'
[0.361s] Level 1:colcon.colcon_core.package_identification:_identify(ws3_vs_old/Control-Formation-87bcac39b869ba6de4fc819c89404e4c8f48964e/documentacion/figures_pva) by extension 'python'
[0.361s] Level 1:colcon.colcon_core.package_identification:_identify(ws3_vs_old/Control-Formation-87bcac39b869ba6de4fc819c89404e4c8f48964e/documentacion/figures_pva) by extensions ['python_setup_py']
[0.361s] Level 1:colcon.colcon_core.package_identification:_identify(ws3_vs_old/Control-Formation-87bcac39b869ba6de4fc819c89404e4c8f48964e/documentacion/figures_pva) by extension 'python_setup_py'
[0.361s] Level 1:colcon.colcon_core.package_identification:_identify(ws3_vs_old/Control-Formation-87bcac39b869ba6de4fc819c89404e4c8f48964e/install) by extensions ['ignore', 'ignore_ament_install']
[0.362s] Level 1:colcon.colcon_core.package_identification:_identify(ws3_vs_old/Control-Formation-87bcac39b869ba6de4fc819c89404e4c8f48964e/install) by extension 'ignore'
[0.362s] Level 1:colcon.colcon_core.package_identification:_identify(ws3_vs_old/Control-Formation-87bcac39b869ba6de4fc819c89404e4c8f48964e/install) ignored
[0.362s] Level 1:colcon.colcon_core.package_identification:_identify(ws3_vs_old/Control-Formation-87bcac39b869ba6de4fc819c89404e4c8f48964e/log) by extensions ['ignore', 'ignore_ament_install']
[0.362s] Level 1:colcon.colcon_core.package_identification:_identify(ws3_vs_old/Control-Formation-87bcac39b869ba6de4fc819c89404e4c8f48964e/log) by extension 'ignore'
[0.362s] Level 1:colcon.colcon_core.package_identification:_identify(ws3_vs_old/Control-Formation-87bcac39b869ba6de4fc819c89404e4c8f48964e/log) ignored
[0.362s] Level 1:colcon.colcon_core.package_identification:_identify(ws3_vs_old/Control-Formation-87bcac39b869ba6de4fc819c89404e4c8f48964e/ws3) by extensions ['ignore', 'ignore_ament_install']
[0.362s] Level 1:colcon.colcon_core.package_identification:_identify(ws3_vs_old/Control-Formation-87bcac39b869ba6de4fc819c89404e4c8f48964e/ws3) by extension 'ignore'
[0.362s] Level 1:colcon.colcon_core.package_identification:_identify(ws3_vs_old/Control-Formation-87bcac39b869ba6de4fc819c89404e4c8f48964e/ws3) by extension 'ignore_ament_install'
[0.362s] Level 1:colcon.colcon_core.package_identification:_identify(ws3_vs_old/Control-Formation-87bcac39b869ba6de4fc819c89404e4c8f48964e/ws3) by extensions ['colcon_pkg']
[0.362s] Level 1:colcon.colcon_core.package_identification:_identify(ws3_vs_old/Control-Formation-87bcac39b869ba6de4fc819c89404e4c8f48964e/ws3) by extension 'colcon_pkg'
[0.362s] Level 1:colcon.colcon_core.package_identification:_identify(ws3_vs_old/Control-Formation-87bcac39b869ba6de4fc819c89404e4c8f48964e/ws3) by extensions ['colcon_meta']
[0.362s] Level 1:colcon.colcon_core.package_identification:_identify(ws3_vs_old/Control-Formation-87bcac39b869ba6de4fc819c89404e4c8f48964e/ws3) by extension 'colcon_meta'
[0.362s] Level 1:colcon.colcon_core.package_identification:_identify(ws3_vs_old/Control-Formation-87bcac39b869ba6de4fc819c89404e4c8f48964e/ws3) by extensions ['ros']
[0.362s] Level 1:colcon.colcon_core.package_identification:_identify(ws3_vs_old/Control-Formation-87bcac39b869ba6de4fc819c89404e4c8f48964e/ws3) by extension 'ros'
[0.362s] Level 1:colcon.colcon_core.package_identification:_identify(ws3_vs_old/Control-Formation-87bcac39b869ba6de4fc819c89404e4c8f48964e/ws3) by extensions ['cmake', 'python']
[0.362s] Level 1:colcon.colcon_core.package_identification:_identify(ws3_vs_old/Control-Formation-87bcac39b869ba6de4fc819c89404e4c8f48964e/ws3) by extension 'cmake'
[0.362s] Level 1:colcon.colcon_core.package_identification:_identify(ws3_vs_old/Control-Formation-87bcac39b869ba6de4fc819c89404e4c8f48964e/ws3) by extension 'python'
[0.362s] Level 1:colcon.colcon_core.package_identification:_identify(ws3_vs_old/Control-Formation-87bcac39b869ba6de4fc819c89404e4c8f48964e/ws3) by extensions ['python_setup_py']
[0.362s] Level 1:colcon.colcon_core.package_identification:_identify(ws3_vs_old/Control-Formation-87bcac39b869ba6de4fc819c89404e4c8f48964e/ws3) by extension 'python_setup_py'
[0.362s] Level 1:colcon.colcon_core.package_identification:_identify(ws3_vs_old/Control-Formation-87bcac39b869ba6de4fc819c89404e4c8f48964e/ws3/build) by extensions ['ignore', 'ignore_ament_install']
[0.362s] Level 1:colcon.colcon_core.package_identification:_identify(ws3_vs_old/Control-Formation-87bcac39b869ba6de4fc819c89404e4c8f48964e/ws3/build) by extension 'ignore'
[0.362s] Level 1:colcon.colcon_core.package_identification:_identify(ws3_vs_old/Control-Formation-87bcac39b869ba6de4fc819c89404e4c8f48964e/ws3/build) ignored
[0.362s] Level 1:colcon.colcon_core.package_identification:_identify(ws3_vs_old/Control-Formation-87bcac39b869ba6de4fc819c89404e4c8f48964e/ws3/figuras) by extensions ['ignore', 'ignore_ament_install']
[0.362s] Level 1:colcon.colcon_core.package_identification:_identify(ws3_vs_old/Control-Formation-87bcac39b869ba6de4fc819c89404e4c8f48964e/ws3/figuras) by extension 'ignore'
[0.363s] Level 1:colcon.colcon_core.package_identification:_identify(ws3_vs_old/Control-Formation-87bcac39b869ba6de4fc819c89404e4c8f48964e/ws3/figuras) by extension 'ignore_ament_install'
[0.363s] Level 1:colcon.colcon_core.package_identification:_identify(ws3_vs_old/Control-Formation-87bcac39b869ba6de4fc819c89404e4c8f48964e/ws3/figuras) by extensions ['colcon_pkg']
[0.363s] Level 1:colcon.colcon_core.package_identification:_identify(ws3_vs_old/Control-Formation-87bcac39b869ba6de4fc819c89404e4c8f48964e/ws3/figuras) by extension 'colcon_pkg'
[0.363s] Level 1:colcon.colcon_core.package_identification:_identify(ws3_vs_old/Control-Formation-87bcac39b869ba6de4fc819c89404e4c8f48964e/ws3/figuras) by extensions ['colcon_meta']
[0.363s] Level 1:colcon.colcon_core.package_identification:_identify(ws3_vs_old/Control-Formation-87bcac39b869ba6de4fc819c89404e4c8f48964e/ws3/figuras) by extension 'colcon_meta'
[0.363s] Level 1:colcon.colcon_core.package_identification:_identify(ws3_vs_old/Control-Formation-87bcac39b869ba6de4fc819c89404e4c8f48964e/ws3/figuras) by extensions ['ros']
[0.363s] Level 1:colcon.colcon_core.package_identification:_identify(ws3_vs_old/Control-Formation-87bcac39b869ba6de4fc819c89404e4c8f48964e/ws3/figuras) by extension 'ros'
[0.363s] Level 1:colcon.colcon_core.package_identification:_identify(ws3_vs_old/Control-Formation-87bcac39b869ba6de4fc819c89404e4c8f48964e/ws3/figuras) by extensions ['cmake', 'python']
[0.363s] Level 1:colcon.colcon_core.package_identification:_identify(ws3_vs_old/Control-Formation-87bcac39b869ba6de4fc819c89404e4c8f48964e/ws3/figuras) by extension 'cmake'
[0.363s] Level 1:colcon.colcon_core.package_identification:_identify(ws3_vs_old/Control-Formation-87bcac39b869ba6de4fc819c89404e4c8f48964e/ws3/figuras) by extension 'python'
[0.363s] Level 1:colcon.colcon_core.package_identification:_identify(ws3_vs_old/Control-Formation-87bcac39b869ba6de4fc819c89404e4c8f48964e/ws3/figuras) by extensions ['python_setup_py']
[0.363s] Level 1:colcon.colcon_core.package_identification:_identify(ws3_vs_old/Control-Formation-87bcac39b869ba6de4fc819c89404e4c8f48964e/ws3/figuras) by extension 'python_setup_py'
[0.363s] Level 1:colcon.colcon_core.package_identification:_identify(ws3_vs_old/Control-Formation-87bcac39b869ba6de4fc819c89404e4c8f48964e/ws3/figuras/formacion) by extensions ['ignore', 'ignore_ament_install']
[0.363s] Level 1:colcon.colcon_core.package_identification:_identify(ws3_vs_old/Control-Formation-87bcac39b869ba6de4fc819c89404e4c8f48964e/ws3/figuras/formacion) by extension 'ignore'
[0.363s] Level 1:colcon.colcon_core.package_identification:_identify(ws3_vs_old/Control-Formation-87bcac39b869ba6de4fc819c89404e4c8f48964e/ws3/figuras/formacion) by extension 'ignore_ament_install'
[0.363s] Level 1:colcon.colcon_core.package_identification:_identify(ws3_vs_old/Control-Formation-87bcac39b869ba6de4fc819c89404e4c8f48964e/ws3/figuras/formacion) by extensions ['colcon_pkg']
[0.363s] Level 1:colcon.colcon_core.package_identification:_identify(ws3_vs_old/Control-Formation-87bcac39b869ba6de4fc819c89404e4c8f48964e/ws3/figuras/formacion) by extension 'colcon_pkg'
[0.363s] Level 1:colcon.colcon_core.package_identification:_identify(ws3_vs_old/Control-Formation-87bcac39b869ba6de4fc819c89404e4c8f48964e/ws3/figuras/formacion) by extensions ['colcon_meta']
[0.363s] Level 1:colcon.colcon_core.package_identification:_identify(ws3_vs_old/Control-Formation-87bcac39b869ba6de4fc819c89404e4c8f48964e/ws3/figuras/formacion) by extension 'colcon_meta'
[0.363s] Level 1:colcon.colcon_core.package_identification:_identify(ws3_vs_old/Control-Formation-87bcac39b869ba6de4fc819c89404e4c8f48964e/ws3/figuras/formacion) by extensions ['ros']
[0.363s] Level 1:colcon.colcon_core.package_identification:_identify(ws3_vs_old/Control-Formation-87bcac39b869ba6de4fc819c89404e4c8f48964e/ws3/figuras/formacion) by extension 'ros'
[0.363s] Level 1:colcon.colcon_core.package_identification:_identify(ws3_vs_old/Control-Formation-87bcac39b869ba6de4fc819c89404e4c8f48964e/ws3/figuras/formacion) by extensions ['cmake', 'python']
[0.363s] Level 1:colcon.colcon_core.package_identification:_identify(ws3_vs_old/Control-Formation-87bcac39b869ba6de4fc819c89404e4c8f48964e/ws3/figuras/formacion) by extension 'cmake'
[0.363s] Level 1:colcon.colcon_core.package_identification:_identify(ws3_vs_old/Control-Formation-87bcac39b869ba6de4fc819c89404e4c8f48964e/ws3/figuras/formacion) by extension 'python'
[0.363s] Level 1:colcon.colcon_core.package_identification:_identify(ws3_vs_old/Control-Formation-87bcac39b869ba6de4fc819c89404e4c8f48964e/ws3/figuras/formacion) by extensions ['python_setup_py']
[0.363s] Level 1:colcon.colcon_core.package_identification:_identify(ws3_vs_old/Control-Formation-87bcac39b869ba6de4fc819c89404e4c8f48964e/ws3/figuras/formacion) by extension 'python_setup_py'
[0.363s] Level 1:colcon.colcon_core.package_identification:_identify(ws3_vs_old/Control-Formation-87bcac39b869ba6de4fc819c89404e4c8f48964e/ws3/install) by extensions ['ignore', 'ignore_ament_install']
[0.364s] Level 1:colcon.colcon_core.package_identification:_identify(ws3_vs_old/Control-Formation-87bcac39b869ba6de4fc819c89404e4c8f48964e/ws3/install) by extension 'ignore'
[0.364s] Level 1:colcon.colcon_core.package_identification:_identify(ws3_vs_old/Control-Formation-87bcac39b869ba6de4fc819c89404e4c8f48964e/ws3/install) ignored
[0.364s] Level 1:colcon.colcon_core.package_identification:_identify(ws3_vs_old/Control-Formation-87bcac39b869ba6de4fc819c89404e4c8f48964e/ws3/log) by extensions ['ignore', 'ignore_ament_install']
[0.364s] Level 1:colcon.colcon_core.package_identification:_identify(ws3_vs_old/Control-Formation-87bcac39b869ba6de4fc819c89404e4c8f48964e/ws3/log) by extension 'ignore'
[0.364s] Level 1:colcon.colcon_core.package_identification:_identify(ws3_vs_old/Control-Formation-87bcac39b869ba6de4fc819c89404e4c8f48964e/ws3/log) ignored
[0.364s] Level 1:colcon.colcon_core.package_identification:_identify(ws3_vs_old/Control-Formation-87bcac39b869ba6de4fc819c89404e4c8f48964e/ws3/src) by extensions ['ignore', 'ignore_ament_install']
[0.364s] Level 1:colcon.colcon_core.package_identification:_identify(ws3_vs_old/Control-Formation-87bcac39b869ba6de4fc819c89404e4c8f48964e/ws3/src) by extension 'ignore'
[0.364s] Level 1:colcon.colcon_core.package_identification:_identify(ws3_vs_old/Control-Formation-87bcac39b869ba6de4fc819c89404e4c8f48964e/ws3/src) by extension 'ignore_ament_install'
[0.364s] Level 1:colcon.colcon_core.package_identification:_identify(ws3_vs_old/Control-Formation-87bcac39b869ba6de4fc819c89404e4c8f48964e/ws3/src) by extensions ['colcon_pkg']
[0.364s] Level 1:colcon.colcon_core.package_identification:_identify(ws3_vs_old/Control-Formation-87bcac39b869ba6de4fc819c89404e4c8f48964e/ws3/src) by extension 'colcon_pkg'
[0.364s] Level 1:colcon.colcon_core.package_identification:_identify(ws3_vs_old/Control-Formation-87bcac39b869ba6de4fc819c89404e4c8f48964e/ws3/src) by extensions ['colcon_meta']
[0.364s] Level 1:colcon.colcon_core.package_identification:_identify(ws3_vs_old/Control-Formation-87bcac39b869ba6de4fc819c89404e4c8f48964e/ws3/src) by extension 'colcon_meta'
[0.364s] Level 1:colcon.colcon_core.package_identification:_identify(ws3_vs_old/Control-Formation-87bcac39b869ba6de4fc819c89404e4c8f48964e/ws3/src) by extensions ['ros']
[0.364s] Level 1:colcon.colcon_core.package_identification:_identify(ws3_vs_old/Control-Formation-87bcac39b869ba6de4fc819c89404e4c8f48964e/ws3/src) by extension 'ros'
[0.364s] Level 1:colcon.colcon_core.package_identification:_identify(ws3_vs_old/Control-Formation-87bcac39b869ba6de4fc819c89404e4c8f48964e/ws3/src) by extensions ['cmake', 'python']
[0.364s] Level 1:colcon.colcon_core.package_identification:_identify(ws3_vs_old/Control-Formation-87bcac39b869ba6de4fc819c89404e4c8f48964e/ws3/src) by extension 'cmake'
[0.364s] Level 1:colcon.colcon_core.package_identification:_identify(ws3_vs_old/Control-Formation-87bcac39b869ba6de4fc819c89404e4c8f48964e/ws3/src) by extension 'python'
[0.364s] Level 1:colcon.colcon_core.package_identification:_identify(ws3_vs_old/Control-Formation-87bcac39b869ba6de4fc819c89404e4c8f48964e/ws3/src) by extensions ['python_setup_py']
[0.364s] Level 1:colcon.colcon_core.package_identification:_identify(ws3_vs_old/Control-Formation-87bcac39b869ba6de4fc819c89404e4c8f48964e/ws3/src) by extension 'python_setup_py'
[0.364s] Level 1:colcon.colcon_core.package_identification:_identify(ws3_vs_old/Control-Formation-87bcac39b869ba6de4fc819c89404e4c8f48964e/ws3/src/articubot_one) by extensions ['ignore', 'ignore_ament_install']
[0.365s] Level 1:colcon.colcon_core.package_identification:_identify(ws3_vs_old/Control-Formation-87bcac39b869ba6de4fc819c89404e4c8f48964e/ws3/src/articubot_one) by extension 'ignore'
[0.365s] Level 1:colcon.colcon_core.package_identification:_identify(ws3_vs_old/Control-Formation-87bcac39b869ba6de4fc819c89404e4c8f48964e/ws3/src/articubot_one) by extension 'ignore_ament_install'
[0.365s] Level 1:colcon.colcon_core.package_identification:_identify(ws3_vs_old/Control-Formation-87bcac39b869ba6de4fc819c89404e4c8f48964e/ws3/src/articubot_one) by extensions ['colcon_pkg']
[0.365s] Level 1:colcon.colcon_core.package_identification:_identify(ws3_vs_old/Control-Formation-87bcac39b869ba6de4fc819c89404e4c8f48964e/ws3/src/articubot_one) by extension 'colcon_pkg'
[0.365s] Level 1:colcon.colcon_core.package_identification:_identify(ws3_vs_old/Control-Formation-87bcac39b869ba6de4fc819c89404e4c8f48964e/ws3/src/articubot_one) by extensions ['colcon_meta']
[0.365s] Level 1:colcon.colcon_core.package_identification:_identify(ws3_vs_old/Control-Formation-87bcac39b869ba6de4fc819c89404e4c8f48964e/ws3/src/articubot_one) by extension 'colcon_meta'
[0.365s] Level 1:colcon.colcon_core.package_identification:_identify(ws3_vs_old/Control-Formation-87bcac39b869ba6de4fc819c89404e4c8f48964e/ws3/src/articubot_one) by extensions ['ros']
[0.365s] Level 1:colcon.colcon_core.package_identification:_identify(ws3_vs_old/Control-Formation-87bcac39b869ba6de4fc819c89404e4c8f48964e/ws3/src/articubot_one) by extension 'ros'
[0.365s] DEBUG:colcon.colcon_core.package_identification:Package 'ws3_vs_old/Control-Formation-87bcac39b869ba6de4fc819c89404e4c8f48964e/ws3/src/articubot_one' with type 'ros.ament_cmake' and name 'articubot_one'
[0.365s] Level 1:colcon.colcon_core.package_identification:_identify(ws3_vs_old/Control-Formation-87bcac39b869ba6de4fc819c89404e4c8f48964e/ws3/src/control_nodes) by extensions ['ignore', 'ignore_ament_install']
[0.365s] Level 1:colcon.colcon_core.package_identification:_identify(ws3_vs_old/Control-Formation-87bcac39b869ba6de4fc819c89404e4c8f48964e/ws3/src/control_nodes) by extension 'ignore'
[0.366s] Level 1:colcon.colcon_core.package_identification:_identify(ws3_vs_old/Control-Formation-87bcac39b869ba6de4fc819c89404e4c8f48964e/ws3/src/control_nodes) by extension 'ignore_ament_install'
[0.366s] Level 1:colcon.colcon_core.package_identification:_identify(ws3_vs_old/Control-Formation-87bcac39b869ba6de4fc819c89404e4c8f48964e/ws3/src/control_nodes) by extensions ['colcon_pkg']
[0.366s] Level 1:colcon.colcon_core.package_identification:_identify(ws3_vs_old/Control-Formation-87bcac39b869ba6de4fc819c89404e4c8f48964e/ws3/src/control_nodes) by extension 'colcon_pkg'
[0.366s] Level 1:colcon.colcon_core.package_identification:_identify(ws3_vs_old/Control-Formation-87bcac39b869ba6de4fc819c89404e4c8f48964e/ws3/src/control_nodes) by extensions ['colcon_meta']
[0.366s] Level 1:colcon.colcon_core.package_identification:_identify(ws3_vs_old/Control-Formation-87bcac39b869ba6de4fc819c89404e4c8f48964e/ws3/src/control_nodes) by extension 'colcon_meta'
[0.366s] Level 1:colcon.colcon_core.package_identification:_identify(ws3_vs_old/Control-Formation-87bcac39b869ba6de4fc819c89404e4c8f48964e/ws3/src/control_nodes) by extensions ['ros']
[0.366s] Level 1:colcon.colcon_core.package_identification:_identify(ws3_vs_old/Control-Formation-87bcac39b869ba6de4fc819c89404e4c8f48964e/ws3/src/control_nodes) by extension 'ros'
[0.366s] DEBUG:colcon.colcon_core.package_identification:Package 'ws3_vs_old/Control-Formation-87bcac39b869ba6de4fc819c89404e4c8f48964e/ws3/src/control_nodes' with type 'ros.ament_python' and name 'control_nodes'
[0.367s] Level 1:colcon.colcon_core.package_identification:_identify(ws3_vs_old/Control-Formation-87bcac39b869ba6de4fc819c89404e4c8f48964e/ws3/src/multi_robot_interfaces) by extensions ['ignore', 'ignore_ament_install']
[0.367s] Level 1:colcon.colcon_core.package_identification:_identify(ws3_vs_old/Control-Formation-87bcac39b869ba6de4fc819c89404e4c8f48964e/ws3/src/multi_robot_interfaces) by extension 'ignore'
[0.367s] Level 1:colcon.colcon_core.package_identification:_identify(ws3_vs_old/Control-Formation-87bcac39b869ba6de4fc819c89404e4c8f48964e/ws3/src/multi_robot_interfaces) by extension 'ignore_ament_install'
[0.367s] Level 1:colcon.colcon_core.package_identification:_identify(ws3_vs_old/Control-Formation-87bcac39b869ba6de4fc819c89404e4c8f48964e/ws3/src/multi_robot_interfaces) by extensions ['colcon_pkg']
[0.367s] Level 1:colcon.colcon_core.package_identification:_identify(ws3_vs_old/Control-Formation-87bcac39b869ba6de4fc819c89404e4c8f48964e/ws3/src/multi_robot_interfaces) by extension 'colcon_pkg'
[0.367s] Level 1:colcon.colcon_core.package_identification:_identify(ws3_vs_old/Control-Formation-87bcac39b869ba6de4fc819c89404e4c8f48964e/ws3/src/multi_robot_interfaces) by extensions ['colcon_meta']
[0.367s] Level 1:colcon.colcon_core.package_identification:_identify(ws3_vs_old/Control-Formation-87bcac39b869ba6de4fc819c89404e4c8f48964e/ws3/src/multi_robot_interfaces) by extension 'colcon_meta'
[0.367s] Level 1:colcon.colcon_core.package_identification:_identify(ws3_vs_old/Control-Formation-87bcac39b869ba6de4fc819c89404e4c8f48964e/ws3/src/multi_robot_interfaces) by extensions ['ros']
[0.367s] Level 1:colcon.colcon_core.package_identification:_identify(ws3_vs_old/Control-Formation-87bcac39b869ba6de4fc819c89404e4c8f48964e/ws3/src/multi_robot_interfaces) by extension 'ros'
[0.367s] DEBUG:colcon.colcon_core.package_identification:Package 'ws3_vs_old/Control-Formation-87bcac39b869ba6de4fc819c89404e4c8f48964e/ws3/src/multi_robot_interfaces' with type 'ros.ament_cmake' and name 'multi_robot_interfaces'
[0.367s] Level 1:colcon.colcon_core.package_identification:_identify(ws3_vs_old/Control-Formation-87bcac39b869ba6de4fc819c89404e4c8f48964e/ws3/src/simulador) by extensions ['ignore', 'ignore_ament_install']
[0.367s] Level 1:colcon.colcon_core.package_identification:_identify(ws3_vs_old/Control-Formation-87bcac39b869ba6de4fc819c89404e4c8f48964e/ws3/src/simulador) by extension 'ignore'
[0.368s] Level 1:colcon.colcon_core.package_identification:_identify(ws3_vs_old/Control-Formation-87bcac39b869ba6de4fc819c89404e4c8f48964e/ws3/src/simulador) by extension 'ignore_ament_install'
[0.368s] Level 1:colcon.colcon_core.package_identification:_identify(ws3_vs_old/Control-Formation-87bcac39b869ba6de4fc819c89404e4c8f48964e/ws3/src/simulador) by extensions ['colcon_pkg']
[0.368s] Level 1:colcon.colcon_core.package_identification:_identify(ws3_vs_old/Control-Formation-87bcac39b869ba6de4fc819c89404e4c8f48964e/ws3/src/simulador) by extension 'colcon_pkg'
[0.368s] Level 1:colcon.colcon_core.package_identification:_identify(ws3_vs_old/Control-Formation-87bcac39b869ba6de4fc819c89404e4c8f48964e/ws3/src/simulador) by extensions ['colcon_meta']
[0.368s] Level 1:colcon.colcon_core.package_identification:_identify(ws3_vs_old/Control-Formation-87bcac39b869ba6de4fc819c89404e4c8f48964e/ws3/src/simulador) by extension 'colcon_meta'
[0.368s] Level 1:colcon.colcon_core.package_identification:_identify(ws3_vs_old/Control-Formation-87bcac39b869ba6de4fc819c89404e4c8f48964e/ws3/src/simulador) by extensions ['ros']
[0.368s] Level 1:colcon.colcon_core.package_identification:_identify(ws3_vs_old/Control-Formation-87bcac39b869ba6de4fc819c89404e4c8f48964e/ws3/src/simulador) by extension 'ros'
[0.368s] DEBUG:colcon.colcon_core.package_identification:Package 'ws3_vs_old/Control-Formation-87bcac39b869ba6de4fc819c89404e4c8f48964e/ws3/src/simulador' with type 'ros.ament_python' and name 'simulador'
[0.368s] Level 1:colcon.colcon_core.package_identification:_identify(ws3_vs_old/Control-Formation-87bcac39b869ba6de4fc819c89404e4c8f48964e/ws3/ws3_p) by extensions ['ignore', 'ignore_ament_install']
[0.369s] Level 1:colcon.colcon_core.package_identification:_identify(ws3_vs_old/Control-Formation-87bcac39b869ba6de4fc819c89404e4c8f48964e/ws3/ws3_p) by extension 'ignore'
[0.369s] Level 1:colcon.colcon_core.package_identification:_identify(ws3_vs_old/Control-Formation-87bcac39b869ba6de4fc819c89404e4c8f48964e/ws3/ws3_p) by extension 'ignore_ament_install'
[0.369s] Level 1:colcon.colcon_core.package_identification:_identify(ws3_vs_old/Control-Formation-87bcac39b869ba6de4fc819c89404e4c8f48964e/ws3/ws3_p) by extensions ['colcon_pkg']
[0.369s] Level 1:colcon.colcon_core.package_identification:_identify(ws3_vs_old/Control-Formation-87bcac39b869ba6de4fc819c89404e4c8f48964e/ws3/ws3_p) by extension 'colcon_pkg'
[0.369s] Level 1:colcon.colcon_core.package_identification:_identify(ws3_vs_old/Control-Formation-87bcac39b869ba6de4fc819c89404e4c8f48964e/ws3/ws3_p) by extensions ['colcon_meta']
[0.369s] Level 1:colcon.colcon_core.package_identification:_identify(ws3_vs_old/Control-Formation-87bcac39b869ba6de4fc819c89404e4c8f48964e/ws3/ws3_p) by extension 'colcon_meta'
[0.369s] Level 1:colcon.colcon_core.package_identification:_identify(ws3_vs_old/Control-Formation-87bcac39b869ba6de4fc819c89404e4c8f48964e/ws3/ws3_p) by extensions ['ros']
[0.369s] Level 1:colcon.colcon_core.package_identification:_identify(ws3_vs_old/Control-Formation-87bcac39b869ba6de4fc819c89404e4c8f48964e/ws3/ws3_p) by extension 'ros'
[0.369s] Level 1:colcon.colcon_core.package_identification:_identify(ws3_vs_old/Control-Formation-87bcac39b869ba6de4fc819c89404e4c8f48964e/ws3/ws3_p) by extensions ['cmake', 'python']
[0.369s] Level 1:colcon.colcon_core.package_identification:_identify(ws3_vs_old/Control-Formation-87bcac39b869ba6de4fc819c89404e4c8f48964e/ws3/ws3_p) by extension 'cmake'
[0.369s] Level 1:colcon.colcon_core.package_identification:_identify(ws3_vs_old/Control-Formation-87bcac39b869ba6de4fc819c89404e4c8f48964e/ws3/ws3_p) by extension 'python'
[0.369s] Level 1:colcon.colcon_core.package_identification:_identify(ws3_vs_old/Control-Formation-87bcac39b869ba6de4fc819c89404e4c8f48964e/ws3/ws3_p) by extensions ['python_setup_py']
[0.369s] Level 1:colcon.colcon_core.package_identification:_identify(ws3_vs_old/Control-Formation-87bcac39b869ba6de4fc819c89404e4c8f48964e/ws3/ws3_p) by extension 'python_setup_py'
[0.369s] Level 1:colcon.colcon_core.package_identification:_identify(ws3_vs_old/Control-Formation-87bcac39b869ba6de4fc819c89404e4c8f48964e/ws3/ws3_p/algorithms) by extensions ['ignore', 'ignore_ament_install']
[0.369s] Level 1:colcon.colcon_core.package_identification:_identify(ws3_vs_old/Control-Formation-87bcac39b869ba6de4fc819c89404e4c8f48964e/ws3/ws3_p/algorithms) by extension 'ignore'
[0.369s] Level 1:colcon.colcon_core.package_identification:_identify(ws3_vs_old/Control-Formation-87bcac39b869ba6de4fc819c89404e4c8f48964e/ws3/ws3_p/algorithms) by extension 'ignore_ament_install'
[0.369s] Level 1:colcon.colcon_core.package_identification:_identify(ws3_vs_old/Control-Formation-87bcac39b869ba6de4fc819c89404e4c8f48964e/ws3/ws3_p/algorithms) by extensions ['colcon_pkg']
[0.369s] Level 1:colcon.colcon_core.package_identification:_identify(ws3_vs_old/Control-Formation-87bcac39b869ba6de4fc819c89404e4c8f48964e/ws3/ws3_p/algorithms) by extension 'colcon_pkg'
[0.369s] Level 1:colcon.colcon_core.package_identification:_identify(ws3_vs_old/Control-Formation-87bcac39b869ba6de4fc819c89404e4c8f48964e/ws3/ws3_p/algorithms) by extensions ['colcon_meta']
[0.369s] Level 1:colcon.colcon_core.package_identification:_identify(ws3_vs_old/Control-Formation-87bcac39b869ba6de4fc819c89404e4c8f48964e/ws3/ws3_p/algorithms) by extension 'colcon_meta'
[0.369s] Level 1:colcon.colcon_core.package_identification:_identify(ws3_vs_old/Control-Formation-87bcac39b869ba6de4fc819c89404e4c8f48964e/ws3/ws3_p/algorithms) by extensions ['ros']
[0.369s] Level 1:colcon.colcon_core.package_identification:_identify(ws3_vs_old/Control-Formation-87bcac39b869ba6de4fc819c89404e4c8f48964e/ws3/ws3_p/algorithms) by extension 'ros'
[0.369s] Level 1:colcon.colcon_core.package_identification:_identify(ws3_vs_old/Control-Formation-87bcac39b869ba6de4fc819c89404e4c8f48964e/ws3/ws3_p/algorithms) by extensions ['cmake', 'python']
[0.369s] Level 1:colcon.colcon_core.package_identification:_identify(ws3_vs_old/Control-Formation-87bcac39b869ba6de4fc819c89404e4c8f48964e/ws3/ws3_p/algorithms) by extension 'cmake'
[0.369s] Level 1:colcon.colcon_core.package_identification:_identify(ws3_vs_old/Control-Formation-87bcac39b869ba6de4fc819c89404e4c8f48964e/ws3/ws3_p/algorithms) by extension 'python'
[0.369s] Level 1:colcon.colcon_core.package_identification:_identify(ws3_vs_old/Control-Formation-87bcac39b869ba6de4fc819c89404e4c8f48964e/ws3/ws3_p/algorithms) by extensions ['python_setup_py']
[0.369s] Level 1:colcon.colcon_core.package_identification:_identify(ws3_vs_old/Control-Formation-87bcac39b869ba6de4fc819c89404e4c8f48964e/ws3/ws3_p/algorithms) by extension 'python_setup_py'
[0.370s] Level 1:colcon.colcon_core.package_identification:_identify(ws3_vs_old/Control-Formation-87bcac39b869ba6de4fc819c89404e4c8f48964e/ws3/ws3_p/algorithms/__pycache__) by extensions ['ignore', 'ignore_ament_install']
[0.370s] Level 1:colcon.colcon_core.package_identification:_identify(ws3_vs_old/Control-Formation-87bcac39b869ba6de4fc819c89404e4c8f48964e/ws3/ws3_p/algorithms/__pycache__) by extension 'ignore'
[0.370s] Level 1:colcon.colcon_core.package_identification:_identify(ws3_vs_old/Control-Formation-87bcac39b869ba6de4fc819c89404e4c8f48964e/ws3/ws3_p/algorithms/__pycache__) by extension 'ignore_ament_install'
[0.370s] Level 1:colcon.colcon_core.package_identification:_identify(ws3_vs_old/Control-Formation-87bcac39b869ba6de4fc819c89404e4c8f48964e/ws3/ws3_p/algorithms/__pycache__) by extensions ['colcon_pkg']
[0.370s] Level 1:colcon.colcon_core.package_identification:_identify(ws3_vs_old/Control-Formation-87bcac39b869ba6de4fc819c89404e4c8f48964e/ws3/ws3_p/algorithms/__pycache__) by extension 'colcon_pkg'
[0.370s] Level 1:colcon.colcon_core.package_identification:_identify(ws3_vs_old/Control-Formation-87bcac39b869ba6de4fc819c89404e4c8f48964e/ws3/ws3_p/algorithms/__pycache__) by extensions ['colcon_meta']
[0.370s] Level 1:colcon.colcon_core.package_identification:_identify(ws3_vs_old/Control-Formation-87bcac39b869ba6de4fc819c89404e4c8f48964e/ws3/ws3_p/algorithms/__pycache__) by extension 'colcon_meta'
[0.370s] Level 1:colcon.colcon_core.package_identification:_identify(ws3_vs_old/Control-Formation-87bcac39b869ba6de4fc819c89404e4c8f48964e/ws3/ws3_p/algorithms/__pycache__) by extensions ['ros']
[0.370s] Level 1:colcon.colcon_core.package_identification:_identify(ws3_vs_old/Control-Formation-87bcac39b869ba6de4fc819c89404e4c8f48964e/ws3/ws3_p/algorithms/__pycache__) by extension 'ros'
[0.370s] Level 1:colcon.colcon_core.package_identification:_identify(ws3_vs_old/Control-Formation-87bcac39b869ba6de4fc819c89404e4c8f48964e/ws3/ws3_p/algorithms/__pycache__) by extensions ['cmake', 'python']
[0.370s] Level 1:colcon.colcon_core.package_identification:_identify(ws3_vs_old/Control-Formation-87bcac39b869ba6de4fc819c89404e4c8f48964e/ws3/ws3_p/algorithms/__pycache__) by extension 'cmake'
[0.370s] Level 1:colcon.colcon_core.package_identification:_identify(ws3_vs_old/Control-Formation-87bcac39b869ba6de4fc819c89404e4c8f48964e/ws3/ws3_p/algorithms/__pycache__) by extension 'python'
[0.370s] Level 1:colcon.colcon_core.package_identification:_identify(ws3_vs_old/Control-Formation-87bcac39b869ba6de4fc819c89404e4c8f48964e/ws3/ws3_p/algorithms/__pycache__) by extensions ['python_setup_py']
[0.370s] Level 1:colcon.colcon_core.package_identification:_identify(ws3_vs_old/Control-Formation-87bcac39b869ba6de4fc819c89404e4c8f48964e/ws3/ws3_p/algorithms/__pycache__) by extension 'python_setup_py'
[0.370s] Level 1:colcon.colcon_core.package_identification:_identify(ws3_vs_old/Control-Formation-87bcac39b869ba6de4fc819c89404e4c8f48964e/ws3/ws3_p/figuras) by extensions ['ignore', 'ignore_ament_install']
[0.370s] Level 1:colcon.colcon_core.package_identification:_identify(ws3_vs_old/Control-Formation-87bcac39b869ba6de4fc819c89404e4c8f48964e/ws3/ws3_p/figuras) by extension 'ignore'
[0.370s] Level 1:colcon.colcon_core.package_identification:_identify(ws3_vs_old/Control-Formation-87bcac39b869ba6de4fc819c89404e4c8f48964e/ws3/ws3_p/figuras) by extension 'ignore_ament_install'
[0.370s] Level 1:colcon.colcon_core.package_identification:_identify(ws3_vs_old/Control-Formation-87bcac39b869ba6de4fc819c89404e4c8f48964e/ws3/ws3_p/figuras) by extensions ['colcon_pkg']
[0.370s] Level 1:colcon.colcon_core.package_identification:_identify(ws3_vs_old/Control-Formation-87bcac39b869ba6de4fc819c89404e4c8f48964e/ws3/ws3_p/figuras) by extension 'colcon_pkg'
[0.370s] Level 1:colcon.colcon_core.package_identification:_identify(ws3_vs_old/Control-Formation-87bcac39b869ba6de4fc819c89404e4c8f48964e/ws3/ws3_p/figuras) by extensions ['colcon_meta']
[0.370s] Level 1:colcon.colcon_core.package_identification:_identify(ws3_vs_old/Control-Formation-87bcac39b869ba6de4fc819c89404e4c8f48964e/ws3/ws3_p/figuras) by extension 'colcon_meta'
[0.370s] Level 1:colcon.colcon_core.package_identification:_identify(ws3_vs_old/Control-Formation-87bcac39b869ba6de4fc819c89404e4c8f48964e/ws3/ws3_p/figuras) by extensions ['ros']
[0.370s] Level 1:colcon.colcon_core.package_identification:_identify(ws3_vs_old/Control-Formation-87bcac39b869ba6de4fc819c89404e4c8f48964e/ws3/ws3_p/figuras) by extension 'ros'
[0.370s] Level 1:colcon.colcon_core.package_identification:_identify(ws3_vs_old/Control-Formation-87bcac39b869ba6de4fc819c89404e4c8f48964e/ws3/ws3_p/figuras) by extensions ['cmake', 'python']
[0.370s] Level 1:colcon.colcon_core.package_identification:_identify(ws3_vs_old/Control-Formation-87bcac39b869ba6de4fc819c89404e4c8f48964e/ws3/ws3_p/figuras) by extension 'cmake'
[0.370s] Level 1:colcon.colcon_core.package_identification:_identify(ws3_vs_old/Control-Formation-87bcac39b869ba6de4fc819c89404e4c8f48964e/ws3/ws3_p/figuras) by extension 'python'
[0.370s] Level 1:colcon.colcon_core.package_identification:_identify(ws3_vs_old/Control-Formation-87bcac39b869ba6de4fc819c89404e4c8f48964e/ws3/ws3_p/figuras) by extensions ['python_setup_py']
[0.370s] Level 1:colcon.colcon_core.package_identification:_identify(ws3_vs_old/Control-Formation-87bcac39b869ba6de4fc819c89404e4c8f48964e/ws3/ws3_p/figuras) by extension 'python_setup_py'
[0.371s] Level 1:colcon.colcon_core.package_identification:_identify(ws3_vs_old/Control-Formation-87bcac39b869ba6de4fc819c89404e4c8f48964e/ws3/ws3_p/figuras/s02b_radio_scan) by extensions ['ignore', 'ignore_ament_install']
[0.371s] Level 1:colcon.colcon_core.package_identification:_identify(ws3_vs_old/Control-Formation-87bcac39b869ba6de4fc819c89404e4c8f48964e/ws3/ws3_p/figuras/s02b_radio_scan) by extension 'ignore'
[0.371s] Level 1:colcon.colcon_core.package_identification:_identify(ws3_vs_old/Control-Formation-87bcac39b869ba6de4fc819c89404e4c8f48964e/ws3/ws3_p/figuras/s02b_radio_scan) by extension 'ignore_ament_install'
[0.371s] Level 1:colcon.colcon_core.package_identification:_identify(ws3_vs_old/Control-Formation-87bcac39b869ba6de4fc819c89404e4c8f48964e/ws3/ws3_p/figuras/s02b_radio_scan) by extensions ['colcon_pkg']
[0.371s] Level 1:colcon.colcon_core.package_identification:_identify(ws3_vs_old/Control-Formation-87bcac39b869ba6de4fc819c89404e4c8f48964e/ws3/ws3_p/figuras/s02b_radio_scan) by extension 'colcon_pkg'
[0.371s] Level 1:colcon.colcon_core.package_identification:_identify(ws3_vs_old/Control-Formation-87bcac39b869ba6de4fc819c89404e4c8f48964e/ws3/ws3_p/figuras/s02b_radio_scan) by extensions ['colcon_meta']
[0.371s] Level 1:colcon.colcon_core.package_identification:_identify(ws3_vs_old/Control-Formation-87bcac39b869ba6de4fc819c89404e4c8f48964e/ws3/ws3_p/figuras/s02b_radio_scan) by extension 'colcon_meta'
[0.371s] Level 1:colcon.colcon_core.package_identification:_identify(ws3_vs_old/Control-Formation-87bcac39b869ba6de4fc819c89404e4c8f48964e/ws3/ws3_p/figuras/s02b_radio_scan) by extensions ['ros']
[0.371s] Level 1:colcon.colcon_core.package_identification:_identify(ws3_vs_old/Control-Formation-87bcac39b869ba6de4fc819c89404e4c8f48964e/ws3/ws3_p/figuras/s02b_radio_scan) by extension 'ros'
[0.371s] Level 1:colcon.colcon_core.package_identification:_identify(ws3_vs_old/Control-Formation-87bcac39b869ba6de4fc819c89404e4c8f48964e/ws3/ws3_p/figuras/s02b_radio_scan) by extensions ['cmake', 'python']
[0.371s] Level 1:colcon.colcon_core.package_identification:_identify(ws3_vs_old/Control-Formation-87bcac39b869ba6de4fc819c89404e4c8f48964e/ws3/ws3_p/figuras/s02b_radio_scan) by extension 'cmake'
[0.371s] Level 1:colcon.colcon_core.package_identification:_identify(ws3_vs_old/Control-Formation-87bcac39b869ba6de4fc819c89404e4c8f48964e/ws3/ws3_p/figuras/s02b_radio_scan) by extension 'python'
[0.371s] Level 1:colcon.colcon_core.package_identification:_identify(ws3_vs_old/Control-Formation-87bcac39b869ba6de4fc819c89404e4c8f48964e/ws3/ws3_p/figuras/s02b_radio_scan) by extensions ['python_setup_py']
[0.371s] Level 1:colcon.colcon_core.package_identification:_identify(ws3_vs_old/Control-Formation-87bcac39b869ba6de4fc819c89404e4c8f48964e/ws3/ws3_p/figuras/s02b_radio_scan) by extension 'python_setup_py'
[0.371s] Level 1:colcon.colcon_core.package_identification:_identify(ws3_vs_old/Control-Formation-87bcac39b869ba6de4fc819c89404e4c8f48964e/ws3/ws3_p/figuras/s03_pivot_90) by extensions ['ignore', 'ignore_ament_install']
[0.371s] Level 1:colcon.colcon_core.package_identification:_identify(ws3_vs_old/Control-Formation-87bcac39b869ba6de4fc819c89404e4c8f48964e/ws3/ws3_p/figuras/s03_pivot_90) by extension 'ignore'
[0.371s] Level 1:colcon.colcon_core.package_identification:_identify(ws3_vs_old/Control-Formation-87bcac39b869ba6de4fc819c89404e4c8f48964e/ws3/ws3_p/figuras/s03_pivot_90) by extension 'ignore_ament_install'
[0.371s] Level 1:colcon.colcon_core.package_identification:_identify(ws3_vs_old/Control-Formation-87bcac39b869ba6de4fc819c89404e4c8f48964e/ws3/ws3_p/figuras/s03_pivot_90) by extensions ['colcon_pkg']
[0.371s] Level 1:colcon.colcon_core.package_identification:_identify(ws3_vs_old/Control-Formation-87bcac39b869ba6de4fc819c89404e4c8f48964e/ws3/ws3_p/figuras/s03_pivot_90) by extension 'colcon_pkg'
[0.371s] Level 1:colcon.colcon_core.package_identification:_identify(ws3_vs_old/Control-Formation-87bcac39b869ba6de4fc819c89404e4c8f48964e/ws3/ws3_p/figuras/s03_pivot_90) by extensions ['colcon_meta']
[0.371s] Level 1:colcon.colcon_core.package_identification:_identify(ws3_vs_old/Control-Formation-87bcac39b869ba6de4fc819c89404e4c8f48964e/ws3/ws3_p/figuras/s03_pivot_90) by extension 'colcon_meta'
[0.371s] Level 1:colcon.colcon_core.package_identification:_identify(ws3_vs_old/Control-Formation-87bcac39b869ba6de4fc819c89404e4c8f48964e/ws3/ws3_p/figuras/s03_pivot_90) by extensions ['ros']
[0.371s] Level 1:colcon.colcon_core.package_identification:_identify(ws3_vs_old/Control-Formation-87bcac39b869ba6de4fc819c89404e4c8f48964e/ws3/ws3_p/figuras/s03_pivot_90) by extension 'ros'
[0.371s] Level 1:colcon.colcon_core.package_identification:_identify(ws3_vs_old/Control-Formation-87bcac39b869ba6de4fc819c89404e4c8f48964e/ws3/ws3_p/figuras/s03_pivot_90) by extensions ['cmake', 'python']
[0.372s] Level 1:colcon.colcon_core.package_identification:_identify(ws3_vs_old/Control-Formation-87bcac39b869ba6de4fc819c89404e4c8f48964e/ws3/ws3_p/figuras/s03_pivot_90) by extension 'cmake'
[0.372s] Level 1:colcon.colcon_core.package_identification:_identify(ws3_vs_old/Control-Formation-87bcac39b869ba6de4fc819c89404e4c8f48964e/ws3/ws3_p/figuras/s03_pivot_90) by extension 'python'
[0.372s] Level 1:colcon.colcon_core.package_identification:_identify(ws3_vs_old/Control-Formation-87bcac39b869ba6de4fc819c89404e4c8f48964e/ws3/ws3_p/figuras/s03_pivot_90) by extensions ['python_setup_py']
[0.372s] Level 1:colcon.colcon_core.package_identification:_identify(ws3_vs_old/Control-Formation-87bcac39b869ba6de4fc819c89404e4c8f48964e/ws3/ws3_p/figuras/s03_pivot_90) by extension 'python_setup_py'
[0.372s] Level 1:colcon.colcon_core.package_identification:_identify(ws3_vs_old/Control-Formation-87bcac39b869ba6de4fc819c89404e4c8f48964e/ws3/ws3_p/figuras/s03_scan) by extensions ['ignore', 'ignore_ament_install']
[0.372s] Level 1:colcon.colcon_core.package_identification:_identify(ws3_vs_old/Control-Formation-87bcac39b869ba6de4fc819c89404e4c8f48964e/ws3/ws3_p/figuras/s03_scan) by extension 'ignore'
[0.372s] Level 1:colcon.colcon_core.package_identification:_identify(ws3_vs_old/Control-Formation-87bcac39b869ba6de4fc819c89404e4c8f48964e/ws3/ws3_p/figuras/s03_scan) by extension 'ignore_ament_install'
[0.372s] Level 1:colcon.colcon_core.package_identification:_identify(ws3_vs_old/Control-Formation-87bcac39b869ba6de4fc819c89404e4c8f48964e/ws3/ws3_p/figuras/s03_scan) by extensions ['colcon_pkg']
[0.372s] Level 1:colcon.colcon_core.package_identification:_identify(ws3_vs_old/Control-Formation-87bcac39b869ba6de4fc819c89404e4c8f48964e/ws3/ws3_p/figuras/s03_scan) by extension 'colcon_pkg'
[0.372s] Level 1:colcon.colcon_core.package_identification:_identify(ws3_vs_old/Control-Formation-87bcac39b869ba6de4fc819c89404e4c8f48964e/ws3/ws3_p/figuras/s03_scan) by extensions ['colcon_meta']
[0.372s] Level 1:colcon.colcon_core.package_identification:_identify(ws3_vs_old/Control-Formation-87bcac39b869ba6de4fc819c89404e4c8f48964e/ws3/ws3_p/figuras/s03_scan) by extension 'colcon_meta'
[0.372s] Level 1:colcon.colcon_core.package_identification:_identify(ws3_vs_old/Control-Formation-87bcac39b869ba6de4fc819c89404e4c8f48964e/ws3/ws3_p/figuras/s03_scan) by extensions ['ros']
[0.372s] Level 1:colcon.colcon_core.package_identification:_identify(ws3_vs_old/Control-Formation-87bcac39b869ba6de4fc819c89404e4c8f48964e/ws3/ws3_p/figuras/s03_scan) by extension 'ros'
[0.372s] Level 1:colcon.colcon_core.package_identification:_identify(ws3_vs_old/Control-Formation-87bcac39b869ba6de4fc819c89404e4c8f48964e/ws3/ws3_p/figuras/s03_scan) by extensions ['cmake', 'python']
[0.372s] Level 1:colcon.colcon_core.package_identification:_identify(ws3_vs_old/Control-Formation-87bcac39b869ba6de4fc819c89404e4c8f48964e/ws3/ws3_p/figuras/s03_scan) by extension 'cmake'
[0.372s] Level 1:colcon.colcon_core.package_identification:_identify(ws3_vs_old/Control-Formation-87bcac39b869ba6de4fc819c89404e4c8f48964e/ws3/ws3_p/figuras/s03_scan) by extension 'python'
[0.372s] Level 1:colcon.colcon_core.package_identification:_identify(ws3_vs_old/Control-Formation-87bcac39b869ba6de4fc819c89404e4c8f48964e/ws3/ws3_p/figuras/s03_scan) by extensions ['python_setup_py']
[0.372s] Level 1:colcon.colcon_core.package_identification:_identify(ws3_vs_old/Control-Formation-87bcac39b869ba6de4fc819c89404e4c8f48964e/ws3/ws3_p/figuras/s03_scan) by extension 'python_setup_py'
[0.372s] Level 1:colcon.colcon_core.package_identification:_identify(ws3_vs_old/Control-Formation-87bcac39b869ba6de4fc819c89404e4c8f48964e/ws3/ws3_p/figuras/s04_circulo_pivote) by extensions ['ignore', 'ignore_ament_install']
[0.372s] Level 1:colcon.colcon_core.package_identification:_identify(ws3_vs_old/Control-Formation-87bcac39b869ba6de4fc819c89404e4c8f48964e/ws3/ws3_p/figuras/s04_circulo_pivote) by extension 'ignore'
[0.372s] Level 1:colcon.colcon_core.package_identification:_identify(ws3_vs_old/Control-Formation-87bcac39b869ba6de4fc819c89404e4c8f48964e/ws3/ws3_p/figuras/s04_circulo_pivote) by extension 'ignore_ament_install'
[0.372s] Level 1:colcon.colcon_core.package_identification:_identify(ws3_vs_old/Control-Formation-87bcac39b869ba6de4fc819c89404e4c8f48964e/ws3/ws3_p/figuras/s04_circulo_pivote) by extensions ['colcon_pkg']
[0.372s] Level 1:colcon.colcon_core.package_identification:_identify(ws3_vs_old/Control-Formation-87bcac39b869ba6de4fc819c89404e4c8f48964e/ws3/ws3_p/figuras/s04_circulo_pivote) by extension 'colcon_pkg'
[0.372s] Level 1:colcon.colcon_core.package_identification:_identify(ws3_vs_old/Control-Formation-87bcac39b869ba6de4fc819c89404e4c8f48964e/ws3/ws3_p/figuras/s04_circulo_pivote) by extensions ['colcon_meta']
[0.372s] Level 1:colcon.colcon_core.package_identification:_identify(ws3_vs_old/Control-Formation-87bcac39b869ba6de4fc819c89404e4c8f48964e/ws3/ws3_p/figuras/s04_circulo_pivote) by extension 'colcon_meta'
[0.372s] Level 1:colcon.colcon_core.package_identification:_identify(ws3_vs_old/Control-Formation-87bcac39b869ba6de4fc819c89404e4c8f48964e/ws3/ws3_p/figuras/s04_circulo_pivote) by extensions ['ros']
[0.372s] Level 1:colcon.colcon_core.package_identification:_identify(ws3_vs_old/Control-Formation-87bcac39b869ba6de4fc819c89404e4c8f48964e/ws3/ws3_p/figuras/s04_circulo_pivote) by extension 'ros'
[0.373s] Level 1:colcon.colcon_core.package_identification:_identify(ws3_vs_old/Control-Formation-87bcac39b869ba6de4fc819c89404e4c8f48964e/ws3/ws3_p/figuras/s04_circulo_pivote) by extensions ['cmake', 'python']
[0.373s] Level 1:colcon.colcon_core.package_identification:_identify(ws3_vs_old/Control-Formation-87bcac39b869ba6de4fc819c89404e4c8f48964e/ws3/ws3_p/figuras/s04_circulo_pivote) by extension 'cmake'
[0.373s] Level 1:colcon.colcon_core.package_identification:_identify(ws3_vs_old/Control-Formation-87bcac39b869ba6de4fc819c89404e4c8f48964e/ws3/ws3_p/figuras/s04_circulo_pivote) by extension 'python'
[0.373s] Level 1:colcon.colcon_core.package_identification:_identify(ws3_vs_old/Control-Formation-87bcac39b869ba6de4fc819c89404e4c8f48964e/ws3/ws3_p/figuras/s04_circulo_pivote) by extensions ['python_setup_py']
[0.373s] Level 1:colcon.colcon_core.package_identification:_identify(ws3_vs_old/Control-Formation-87bcac39b869ba6de4fc819c89404e4c8f48964e/ws3/ws3_p/figuras/s04_circulo_pivote) by extension 'python_setup_py'
[0.373s] Level 1:colcon.colcon_core.package_identification:_identify(ws3_vs_old/Control-Formation-87bcac39b869ba6de4fc819c89404e4c8f48964e/ws3/ws3_p/figuras/s05_circulo) by extensions ['ignore', 'ignore_ament_install']
[0.373s] Level 1:colcon.colcon_core.package_identification:_identify(ws3_vs_old/Control-Formation-87bcac39b869ba6de4fc819c89404e4c8f48964e/ws3/ws3_p/figuras/s05_circulo) by extension 'ignore'
[0.373s] Level 1:colcon.colcon_core.package_identification:_identify(ws3_vs_old/Control-Formation-87bcac39b869ba6de4fc819c89404e4c8f48964e/ws3/ws3_p/figuras/s05_circulo) by extension 'ignore_ament_install'
[0.373s] Level 1:colcon.colcon_core.package_identification:_identify(ws3_vs_old/Control-Formation-87bcac39b869ba6de4fc819c89404e4c8f48964e/ws3/ws3_p/figuras/s05_circulo) by extensions ['colcon_pkg']
[0.373s] Level 1:colcon.colcon_core.package_identification:_identify(ws3_vs_old/Control-Formation-87bcac39b869ba6de4fc819c89404e4c8f48964e/ws3/ws3_p/figuras/s05_circulo) by extension 'colcon_pkg'
[0.373s] Level 1:colcon.colcon_core.package_identification:_identify(ws3_vs_old/Control-Formation-87bcac39b869ba6de4fc819c89404e4c8f48964e/ws3/ws3_p/figuras/s05_circulo) by extensions ['colcon_meta']
[0.373s] Level 1:colcon.colcon_core.package_identification:_identify(ws3_vs_old/Control-Formation-87bcac39b869ba6de4fc819c89404e4c8f48964e/ws3/ws3_p/figuras/s05_circulo) by extension 'colcon_meta'
[0.373s] Level 1:colcon.colcon_core.package_identification:_identify(ws3_vs_old/Control-Formation-87bcac39b869ba6de4fc819c89404e4c8f48964e/ws3/ws3_p/figuras/s05_circulo) by extensions ['ros']
[0.373s] Level 1:colcon.colcon_core.package_identification:_identify(ws3_vs_old/Control-Formation-87bcac39b869ba6de4fc819c89404e4c8f48964e/ws3/ws3_p/figuras/s05_circulo) by extension 'ros'
[0.373s] Level 1:colcon.colcon_core.package_identification:_identify(ws3_vs_old/Control-Formation-87bcac39b869ba6de4fc819c89404e4c8f48964e/ws3/ws3_p/figuras/s05_circulo) by extensions ['cmake', 'python']
[0.373s] Level 1:colcon.colcon_core.package_identification:_identify(ws3_vs_old/Control-Formation-87bcac39b869ba6de4fc819c89404e4c8f48964e/ws3/ws3_p/figuras/s05_circulo) by extension 'cmake'
[0.373s] Level 1:colcon.colcon_core.package_identification:_identify(ws3_vs_old/Control-Formation-87bcac39b869ba6de4fc819c89404e4c8f48964e/ws3/ws3_p/figuras/s05_circulo) by extension 'python'
[0.373s] Level 1:colcon.colcon_core.package_identification:_identify(ws3_vs_old/Control-Formation-87bcac39b869ba6de4fc819c89404e4c8f48964e/ws3/ws3_p/figuras/s05_circulo) by extensions ['python_setup_py']
[0.373s] Level 1:colcon.colcon_core.package_identification:_identify(ws3_vs_old/Control-Formation-87bcac39b869ba6de4fc819c89404e4c8f48964e/ws3/ws3_p/figuras/s05_circulo) by extension 'python_setup_py'
[0.373s] Level 1:colcon.colcon_core.package_identification:_identify(ws3_vs_old/Control-Formation-87bcac39b869ba6de4fc819c89404e4c8f48964e/ws3/ws3_p/figuras/s05_formacion_inicial) by extensions ['ignore', 'ignore_ament_install']
[0.373s] Level 1:colcon.colcon_core.package_identification:_identify(ws3_vs_old/Control-Formation-87bcac39b869ba6de4fc819c89404e4c8f48964e/ws3/ws3_p/figuras/s05_formacion_inicial) by extension 'ignore'
[0.373s] Level 1:colcon.colcon_core.package_identification:_identify(ws3_vs_old/Control-Formation-87bcac39b869ba6de4fc819c89404e4c8f48964e/ws3/ws3_p/figuras/s05_formacion_inicial) by extension 'ignore_ament_install'
[0.373s] Level 1:colcon.colcon_core.package_identification:_identify(ws3_vs_old/Control-Formation-87bcac39b869ba6de4fc819c89404e4c8f48964e/ws3/ws3_p/figuras/s05_formacion_inicial) by extensions ['colcon_pkg']
[0.373s] Level 1:colcon.colcon_core.package_identification:_identify(ws3_vs_old/Control-Formation-87bcac39b869ba6de4fc819c89404e4c8f48964e/ws3/ws3_p/figuras/s05_formacion_inicial) by extension 'colcon_pkg'
[0.373s] Level 1:colcon.colcon_core.package_identification:_identify(ws3_vs_old/Control-Formation-87bcac39b869ba6de4fc819c89404e4c8f48964e/ws3/ws3_p/figuras/s05_formacion_inicial) by extensions ['colcon_meta']
[0.373s] Level 1:colcon.colcon_core.package_identification:_identify(ws3_vs_old/Control-Formation-87bcac39b869ba6de4fc819c89404e4c8f48964e/ws3/ws3_p/figuras/s05_formacion_inicial) by extension 'colcon_meta'
[0.373s] Level 1:colcon.colcon_core.package_identification:_identify(ws3_vs_old/Control-Formation-87bcac39b869ba6de4fc819c89404e4c8f48964e/ws3/ws3_p/figuras/s05_formacion_inicial) by extensions ['ros']
[0.373s] Level 1:colcon.colcon_core.package_identification:_identify(ws3_vs_old/Control-Formation-87bcac39b869ba6de4fc819c89404e4c8f48964e/ws3/ws3_p/figuras/s05_formacion_inicial) by extension 'ros'
[0.373s] Level 1:colcon.colcon_core.package_identification:_identify(ws3_vs_old/Control-Formation-87bcac39b869ba6de4fc819c89404e4c8f48964e/ws3/ws3_p/figuras/s05_formacion_inicial) by extensions ['cmake', 'python']
[0.374s] Level 1:colcon.colcon_core.package_identification:_identify(ws3_vs_old/Control-Formation-87bcac39b869ba6de4fc819c89404e4c8f48964e/ws3/ws3_p/figuras/s05_formacion_inicial) by extension 'cmake'
[0.374s] Level 1:colcon.colcon_core.package_identification:_identify(ws3_vs_old/Control-Formation-87bcac39b869ba6de4fc819c89404e4c8f48964e/ws3/ws3_p/figuras/s05_formacion_inicial) by extension 'python'
[0.374s] Level 1:colcon.colcon_core.package_identification:_identify(ws3_vs_old/Control-Formation-87bcac39b869ba6de4fc819c89404e4c8f48964e/ws3/ws3_p/figuras/s05_formacion_inicial) by extensions ['python_setup_py']
[0.374s] Level 1:colcon.colcon_core.package_identification:_identify(ws3_vs_old/Control-Formation-87bcac39b869ba6de4fc819c89404e4c8f48964e/ws3/ws3_p/figuras/s05_formacion_inicial) by extension 'python_setup_py'
[0.374s] Level 1:colcon.colcon_core.package_identification:_identify(ws3_vs_old/Control-Formation-87bcac39b869ba6de4fc819c89404e4c8f48964e/ws3/ws3_p/robots) by extensions ['ignore', 'ignore_ament_install']
[0.374s] Level 1:colcon.colcon_core.package_identification:_identify(ws3_vs_old/Control-Formation-87bcac39b869ba6de4fc819c89404e4c8f48964e/ws3/ws3_p/robots) by extension 'ignore'
[0.374s] Level 1:colcon.colcon_core.package_identification:_identify(ws3_vs_old/Control-Formation-87bcac39b869ba6de4fc819c89404e4c8f48964e/ws3/ws3_p/robots) by extension 'ignore_ament_install'
[0.374s] Level 1:colcon.colcon_core.package_identification:_identify(ws3_vs_old/Control-Formation-87bcac39b869ba6de4fc819c89404e4c8f48964e/ws3/ws3_p/robots) by extensions ['colcon_pkg']
[0.374s] Level 1:colcon.colcon_core.package_identification:_identify(ws3_vs_old/Control-Formation-87bcac39b869ba6de4fc819c89404e4c8f48964e/ws3/ws3_p/robots) by extension 'colcon_pkg'
[0.374s] Level 1:colcon.colcon_core.package_identification:_identify(ws3_vs_old/Control-Formation-87bcac39b869ba6de4fc819c89404e4c8f48964e/ws3/ws3_p/robots) by extensions ['colcon_meta']
[0.374s] Level 1:colcon.colcon_core.package_identification:_identify(ws3_vs_old/Control-Formation-87bcac39b869ba6de4fc819c89404e4c8f48964e/ws3/ws3_p/robots) by extension 'colcon_meta'
[0.374s] Level 1:colcon.colcon_core.package_identification:_identify(ws3_vs_old/Control-Formation-87bcac39b869ba6de4fc819c89404e4c8f48964e/ws3/ws3_p/robots) by extensions ['ros']
[0.374s] Level 1:colcon.colcon_core.package_identification:_identify(ws3_vs_old/Control-Formation-87bcac39b869ba6de4fc819c89404e4c8f48964e/ws3/ws3_p/robots) by extension 'ros'
[0.374s] Level 1:colcon.colcon_core.package_identification:_identify(ws3_vs_old/Control-Formation-87bcac39b869ba6de4fc819c89404e4c8f48964e/ws3/ws3_p/robots) by extensions ['cmake', 'python']
[0.374s] Level 1:colcon.colcon_core.package_identification:_identify(ws3_vs_old/Control-Formation-87bcac39b869ba6de4fc819c89404e4c8f48964e/ws3/ws3_p/robots) by extension 'cmake'
[0.374s] Level 1:colcon.colcon_core.package_identification:_identify(ws3_vs_old/Control-Formation-87bcac39b869ba6de4fc819c89404e4c8f48964e/ws3/ws3_p/robots) by extension 'python'
[0.374s] Level 1:colcon.colcon_core.package_identification:_identify(ws3_vs_old/Control-Formation-87bcac39b869ba6de4fc819c89404e4c8f48964e/ws3/ws3_p/robots) by extensions ['python_setup_py']
[0.374s] Level 1:colcon.colcon_core.package_identification:_identify(ws3_vs_old/Control-Formation-87bcac39b869ba6de4fc819c89404e4c8f48964e/ws3/ws3_p/robots) by extension 'python_setup_py'
[0.374s] Level 1:colcon.colcon_core.package_identification:_identify(ws3_vs_old/Control-Formation-87bcac39b869ba6de4fc819c89404e4c8f48964e/ws3/ws3_p/robots/__pycache__) by extensions ['ignore', 'ignore_ament_install']
[0.374s] Level 1:colcon.colcon_core.package_identification:_identify(ws3_vs_old/Control-Formation-87bcac39b869ba6de4fc819c89404e4c8f48964e/ws3/ws3_p/robots/__pycache__) by extension 'ignore'
[0.374s] Level 1:colcon.colcon_core.package_identification:_identify(ws3_vs_old/Control-Formation-87bcac39b869ba6de4fc819c89404e4c8f48964e/ws3/ws3_p/robots/__pycache__) by extension 'ignore_ament_install'
[0.374s] Level 1:colcon.colcon_core.package_identification:_identify(ws3_vs_old/Control-Formation-87bcac39b869ba6de4fc819c89404e4c8f48964e/ws3/ws3_p/robots/__pycache__) by extensions ['colcon_pkg']
[0.374s] Level 1:colcon.colcon_core.package_identification:_identify(ws3_vs_old/Control-Formation-87bcac39b869ba6de4fc819c89404e4c8f48964e/ws3/ws3_p/robots/__pycache__) by extension 'colcon_pkg'
[0.374s] Level 1:colcon.colcon_core.package_identification:_identify(ws3_vs_old/Control-Formation-87bcac39b869ba6de4fc819c89404e4c8f48964e/ws3/ws3_p/robots/__pycache__) by extensions ['colcon_meta']
[0.374s] Level 1:colcon.colcon_core.package_identification:_identify(ws3_vs_old/Control-Formation-87bcac39b869ba6de4fc819c89404e4c8f48964e/ws3/ws3_p/robots/__pycache__) by extension 'colcon_meta'
[0.374s] Level 1:colcon.colcon_core.package_identification:_identify(ws3_vs_old/Control-Formation-87bcac39b869ba6de4fc819c89404e4c8f48964e/ws3/ws3_p/robots/__pycache__) by extensions ['ros']
[0.374s] Level 1:colcon.colcon_core.package_identification:_identify(ws3_vs_old/Control-Formation-87bcac39b869ba6de4fc819c89404e4c8f48964e/ws3/ws3_p/robots/__pycache__) by extension 'ros'
[0.374s] Level 1:colcon.colcon_core.package_identification:_identify(ws3_vs_old/Control-Formation-87bcac39b869ba6de4fc819c89404e4c8f48964e/ws3/ws3_p/robots/__pycache__) by extensions ['cmake', 'python']
[0.374s] Level 1:colcon.colcon_core.package_identification:_identify(ws3_vs_old/Control-Formation-87bcac39b869ba6de4fc819c89404e4c8f48964e/ws3/ws3_p/robots/__pycache__) by extension 'cmake'
[0.374s] Level 1:colcon.colcon_core.package_identification:_identify(ws3_vs_old/Control-Formation-87bcac39b869ba6de4fc819c89404e4c8f48964e/ws3/ws3_p/robots/__pycache__) by extension 'python'
[0.374s] Level 1:colcon.colcon_core.package_identification:_identify(ws3_vs_old/Control-Formation-87bcac39b869ba6de4fc819c89404e4c8f48964e/ws3/ws3_p/robots/__pycache__) by extensions ['python_setup_py']
[0.374s] Level 1:colcon.colcon_core.package_identification:_identify(ws3_vs_old/Control-Formation-87bcac39b869ba6de4fc819c89404e4c8f48964e/ws3/ws3_p/robots/__pycache__) by extension 'python_setup_py'
[0.375s] Level 1:colcon.colcon_core.package_identification:_identify(ws3_vs_old/Control-Formation-87bcac39b869ba6de4fc819c89404e4c8f48964e/ws3/ws3_p/scenarios) by extensions ['ignore', 'ignore_ament_install']
[0.375s] Level 1:colcon.colcon_core.package_identification:_identify(ws3_vs_old/Control-Formation-87bcac39b869ba6de4fc819c89404e4c8f48964e/ws3/ws3_p/scenarios) by extension 'ignore'
[0.375s] Level 1:colcon.colcon_core.package_identification:_identify(ws3_vs_old/Control-Formation-87bcac39b869ba6de4fc819c89404e4c8f48964e/ws3/ws3_p/scenarios) by extension 'ignore_ament_install'
[0.375s] Level 1:colcon.colcon_core.package_identification:_identify(ws3_vs_old/Control-Formation-87bcac39b869ba6de4fc819c89404e4c8f48964e/ws3/ws3_p/scenarios) by extensions ['colcon_pkg']
[0.375s] Level 1:colcon.colcon_core.package_identification:_identify(ws3_vs_old/Control-Formation-87bcac39b869ba6de4fc819c89404e4c8f48964e/ws3/ws3_p/scenarios) by extension 'colcon_pkg'
[0.375s] Level 1:colcon.colcon_core.package_identification:_identify(ws3_vs_old/Control-Formation-87bcac39b869ba6de4fc819c89404e4c8f48964e/ws3/ws3_p/scenarios) by extensions ['colcon_meta']
[0.375s] Level 1:colcon.colcon_core.package_identification:_identify(ws3_vs_old/Control-Formation-87bcac39b869ba6de4fc819c89404e4c8f48964e/ws3/ws3_p/scenarios) by extension 'colcon_meta'
[0.375s] Level 1:colcon.colcon_core.package_identification:_identify(ws3_vs_old/Control-Formation-87bcac39b869ba6de4fc819c89404e4c8f48964e/ws3/ws3_p/scenarios) by extensions ['ros']
[0.375s] Level 1:colcon.colcon_core.package_identification:_identify(ws3_vs_old/Control-Formation-87bcac39b869ba6de4fc819c89404e4c8f48964e/ws3/ws3_p/scenarios) by extension 'ros'
[0.375s] Level 1:colcon.colcon_core.package_identification:_identify(ws3_vs_old/Control-Formation-87bcac39b869ba6de4fc819c89404e4c8f48964e/ws3/ws3_p/scenarios) by extensions ['cmake', 'python']
[0.375s] Level 1:colcon.colcon_core.package_identification:_identify(ws3_vs_old/Control-Formation-87bcac39b869ba6de4fc819c89404e4c8f48964e/ws3/ws3_p/scenarios) by extension 'cmake'
[0.375s] Level 1:colcon.colcon_core.package_identification:_identify(ws3_vs_old/Control-Formation-87bcac39b869ba6de4fc819c89404e4c8f48964e/ws3/ws3_p/scenarios) by extension 'python'
[0.375s] Level 1:colcon.colcon_core.package_identification:_identify(ws3_vs_old/Control-Formation-87bcac39b869ba6de4fc819c89404e4c8f48964e/ws3/ws3_p/scenarios) by extensions ['python_setup_py']
[0.375s] Level 1:colcon.colcon_core.package_identification:_identify(ws3_vs_old/Control-Formation-87bcac39b869ba6de4fc819c89404e4c8f48964e/ws3/ws3_p/scenarios) by extension 'python_setup_py'
[0.375s] Level 1:colcon.colcon_core.package_identification:_identify(ws3_vs_old/Control-Formation-87bcac39b869ba6de4fc819c89404e4c8f48964e/ws3/ws3_p/scenarios/__pycache__) by extensions ['ignore', 'ignore_ament_install']
[0.375s] Level 1:colcon.colcon_core.package_identification:_identify(ws3_vs_old/Control-Formation-87bcac39b869ba6de4fc819c89404e4c8f48964e/ws3/ws3_p/scenarios/__pycache__) by extension 'ignore'
[0.375s] Level 1:colcon.colcon_core.package_identification:_identify(ws3_vs_old/Control-Formation-87bcac39b869ba6de4fc819c89404e4c8f48964e/ws3/ws3_p/scenarios/__pycache__) by extension 'ignore_ament_install'
[0.375s] Level 1:colcon.colcon_core.package_identification:_identify(ws3_vs_old/Control-Formation-87bcac39b869ba6de4fc819c89404e4c8f48964e/ws3/ws3_p/scenarios/__pycache__) by extensions ['colcon_pkg']
[0.375s] Level 1:colcon.colcon_core.package_identification:_identify(ws3_vs_old/Control-Formation-87bcac39b869ba6de4fc819c89404e4c8f48964e/ws3/ws3_p/scenarios/__pycache__) by extension 'colcon_pkg'
[0.375s] Level 1:colcon.colcon_core.package_identification:_identify(ws3_vs_old/Control-Formation-87bcac39b869ba6de4fc819c89404e4c8f48964e/ws3/ws3_p/scenarios/__pycache__) by extensions ['colcon_meta']
[0.375s] Level 1:colcon.colcon_core.package_identification:_identify(ws3_vs_old/Control-Formation-87bcac39b869ba6de4fc819c89404e4c8f48964e/ws3/ws3_p/scenarios/__pycache__) by extension 'colcon_meta'
[0.375s] Level 1:colcon.colcon_core.package_identification:_identify(ws3_vs_old/Control-Formation-87bcac39b869ba6de4fc819c89404e4c8f48964e/ws3/ws3_p/scenarios/__pycache__) by extensions ['ros']
[0.375s] Level 1:colcon.colcon_core.package_identification:_identify(ws3_vs_old/Control-Formation-87bcac39b869ba6de4fc819c89404e4c8f48964e/ws3/ws3_p/scenarios/__pycache__) by extension 'ros'
[0.375s] Level 1:colcon.colcon_core.package_identification:_identify(ws3_vs_old/Control-Formation-87bcac39b869ba6de4fc819c89404e4c8f48964e/ws3/ws3_p/scenarios/__pycache__) by extensions ['cmake', 'python']
[0.375s] Level 1:colcon.colcon_core.package_identification:_identify(ws3_vs_old/Control-Formation-87bcac39b869ba6de4fc819c89404e4c8f48964e/ws3/ws3_p/scenarios/__pycache__) by extension 'cmake'
[0.375s] Level 1:colcon.colcon_core.package_identification:_identify(ws3_vs_old/Control-Formation-87bcac39b869ba6de4fc819c89404e4c8f48964e/ws3/ws3_p/scenarios/__pycache__) by extension 'python'
[0.376s] Level 1:colcon.colcon_core.package_identification:_identify(ws3_vs_old/Control-Formation-87bcac39b869ba6de4fc819c89404e4c8f48964e/ws3/ws3_p/scenarios/__pycache__) by extensions ['python_setup_py']
[0.376s] Level 1:colcon.colcon_core.package_identification:_identify(ws3_vs_old/Control-Formation-87bcac39b869ba6de4fc819c89404e4c8f48964e/ws3/ws3_p/scenarios/__pycache__) by extension 'python_setup_py'
[0.376s] Level 1:colcon.colcon_core.package_identification:_identify(ws3_vs_old/Control-Formation-87bcac39b869ba6de4fc819c89404e4c8f48964e/ws3/ws3_p/sim) by extensions ['ignore', 'ignore_ament_install']
[0.376s] Level 1:colcon.colcon_core.package_identification:_identify(ws3_vs_old/Control-Formation-87bcac39b869ba6de4fc819c89404e4c8f48964e/ws3/ws3_p/sim) by extension 'ignore'
[0.376s] Level 1:colcon.colcon_core.package_identification:_identify(ws3_vs_old/Control-Formation-87bcac39b869ba6de4fc819c89404e4c8f48964e/ws3/ws3_p/sim) by extension 'ignore_ament_install'
[0.376s] Level 1:colcon.colcon_core.package_identification:_identify(ws3_vs_old/Control-Formation-87bcac39b869ba6de4fc819c89404e4c8f48964e/ws3/ws3_p/sim) by extensions ['colcon_pkg']
[0.376s] Level 1:colcon.colcon_core.package_identification:_identify(ws3_vs_old/Control-Formation-87bcac39b869ba6de4fc819c89404e4c8f48964e/ws3/ws3_p/sim) by extension 'colcon_pkg'
[0.376s] Level 1:colcon.colcon_core.package_identification:_identify(ws3_vs_old/Control-Formation-87bcac39b869ba6de4fc819c89404e4c8f48964e/ws3/ws3_p/sim) by extensions ['colcon_meta']
[0.376s] Level 1:colcon.colcon_core.package_identification:_identify(ws3_vs_old/Control-Formation-87bcac39b869ba6de4fc819c89404e4c8f48964e/ws3/ws3_p/sim) by extension 'colcon_meta'
[0.376s] Level 1:colcon.colcon_core.package_identification:_identify(ws3_vs_old/Control-Formation-87bcac39b869ba6de4fc819c89404e4c8f48964e/ws3/ws3_p/sim) by extensions ['ros']
[0.376s] Level 1:colcon.colcon_core.package_identification:_identify(ws3_vs_old/Control-Formation-87bcac39b869ba6de4fc819c89404e4c8f48964e/ws3/ws3_p/sim) by extension 'ros'
[0.376s] Level 1:colcon.colcon_core.package_identification:_identify(ws3_vs_old/Control-Formation-87bcac39b869ba6de4fc819c89404e4c8f48964e/ws3/ws3_p/sim) by extensions ['cmake', 'python']
[0.376s] Level 1:colcon.colcon_core.package_identification:_identify(ws3_vs_old/Control-Formation-87bcac39b869ba6de4fc819c89404e4c8f48964e/ws3/ws3_p/sim) by extension 'cmake'
[0.376s] Level 1:colcon.colcon_core.package_identification:_identify(ws3_vs_old/Control-Formation-87bcac39b869ba6de4fc819c89404e4c8f48964e/ws3/ws3_p/sim) by extension 'python'
[0.376s] Level 1:colcon.colcon_core.package_identification:_identify(ws3_vs_old/Control-Formation-87bcac39b869ba6de4fc819c89404e4c8f48964e/ws3/ws3_p/sim) by extensions ['python_setup_py']
[0.376s] Level 1:colcon.colcon_core.package_identification:_identify(ws3_vs_old/Control-Formation-87bcac39b869ba6de4fc819c89404e4c8f48964e/ws3/ws3_p/sim) by extension 'python_setup_py'
[0.376s] Level 1:colcon.colcon_core.package_identification:_identify(ws3_vs_old/Control-Formation-87bcac39b869ba6de4fc819c89404e4c8f48964e/ws3/ws3_p/sim/__pycache__) by extensions ['ignore', 'ignore_ament_install']
[0.376s] Level 1:colcon.colcon_core.package_identification:_identify(ws3_vs_old/Control-Formation-87bcac39b869ba6de4fc819c89404e4c8f48964e/ws3/ws3_p/sim/__pycache__) by extension 'ignore'
[0.376s] Level 1:colcon.colcon_core.package_identification:_identify(ws3_vs_old/Control-Formation-87bcac39b869ba6de4fc819c89404e4c8f48964e/ws3/ws3_p/sim/__pycache__) by extension 'ignore_ament_install'
[0.376s] Level 1:colcon.colcon_core.package_identification:_identify(ws3_vs_old/Control-Formation-87bcac39b869ba6de4fc819c89404e4c8f48964e/ws3/ws3_p/sim/__pycache__) by extensions ['colcon_pkg']
[0.376s] Level 1:colcon.colcon_core.package_identification:_identify(ws3_vs_old/Control-Formation-87bcac39b869ba6de4fc819c89404e4c8f48964e/ws3/ws3_p/sim/__pycache__) by extension 'colcon_pkg'
[0.376s] Level 1:colcon.colcon_core.package_identification:_identify(ws3_vs_old/Control-Formation-87bcac39b869ba6de4fc819c89404e4c8f48964e/ws3/ws3_p/sim/__pycache__) by extensions ['colcon_meta']
[0.376s] Level 1:colcon.colcon_core.package_identification:_identify(ws3_vs_old/Control-Formation-87bcac39b869ba6de4fc819c89404e4c8f48964e/ws3/ws3_p/sim/__pycache__) by extension 'colcon_meta'
[0.376s] Level 1:colcon.colcon_core.package_identification:_identify(ws3_vs_old/Control-Formation-87bcac39b869ba6de4fc819c89404e4c8f48964e/ws3/ws3_p/sim/__pycache__) by extensions ['ros']
[0.376s] Level 1:colcon.colcon_core.package_identification:_identify(ws3_vs_old/Control-Formation-87bcac39b869ba6de4fc819c89404e4c8f48964e/ws3/ws3_p/sim/__pycache__) by extension 'ros'
[0.376s] Level 1:colcon.colcon_core.package_identification:_identify(ws3_vs_old/Control-Formation-87bcac39b869ba6de4fc819c89404e4c8f48964e/ws3/ws3_p/sim/__pycache__) by extensions ['cmake', 'python']
[0.376s] Level 1:colcon.colcon_core.package_identification:_identify(ws3_vs_old/Control-Formation-87bcac39b869ba6de4fc819c89404e4c8f48964e/ws3/ws3_p/sim/__pycache__) by extension 'cmake'
[0.377s] Level 1:colcon.colcon_core.package_identification:_identify(ws3_vs_old/Control-Formation-87bcac39b869ba6de4fc819c89404e4c8f48964e/ws3/ws3_p/sim/__pycache__) by extension 'python'
[0.377s] Level 1:colcon.colcon_core.package_identification:_identify(ws3_vs_old/Control-Formation-87bcac39b869ba6de4fc819c89404e4c8f48964e/ws3/ws3_p/sim/__pycache__) by extensions ['python_setup_py']
[0.377s] Level 1:colcon.colcon_core.package_identification:_identify(ws3_vs_old/Control-Formation-87bcac39b869ba6de4fc819c89404e4c8f48964e/ws3/ws3_p/sim/__pycache__) by extension 'python_setup_py'
[0.377s] Level 1:colcon.colcon_core.package_identification:_identify(ws3_vs_old/Control-Formation-87bcac39b869ba6de4fc819c89404e4c8f48964e/ws3/ws3_p/viz) by extensions ['ignore', 'ignore_ament_install']
[0.377s] Level 1:colcon.colcon_core.package_identification:_identify(ws3_vs_old/Control-Formation-87bcac39b869ba6de4fc819c89404e4c8f48964e/ws3/ws3_p/viz) by extension 'ignore'
[0.377s] Level 1:colcon.colcon_core.package_identification:_identify(ws3_vs_old/Control-Formation-87bcac39b869ba6de4fc819c89404e4c8f48964e/ws3/ws3_p/viz) by extension 'ignore_ament_install'
[0.377s] Level 1:colcon.colcon_core.package_identification:_identify(ws3_vs_old/Control-Formation-87bcac39b869ba6de4fc819c89404e4c8f48964e/ws3/ws3_p/viz) by extensions ['colcon_pkg']
[0.377s] Level 1:colcon.colcon_core.package_identification:_identify(ws3_vs_old/Control-Formation-87bcac39b869ba6de4fc819c89404e4c8f48964e/ws3/ws3_p/viz) by extension 'colcon_pkg'
[0.377s] Level 1:colcon.colcon_core.package_identification:_identify(ws3_vs_old/Control-Formation-87bcac39b869ba6de4fc819c89404e4c8f48964e/ws3/ws3_p/viz) by extensions ['colcon_meta']
[0.377s] Level 1:colcon.colcon_core.package_identification:_identify(ws3_vs_old/Control-Formation-87bcac39b869ba6de4fc819c89404e4c8f48964e/ws3/ws3_p/viz) by extension 'colcon_meta'
[0.377s] Level 1:colcon.colcon_core.package_identification:_identify(ws3_vs_old/Control-Formation-87bcac39b869ba6de4fc819c89404e4c8f48964e/ws3/ws3_p/viz) by extensions ['ros']
[0.377s] Level 1:colcon.colcon_core.package_identification:_identify(ws3_vs_old/Control-Formation-87bcac39b869ba6de4fc819c89404e4c8f48964e/ws3/ws3_p/viz) by extension 'ros'
[0.377s] Level 1:colcon.colcon_core.package_identification:_identify(ws3_vs_old/Control-Formation-87bcac39b869ba6de4fc819c89404e4c8f48964e/ws3/ws3_p/viz) by extensions ['cmake', 'python']
[0.377s] Level 1:colcon.colcon_core.package_identification:_identify(ws3_vs_old/Control-Formation-87bcac39b869ba6de4fc819c89404e4c8f48964e/ws3/ws3_p/viz) by extension 'cmake'
[0.377s] Level 1:colcon.colcon_core.package_identification:_identify(ws3_vs_old/Control-Formation-87bcac39b869ba6de4fc819c89404e4c8f48964e/ws3/ws3_p/viz) by extension 'python'
[0.377s] Level 1:colcon.colcon_core.package_identification:_identify(ws3_vs_old/Control-Formation-87bcac39b869ba6de4fc819c89404e4c8f48964e/ws3/ws3_p/viz) by extensions ['python_setup_py']
[0.377s] Level 1:colcon.colcon_core.package_identification:_identify(ws3_vs_old/Control-Formation-87bcac39b869ba6de4fc819c89404e4c8f48964e/ws3/ws3_p/viz) by extension 'python_setup_py'
[0.377s] Level 1:colcon.colcon_core.package_identification:_identify(ws3_vs_old/Control-Formation-87bcac39b869ba6de4fc819c89404e4c8f48964e/ws3/ws3_p/viz/__pycache__) by extensions ['ignore', 'ignore_ament_install']
[0.377s] Level 1:colcon.colcon_core.package_identification:_identify(ws3_vs_old/Control-Formation-87bcac39b869ba6de4fc819c89404e4c8f48964e/ws3/ws3_p/viz/__pycache__) by extension 'ignore'
[0.377s] Level 1:colcon.colcon_core.package_identification:_identify(ws3_vs_old/Control-Formation-87bcac39b869ba6de4fc819c89404e4c8f48964e/ws3/ws3_p/viz/__pycache__) by extension 'ignore_ament_install'
[0.377s] Level 1:colcon.colcon_core.package_identification:_identify(ws3_vs_old/Control-Formation-87bcac39b869ba6de4fc819c89404e4c8f48964e/ws3/ws3_p/viz/__pycache__) by extensions ['colcon_pkg']
[0.377s] Level 1:colcon.colcon_core.package_identification:_identify(ws3_vs_old/Control-Formation-87bcac39b869ba6de4fc819c89404e4c8f48964e/ws3/ws3_p/viz/__pycache__) by extension 'colcon_pkg'
[0.377s] Level 1:colcon.colcon_core.package_identification:_identify(ws3_vs_old/Control-Formation-87bcac39b869ba6de4fc819c89404e4c8f48964e/ws3/ws3_p/viz/__pycache__) by extensions ['colcon_meta']
[0.377s] Level 1:colcon.colcon_core.package_identification:_identify(ws3_vs_old/Control-Formation-87bcac39b869ba6de4fc819c89404e4c8f48964e/ws3/ws3_p/viz/__pycache__) by extension 'colcon_meta'
[0.377s] Level 1:colcon.colcon_core.package_identification:_identify(ws3_vs_old/Control-Formation-87bcac39b869ba6de4fc819c89404e4c8f48964e/ws3/ws3_p/viz/__pycache__) by extensions ['ros']
[0.377s] Level 1:colcon.colcon_core.package_identification:_identify(ws3_vs_old/Control-Formation-87bcac39b869ba6de4fc819c89404e4c8f48964e/ws3/ws3_p/viz/__pycache__) by extension 'ros'
[0.377s] Level 1:colcon.colcon_core.package_identification:_identify(ws3_vs_old/Control-Formation-87bcac39b869ba6de4fc819c89404e4c8f48964e/ws3/ws3_p/viz/__pycache__) by extensions ['cmake', 'python']
[0.378s] Level 1:colcon.colcon_core.package_identification:_identify(ws3_vs_old/Control-Formation-87bcac39b869ba6de4fc819c89404e4c8f48964e/ws3/ws3_p/viz/__pycache__) by extension 'cmake'
[0.378s] Level 1:colcon.colcon_core.package_identification:_identify(ws3_vs_old/Control-Formation-87bcac39b869ba6de4fc819c89404e4c8f48964e/ws3/ws3_p/viz/__pycache__) by extension 'python'
[0.378s] Level 1:colcon.colcon_core.package_identification:_identify(ws3_vs_old/Control-Formation-87bcac39b869ba6de4fc819c89404e4c8f48964e/ws3/ws3_p/viz/__pycache__) by extensions ['python_setup_py']
[0.378s] Level 1:colcon.colcon_core.package_identification:_identify(ws3_vs_old/Control-Formation-87bcac39b869ba6de4fc819c89404e4c8f48964e/ws3/ws3_p/viz/__pycache__) by extension 'python_setup_py'
[0.378s] Level 1:colcon.colcon_core.package_discovery:discover_packages(recursive) using defaults
[0.378s] Level 1:colcon.colcon_core.package_discovery:discover_packages(ignore) discover
[0.378s] Level 1:colcon.colcon_core.package_discovery:discover_packages(ignore) using defaults
[0.378s] Level 1:colcon.colcon_core.package_discovery:discover_packages(path) discover
[0.378s] Level 1:colcon.colcon_core.package_discovery:discover_packages(path) using defaults
[0.401s] Level 1:colcon.colcon_core.package_discovery:discover_packages(prefix_path) check parameters
[0.401s] Level 1:colcon.colcon_core.package_discovery:discover_packages(prefix_path) discover
[0.402s] DEBUG:colcon.colcon_installed_package_information.package_discovery:Found 4 installed packages in /home/calafaker/Control-Formation/ws3/install
[0.402s] DEBUG:colcon.colcon_installed_package_information.package_discovery:Found 1 installed packages in /home/calafaker/Control-Formation/install
[0.403s] DEBUG:colcon.colcon_installed_package_information.package_discovery:Found 282 installed packages in /opt/ros/humble
[0.404s] Level 1:colcon.colcon_core.package_discovery:discover_packages(prefix_path) using defaults
[0.429s] ERROR:colcon:colcon build: Duplicate package names not supported:
- articubot_one:
  - src/articubot_one
  - ws3_vs_old/Control-Formation-87bcac39b869ba6de4fc819c89404e4c8f48964e/ws3/src/articubot_one
- control_nodes:
  - src/control_nodes
  - ws3_vs_old/Control-Formation-87bcac39b869ba6de4fc819c89404e4c8f48964e/ws3/src/control_nodes
- multi_robot_interfaces:
  - src/multi_robot_interfaces
  - ws3_vs_old/Control-Formation-87bcac39b869ba6de4fc819c89404e4c8f48964e/ws3/src/multi_robot_interfaces
- simulador:
  - src/simulador
  - ws3_vs_old/Control-Formation-87bcac39b869ba6de4fc819c89404e4c8f48964e/ws3/src/simulador
