[0.169s] DEBUG:colcon:Command line arguments: ['/usr/bin/colcon', 'build']
[0.169s] DEBUG:colcon:Parsed command line arguments: Namespace(log_base=None, log_level=None, verb_name='build', build_base='build', install_base='install', merge_install=False, symlink_install=False, test_result_base=None, continue_on_error=False, executor='parallel', parallel_workers=16, event_handlers=None, ignore_user_meta=False, metas=['./colcon.meta'], base_paths=['.'], packages_ignore=None, packages_ignore_regex=None, paths=None, packages_up_to=None, packages_up_to_regex=None, packages_above=None, packages_above_and_dependencies=None, packages_above_depth=None, packages_select_by_dep=None, packages_skip_by_dep=None, packages_skip_up_to=None, packages_select_build_failed=False, packages_skip_build_finished=False, packages_select_test_failures=False, packages_skip_test_passed=False, packages_select=None, packages_skip=None, packages_select_regex=None, packages_skip_regex=None, packages_start=None, packages_end=None, allow_overriding=[], cmake_args=None, cmake_target=None, cmake_target_skip_unavailable=False, cmake_clean_cache=False, cmake_clean_first=False, cmake_force_configure=False, ament_cmake_args=None, catkin_cmake_args=None, catkin_skip_building_tests=False, verb_parser=<colcon_defaults.argument_parser.defaults.DefaultArgumentsDecorator object at 0x75f3aa1591b0>, verb_extension=<colcon_core.verb.build.BuildVerb object at 0x75f3aa158ca0>, main=<bound method BuildVerb.main of <colcon_core.verb.build.BuildVerb object at 0x75f3aa158ca0>>)
[0.281s] Level 1:colcon.colcon_core.package_discovery:discover_packages(colcon_meta) check parameters
[0.281s] Level 1:colcon.colcon_core.package_discovery:discover_packages(recursive) check parameters
[0.281s] Level 1:colcon.colcon_core.package_discovery:discover_packages(ignore) check parameters
[0.281s] Level 1:colcon.colcon_core.package_discovery:discover_packages(path) check parameters
[0.281s] Level 1:colcon.colcon_core.package_discovery:discover_packages(colcon_meta) discover
[0.281s] Level 1:colcon.colcon_core.package_discovery:discover_packages(recursive) discover
[0.281s] INFO:colcon.colcon_core.package_discovery:Crawling recursively for packages in '/home/calafaker/Control-Formation/ws3'
[0.281s] Level 1:colcon.colcon_core.package_identification:_identify(.) by extensions ['ignore', 'ignore_ament_install']
[0.281s] Level 1:colcon.colcon_core.package_identification:_identify(.) by extension 'ignore'
[0.281s] Level 1:colcon.colcon_core.package_identification:_identify(.) by extension 'ignore_ament_install'
[0.281s] Level 1:colcon.colcon_core.package_identification:_identify(.) by extensions ['colcon_pkg']
[0.281s] Level 1:colcon.colcon_core.package_identification:_identify(.) by extension 'colcon_pkg'
[0.281s] Level 1:colcon.colcon_core.package_identification:_identify(.) by extensions ['colcon_meta']
[0.281s] Level 1:colcon.colcon_core.package_identification:_identify(.) by extension 'colcon_meta'
[0.281s] Level 1:colcon.colcon_core.package_identification:_identify(.) by extensions ['ros']
[0.281s] Level 1:colcon.colcon_core.package_identification:_identify(.) by extension 'ros'
[0.289s] Level 1:colcon.colcon_core.package_identification:_identify(.) by extensions ['cmake', 'python']
[0.289s] Level 1:colcon.colcon_core.package_identification:_identify(.) by extension 'cmake'
[0.289s] Level 1:colcon.colcon_core.package_identification:_identify(.) by extension 'python'
[0.290s] Level 1:colcon.colcon_core.package_identification:_identify(.) by extensions ['python_setup_py']
[0.290s] Level 1:colcon.colcon_core.package_identification:_identify(.) by extension 'python_setup_py'
[0.290s] Level 1:colcon.colcon_core.package_identification:_identify(build) by extensions ['ignore', 'ignore_ament_install']
[0.290s] Level 1:colcon.colcon_core.package_identification:_identify(build) by extension 'ignore'
[0.290s] Level 1:colcon.colcon_core.package_identification:_identify(build) ignored
[0.290s] Level 1:colcon.colcon_core.package_identification:_identify(docs) by extensions ['ignore', 'ignore_ament_install']
[0.290s] Level 1:colcon.colcon_core.package_identification:_identify(docs) by extension 'ignore'
[0.290s] Level 1:colcon.colcon_core.package_identification:_identify(docs) by extension 'ignore_ament_install'
[0.290s] Level 1:colcon.colcon_core.package_identification:_identify(docs) by extensions ['colcon_pkg']
[0.291s] Level 1:colcon.colcon_core.package_identification:_identify(docs) by extension 'colcon_pkg'
[0.291s] Level 1:colcon.colcon_core.package_identification:_identify(docs) by extensions ['colcon_meta']
[0.291s] Level 1:colcon.colcon_core.package_identification:_identify(docs) by extension 'colcon_meta'
[0.291s] Level 1:colcon.colcon_core.package_identification:_identify(docs) by extensions ['ros']
[0.291s] Level 1:colcon.colcon_core.package_identification:_identify(docs) by extension 'ros'
[0.291s] Level 1:colcon.colcon_core.package_identification:_identify(docs) by extensions ['cmake', 'python']
[0.291s] Level 1:colcon.colcon_core.package_identification:_identify(docs) by extension 'cmake'
[0.291s] Level 1:colcon.colcon_core.package_identification:_identify(docs) by extension 'python'
[0.291s] Level 1:colcon.colcon_core.package_identification:_identify(docs) by extensions ['python_setup_py']
[0.291s] Level 1:colcon.colcon_core.package_identification:_identify(docs) by extension 'python_setup_py'
[0.291s] Level 1:colcon.colcon_core.package_identification:_identify(docs/composicion_launch) by extensions ['ignore', 'ignore_ament_install']
[0.291s] Level 1:colcon.colcon_core.package_identification:_identify(docs/composicion_launch) by extension 'ignore'
[0.291s] Level 1:colcon.colcon_core.package_identification:_identify(docs/composicion_launch) by extension 'ignore_ament_install'
[0.291s] Level 1:colcon.colcon_core.package_identification:_identify(docs/composicion_launch) by extensions ['colcon_pkg']
[0.291s] Level 1:colcon.colcon_core.package_identification:_identify(docs/composicion_launch) by extension 'colcon_pkg'
[0.291s] Level 1:colcon.colcon_core.package_identification:_identify(docs/composicion_launch) by extensions ['colcon_meta']
[0.291s] Level 1:colcon.colcon_core.package_identification:_identify(docs/composicion_launch) by extension 'colcon_meta'
[0.291s] Level 1:colcon.colcon_core.package_identification:_identify(docs/composicion_launch) by extensions ['ros']
[0.291s] Level 1:colcon.colcon_core.package_identification:_identify(docs/composicion_launch) by extension 'ros'
[0.291s] Level 1:colcon.colcon_core.package_identification:_identify(docs/composicion_launch) by extensions ['cmake', 'python']
[0.291s] Level 1:colcon.colcon_core.package_identification:_identify(docs/composicion_launch) by extension 'cmake'
[0.291s] Level 1:colcon.colcon_core.package_identification:_identify(docs/composicion_launch) by extension 'python'
[0.292s] Level 1:colcon.colcon_core.package_identification:_identify(docs/composicion_launch) by extensions ['python_setup_py']
[0.292s] Level 1:colcon.colcon_core.package_identification:_identify(docs/composicion_launch) by extension 'python_setup_py'
[0.292s] Level 1:colcon.colcon_core.package_identification:_identify(docs/composicion_launch/Codes) by extensions ['ignore', 'ignore_ament_install']
[0.292s] Level 1:colcon.colcon_core.package_identification:_identify(docs/composicion_launch/Codes) by extension 'ignore'
[0.292s] Level 1:colcon.colcon_core.package_identification:_identify(docs/composicion_launch/Codes) by extension 'ignore_ament_install'
[0.292s] Level 1:colcon.colcon_core.package_identification:_identify(docs/composicion_launch/Codes) by extensions ['colcon_pkg']
[0.292s] Level 1:colcon.colcon_core.package_identification:_identify(docs/composicion_launch/Codes) by extension 'colcon_pkg'
[0.292s] Level 1:colcon.colcon_core.package_identification:_identify(docs/composicion_launch/Codes) by extensions ['colcon_meta']
[0.292s] Level 1:colcon.colcon_core.package_identification:_identify(docs/composicion_launch/Codes) by extension 'colcon_meta'
[0.292s] Level 1:colcon.colcon_core.package_identification:_identify(docs/composicion_launch/Codes) by extensions ['ros']
[0.292s] Level 1:colcon.colcon_core.package_identification:_identify(docs/composicion_launch/Codes) by extension 'ros'
[0.292s] Level 1:colcon.colcon_core.package_identification:_identify(docs/composicion_launch/Codes) by extensions ['cmake', 'python']
[0.292s] Level 1:colcon.colcon_core.package_identification:_identify(docs/composicion_launch/Codes) by extension 'cmake'
[0.292s] Level 1:colcon.colcon_core.package_identification:_identify(docs/composicion_launch/Codes) by extension 'python'
[0.292s] Level 1:colcon.colcon_core.package_identification:_identify(docs/composicion_launch/Codes) by extensions ['python_setup_py']
[0.292s] Level 1:colcon.colcon_core.package_identification:_identify(docs/composicion_launch/Codes) by extension 'python_setup_py'
[0.292s] Level 1:colcon.colcon_core.package_identification:_identify(docs/composicion_launch/Sections) by extensions ['ignore', 'ignore_ament_install']
[0.292s] Level 1:colcon.colcon_core.package_identification:_identify(docs/composicion_launch/Sections) by extension 'ignore'
[0.292s] Level 1:colcon.colcon_core.package_identification:_identify(docs/composicion_launch/Sections) by extension 'ignore_ament_install'
[0.292s] Level 1:colcon.colcon_core.package_identification:_identify(docs/composicion_launch/Sections) by extensions ['colcon_pkg']
[0.292s] Level 1:colcon.colcon_core.package_identification:_identify(docs/composicion_launch/Sections) by extension 'colcon_pkg'
[0.292s] Level 1:colcon.colcon_core.package_identification:_identify(docs/composicion_launch/Sections) by extensions ['colcon_meta']
[0.292s] Level 1:colcon.colcon_core.package_identification:_identify(docs/composicion_launch/Sections) by extension 'colcon_meta'
[0.292s] Level 1:colcon.colcon_core.package_identification:_identify(docs/composicion_launch/Sections) by extensions ['ros']
[0.292s] Level 1:colcon.colcon_core.package_identification:_identify(docs/composicion_launch/Sections) by extension 'ros'
[0.292s] Level 1:colcon.colcon_core.package_identification:_identify(docs/composicion_launch/Sections) by extensions ['cmake', 'python']
[0.292s] Level 1:colcon.colcon_core.package_identification:_identify(docs/composicion_launch/Sections) by extension 'cmake'
[0.293s] Level 1:colcon.colcon_core.package_identification:_identify(docs/composicion_launch/Sections) by extension 'python'
[0.293s] Level 1:colcon.colcon_core.package_identification:_identify(docs/composicion_launch/Sections) by extensions ['python_setup_py']
[0.293s] Level 1:colcon.colcon_core.package_identification:_identify(docs/composicion_launch/Sections) by extension 'python_setup_py'
[0.293s] Level 1:colcon.colcon_core.package_identification:_identify(docs/congreso_template) by extensions ['ignore', 'ignore_ament_install']
[0.293s] Level 1:colcon.colcon_core.package_identification:_identify(docs/congreso_template) by extension 'ignore'
[0.293s] Level 1:colcon.colcon_core.package_identification:_identify(docs/congreso_template) by extension 'ignore_ament_install'
[0.293s] Level 1:colcon.colcon_core.package_identification:_identify(docs/congreso_template) by extensions ['colcon_pkg']
[0.293s] Level 1:colcon.colcon_core.package_identification:_identify(docs/congreso_template) by extension 'colcon_pkg'
[0.293s] Level 1:colcon.colcon_core.package_identification:_identify(docs/congreso_template) by extensions ['colcon_meta']
[0.293s] Level 1:colcon.colcon_core.package_identification:_identify(docs/congreso_template) by extension 'colcon_meta'
[0.293s] Level 1:colcon.colcon_core.package_identification:_identify(docs/congreso_template) by extensions ['ros']
[0.293s] Level 1:colcon.colcon_core.package_identification:_identify(docs/congreso_template) by extension 'ros'
[0.293s] Level 1:colcon.colcon_core.package_identification:_identify(docs/congreso_template) by extensions ['cmake', 'python']
[0.293s] Level 1:colcon.colcon_core.package_identification:_identify(docs/congreso_template) by extension 'cmake'
[0.293s] Level 1:colcon.colcon_core.package_identification:_identify(docs/congreso_template) by extension 'python'
[0.293s] Level 1:colcon.colcon_core.package_identification:_identify(docs/congreso_template) by extensions ['python_setup_py']
[0.293s] Level 1:colcon.colcon_core.package_identification:_identify(docs/congreso_template) by extension 'python_setup_py'
[0.293s] Level 1:colcon.colcon_core.package_identification:_identify(docs/congreso_template/Pics) by extensions ['ignore', 'ignore_ament_install']
[0.293s] Level 1:colcon.colcon_core.package_identification:_identify(docs/congreso_template/Pics) by extension 'ignore'
[0.293s] Level 1:colcon.colcon_core.package_identification:_identify(docs/congreso_template/Pics) by extension 'ignore_ament_install'
[0.293s] Level 1:colcon.colcon_core.package_identification:_identify(docs/congreso_template/Pics) by extensions ['colcon_pkg']
[0.293s] Level 1:colcon.colcon_core.package_identification:_identify(docs/congreso_template/Pics) by extension 'colcon_pkg'
[0.293s] Level 1:colcon.colcon_core.package_identification:_identify(docs/congreso_template/Pics) by extensions ['colcon_meta']
[0.293s] Level 1:colcon.colcon_core.package_identification:_identify(docs/congreso_template/Pics) by extension 'colcon_meta'
[0.293s] Level 1:colcon.colcon_core.package_identification:_identify(docs/congreso_template/Pics) by extensions ['ros']
[0.293s] Level 1:colcon.colcon_core.package_identification:_identify(docs/congreso_template/Pics) by extension 'ros'
[0.293s] Level 1:colcon.colcon_core.package_identification:_identify(docs/congreso_template/Pics) by extensions ['cmake', 'python']
[0.293s] Level 1:colcon.colcon_core.package_identification:_identify(docs/congreso_template/Pics) by extension 'cmake'
[0.293s] Level 1:colcon.colcon_core.package_identification:_identify(docs/congreso_template/Pics) by extension 'python'
[0.293s] Level 1:colcon.colcon_core.package_identification:_identify(docs/congreso_template/Pics) by extensions ['python_setup_py']
[0.293s] Level 1:colcon.colcon_core.package_identification:_identify(docs/congreso_template/Pics) by extension 'python_setup_py'
[0.294s] Level 1:colcon.colcon_core.package_identification:_identify(docs/congreso_template/Sections) by extensions ['ignore', 'ignore_ament_install']
[0.294s] Level 1:colcon.colcon_core.package_identification:_identify(docs/congreso_template/Sections) by extension 'ignore'
[0.294s] Level 1:colcon.colcon_core.package_identification:_identify(docs/congreso_template/Sections) by extension 'ignore_ament_install'
[0.294s] Level 1:colcon.colcon_core.package_identification:_identify(docs/congreso_template/Sections) by extensions ['colcon_pkg']
[0.294s] Level 1:colcon.colcon_core.package_identification:_identify(docs/congreso_template/Sections) by extension 'colcon_pkg'
[0.294s] Level 1:colcon.colcon_core.package_identification:_identify(docs/congreso_template/Sections) by extensions ['colcon_meta']
[0.294s] Level 1:colcon.colcon_core.package_identification:_identify(docs/congreso_template/Sections) by extension 'colcon_meta'
[0.294s] Level 1:colcon.colcon_core.package_identification:_identify(docs/congreso_template/Sections) by extensions ['ros']
[0.294s] Level 1:colcon.colcon_core.package_identification:_identify(docs/congreso_template/Sections) by extension 'ros'
[0.294s] Level 1:colcon.colcon_core.package_identification:_identify(docs/congreso_template/Sections) by extensions ['cmake', 'python']
[0.294s] Level 1:colcon.colcon_core.package_identification:_identify(docs/congreso_template/Sections) by extension 'cmake'
[0.294s] Level 1:colcon.colcon_core.package_identification:_identify(docs/congreso_template/Sections) by extension 'python'
[0.294s] Level 1:colcon.colcon_core.package_identification:_identify(docs/congreso_template/Sections) by extensions ['python_setup_py']
[0.294s] Level 1:colcon.colcon_core.package_identification:_identify(docs/congreso_template/Sections) by extension 'python_setup_py'
[0.294s] Level 1:colcon.colcon_core.package_identification:_identify(docs/experimentaciones) by extensions ['ignore', 'ignore_ament_install']
[0.294s] Level 1:colcon.colcon_core.package_identification:_identify(docs/experimentaciones) by extension 'ignore'
[0.294s] Level 1:colcon.colcon_core.package_identification:_identify(docs/experimentaciones) by extension 'ignore_ament_install'
[0.294s] Level 1:colcon.colcon_core.package_identification:_identify(docs/experimentaciones) by extensions ['colcon_pkg']
[0.294s] Level 1:colcon.colcon_core.package_identification:_identify(docs/experimentaciones) by extension 'colcon_pkg'
[0.294s] Level 1:colcon.colcon_core.package_identification:_identify(docs/experimentaciones) by extensions ['colcon_meta']
[0.294s] Level 1:colcon.colcon_core.package_identification:_identify(docs/experimentaciones) by extension 'colcon_meta'
[0.294s] Level 1:colcon.colcon_core.package_identification:_identify(docs/experimentaciones) by extensions ['ros']
[0.294s] Level 1:colcon.colcon_core.package_identification:_identify(docs/experimentaciones) by extension 'ros'
[0.294s] Level 1:colcon.colcon_core.package_identification:_identify(docs/experimentaciones) by extensions ['cmake', 'python']
[0.294s] Level 1:colcon.colcon_core.package_identification:_identify(docs/experimentaciones) by extension 'cmake'
[0.294s] Level 1:colcon.colcon_core.package_identification:_identify(docs/experimentaciones) by extension 'python'
[0.294s] Level 1:colcon.colcon_core.package_identification:_identify(docs/experimentaciones) by extensions ['python_setup_py']
[0.294s] Level 1:colcon.colcon_core.package_identification:_identify(docs/experimentaciones) by extension 'python_setup_py'
[0.295s] Level 1:colcon.colcon_core.package_identification:_identify(docs/experimentaciones/Pics) by extensions ['ignore', 'ignore_ament_install']
[0.295s] Level 1:colcon.colcon_core.package_identification:_identify(docs/experimentaciones/Pics) by extension 'ignore'
[0.295s] Level 1:colcon.colcon_core.package_identification:_identify(docs/experimentaciones/Pics) by extension 'ignore_ament_install'
[0.295s] Level 1:colcon.colcon_core.package_identification:_identify(docs/experimentaciones/Pics) by extensions ['colcon_pkg']
[0.295s] Level 1:colcon.colcon_core.package_identification:_identify(docs/experimentaciones/Pics) by extension 'colcon_pkg'
[0.295s] Level 1:colcon.colcon_core.package_identification:_identify(docs/experimentaciones/Pics) by extensions ['colcon_meta']
[0.295s] Level 1:colcon.colcon_core.package_identification:_identify(docs/experimentaciones/Pics) by extension 'colcon_meta'
[0.295s] Level 1:colcon.colcon_core.package_identification:_identify(docs/experimentaciones/Pics) by extensions ['ros']
[0.295s] Level 1:colcon.colcon_core.package_identification:_identify(docs/experimentaciones/Pics) by extension 'ros'
[0.295s] Level 1:colcon.colcon_core.package_identification:_identify(docs/experimentaciones/Pics) by extensions ['cmake', 'python']
[0.295s] Level 1:colcon.colcon_core.package_identification:_identify(docs/experimentaciones/Pics) by extension 'cmake'
[0.295s] Level 1:colcon.colcon_core.package_identification:_identify(docs/experimentaciones/Pics) by extension 'python'
[0.295s] Level 1:colcon.colcon_core.package_identification:_identify(docs/experimentaciones/Pics) by extensions ['python_setup_py']
[0.295s] Level 1:colcon.colcon_core.package_identification:_identify(docs/experimentaciones/Pics) by extension 'python_setup_py'
[0.295s] Level 1:colcon.colcon_core.package_identification:_identify(docs/experimentaciones/Sections) by extensions ['ignore', 'ignore_ament_install']
[0.295s] Level 1:colcon.colcon_core.package_identification:_identify(docs/experimentaciones/Sections) by extension 'ignore'
[0.295s] Level 1:colcon.colcon_core.package_identification:_identify(docs/experimentaciones/Sections) by extension 'ignore_ament_install'
[0.295s] Level 1:colcon.colcon_core.package_identification:_identify(docs/experimentaciones/Sections) by extensions ['colcon_pkg']
[0.295s] Level 1:colcon.colcon_core.package_identification:_identify(docs/experimentaciones/Sections) by extension 'colcon_pkg'
[0.295s] Level 1:colcon.colcon_core.package_identification:_identify(docs/experimentaciones/Sections) by extensions ['colcon_meta']
[0.295s] Level 1:colcon.colcon_core.package_identification:_identify(docs/experimentaciones/Sections) by extension 'colcon_meta'
[0.295s] Level 1:colcon.colcon_core.package_identification:_identify(docs/experimentaciones/Sections) by extensions ['ros']
[0.295s] Level 1:colcon.colcon_core.package_identification:_identify(docs/experimentaciones/Sections) by extension 'ros'
[0.295s] Level 1:colcon.colcon_core.package_identification:_identify(docs/experimentaciones/Sections) by extensions ['cmake', 'python']
[0.295s] Level 1:colcon.colcon_core.package_identification:_identify(docs/experimentaciones/Sections) by extension 'cmake'
[0.295s] Level 1:colcon.colcon_core.package_identification:_identify(docs/experimentaciones/Sections) by extension 'python'
[0.295s] Level 1:colcon.colcon_core.package_identification:_identify(docs/experimentaciones/Sections) by extensions ['python_setup_py']
[0.295s] Level 1:colcon.colcon_core.package_identification:_identify(docs/experimentaciones/Sections) by extension 'python_setup_py'
[0.295s] Level 1:colcon.colcon_core.package_identification:_identify(docs/ros2_arquitectura) by extensions ['ignore', 'ignore_ament_install']
[0.296s] Level 1:colcon.colcon_core.package_identification:_identify(docs/ros2_arquitectura) by extension 'ignore'
[0.296s] Level 1:colcon.colcon_core.package_identification:_identify(docs/ros2_arquitectura) by extension 'ignore_ament_install'
[0.296s] Level 1:colcon.colcon_core.package_identification:_identify(docs/ros2_arquitectura) by extensions ['colcon_pkg']
[0.296s] Level 1:colcon.colcon_core.package_identification:_identify(docs/ros2_arquitectura) by extension 'colcon_pkg'
[0.296s] Level 1:colcon.colcon_core.package_identification:_identify(docs/ros2_arquitectura) by extensions ['colcon_meta']
[0.296s] Level 1:colcon.colcon_core.package_identification:_identify(docs/ros2_arquitectura) by extension 'colcon_meta'
[0.296s] Level 1:colcon.colcon_core.package_identification:_identify(docs/ros2_arquitectura) by extensions ['ros']
[0.296s] Level 1:colcon.colcon_core.package_identification:_identify(docs/ros2_arquitectura) by extension 'ros'
[0.296s] Level 1:colcon.colcon_core.package_identification:_identify(docs/ros2_arquitectura) by extensions ['cmake', 'python']
[0.296s] Level 1:colcon.colcon_core.package_identification:_identify(docs/ros2_arquitectura) by extension 'cmake'
[0.296s] Level 1:colcon.colcon_core.package_identification:_identify(docs/ros2_arquitectura) by extension 'python'
[0.296s] Level 1:colcon.colcon_core.package_identification:_identify(docs/ros2_arquitectura) by extensions ['python_setup_py']
[0.296s] Level 1:colcon.colcon_core.package_identification:_identify(docs/ros2_arquitectura) by extension 'python_setup_py'
[0.296s] Level 1:colcon.colcon_core.package_identification:_identify(docs/ros2_arquitectura/Pics) by extensions ['ignore', 'ignore_ament_install']
[0.296s] Level 1:colcon.colcon_core.package_identification:_identify(docs/ros2_arquitectura/Pics) by extension 'ignore'
[0.296s] Level 1:colcon.colcon_core.package_identification:_identify(docs/ros2_arquitectura/Pics) by extension 'ignore_ament_install'
[0.296s] Level 1:colcon.colcon_core.package_identification:_identify(docs/ros2_arquitectura/Pics) by extensions ['colcon_pkg']
[0.296s] Level 1:colcon.colcon_core.package_identification:_identify(docs/ros2_arquitectura/Pics) by extension 'colcon_pkg'
[0.296s] Level 1:colcon.colcon_core.package_identification:_identify(docs/ros2_arquitectura/Pics) by extensions ['colcon_meta']
[0.296s] Level 1:colcon.colcon_core.package_identification:_identify(docs/ros2_arquitectura/Pics) by extension 'colcon_meta'
[0.296s] Level 1:colcon.colcon_core.package_identification:_identify(docs/ros2_arquitectura/Pics) by extensions ['ros']
[0.296s] Level 1:colcon.colcon_core.package_identification:_identify(docs/ros2_arquitectura/Pics) by extension 'ros'
[0.296s] Level 1:colcon.colcon_core.package_identification:_identify(docs/ros2_arquitectura/Pics) by extensions ['cmake', 'python']
[0.296s] Level 1:colcon.colcon_core.package_identification:_identify(docs/ros2_arquitectura/Pics) by extension 'cmake'
[0.296s] Level 1:colcon.colcon_core.package_identification:_identify(docs/ros2_arquitectura/Pics) by extension 'python'
[0.296s] Level 1:colcon.colcon_core.package_identification:_identify(docs/ros2_arquitectura/Pics) by extensions ['python_setup_py']
[0.296s] Level 1:colcon.colcon_core.package_identification:_identify(docs/ros2_arquitectura/Pics) by extension 'python_setup_py'
[0.296s] Level 1:colcon.colcon_core.package_identification:_identify(docs/ros2_arquitectura/Sections) by extensions ['ignore', 'ignore_ament_install']
[0.296s] Level 1:colcon.colcon_core.package_identification:_identify(docs/ros2_arquitectura/Sections) by extension 'ignore'
[0.296s] Level 1:colcon.colcon_core.package_identification:_identify(docs/ros2_arquitectura/Sections) by extension 'ignore_ament_install'
[0.296s] Level 1:colcon.colcon_core.package_identification:_identify(docs/ros2_arquitectura/Sections) by extensions ['colcon_pkg']
[0.296s] Level 1:colcon.colcon_core.package_identification:_identify(docs/ros2_arquitectura/Sections) by extension 'colcon_pkg'
[0.296s] Level 1:colcon.colcon_core.package_identification:_identify(docs/ros2_arquitectura/Sections) by extensions ['colcon_meta']
[0.297s] Level 1:colcon.colcon_core.package_identification:_identify(docs/ros2_arquitectura/Sections) by extension 'colcon_meta'
[0.297s] Level 1:colcon.colcon_core.package_identification:_identify(docs/ros2_arquitectura/Sections) by extensions ['ros']
[0.297s] Level 1:colcon.colcon_core.package_identification:_identify(docs/ros2_arquitectura/Sections) by extension 'ros'
[0.297s] Level 1:colcon.colcon_core.package_identification:_identify(docs/ros2_arquitectura/Sections) by extensions ['cmake', 'python']
[0.297s] Level 1:colcon.colcon_core.package_identification:_identify(docs/ros2_arquitectura/Sections) by extension 'cmake'
[0.297s] Level 1:colcon.colcon_core.package_identification:_identify(docs/ros2_arquitectura/Sections) by extension 'python'
[0.297s] Level 1:colcon.colcon_core.package_identification:_identify(docs/ros2_arquitectura/Sections) by extensions ['python_setup_py']
[0.297s] Level 1:colcon.colcon_core.package_identification:_identify(docs/ros2_arquitectura/Sections) by extension 'python_setup_py'
[0.297s] Level 1:colcon.colcon_core.package_identification:_identify(figuras) by extensions ['ignore', 'ignore_ament_install']
[0.297s] Level 1:colcon.colcon_core.package_identification:_identify(figuras) by extension 'ignore'
[0.297s] Level 1:colcon.colcon_core.package_identification:_identify(figuras) by extension 'ignore_ament_install'
[0.297s] Level 1:colcon.colcon_core.package_identification:_identify(figuras) by extensions ['colcon_pkg']
[0.297s] Level 1:colcon.colcon_core.package_identification:_identify(figuras) by extension 'colcon_pkg'
[0.297s] Level 1:colcon.colcon_core.package_identification:_identify(figuras) by extensions ['colcon_meta']
[0.297s] Level 1:colcon.colcon_core.package_identification:_identify(figuras) by extension 'colcon_meta'
[0.297s] Level 1:colcon.colcon_core.package_identification:_identify(figuras) by extensions ['ros']
[0.297s] Level 1:colcon.colcon_core.package_identification:_identify(figuras) by extension 'ros'
[0.297s] Level 1:colcon.colcon_core.package_identification:_identify(figuras) by extensions ['cmake', 'python']
[0.297s] Level 1:colcon.colcon_core.package_identification:_identify(figuras) by extension 'cmake'
[0.297s] Level 1:colcon.colcon_core.package_identification:_identify(figuras) by extension 'python'
[0.297s] Level 1:colcon.colcon_core.package_identification:_identify(figuras) by extensions ['python_setup_py']
[0.297s] Level 1:colcon.colcon_core.package_identification:_identify(figuras) by extension 'python_setup_py'
[0.297s] Level 1:colcon.colcon_core.package_identification:_identify(figuras/circular) by extensions ['ignore', 'ignore_ament_install']
[0.297s] Level 1:colcon.colcon_core.package_identification:_identify(figuras/circular) by extension 'ignore'
[0.297s] Level 1:colcon.colcon_core.package_identification:_identify(figuras/circular) by extension 'ignore_ament_install'
[0.297s] Level 1:colcon.colcon_core.package_identification:_identify(figuras/circular) by extensions ['colcon_pkg']
[0.297s] Level 1:colcon.colcon_core.package_identification:_identify(figuras/circular) by extension 'colcon_pkg'
[0.297s] Level 1:colcon.colcon_core.package_identification:_identify(figuras/circular) by extensions ['colcon_meta']
[0.297s] Level 1:colcon.colcon_core.package_identification:_identify(figuras/circular) by extension 'colcon_meta'
[0.297s] Level 1:colcon.colcon_core.package_identification:_identify(figuras/circular) by extensions ['ros']
[0.297s] Level 1:colcon.colcon_core.package_identification:_identify(figuras/circular) by extension 'ros'
[0.298s] Level 1:colcon.colcon_core.package_identification:_identify(figuras/circular) by extensions ['cmake', 'python']
[0.298s] Level 1:colcon.colcon_core.package_identification:_identify(figuras/circular) by extension 'cmake'
[0.298s] Level 1:colcon.colcon_core.package_identification:_identify(figuras/circular) by extension 'python'
[0.298s] Level 1:colcon.colcon_core.package_identification:_identify(figuras/circular) by extensions ['python_setup_py']
[0.298s] Level 1:colcon.colcon_core.package_identification:_identify(figuras/circular) by extension 'python_setup_py'
[0.298s] Level 1:colcon.colcon_core.package_identification:_identify(figuras/circulo_pivote) by extensions ['ignore', 'ignore_ament_install']
[0.298s] Level 1:colcon.colcon_core.package_identification:_identify(figuras/circulo_pivote) by extension 'ignore'
[0.298s] Level 1:colcon.colcon_core.package_identification:_identify(figuras/circulo_pivote) by extension 'ignore_ament_install'
[0.298s] Level 1:colcon.colcon_core.package_identification:_identify(figuras/circulo_pivote) by extensions ['colcon_pkg']
[0.298s] Level 1:colcon.colcon_core.package_identification:_identify(figuras/circulo_pivote) by extension 'colcon_pkg'
[0.298s] Level 1:colcon.colcon_core.package_identification:_identify(figuras/circulo_pivote) by extensions ['colcon_meta']
[0.298s] Level 1:colcon.colcon_core.package_identification:_identify(figuras/circulo_pivote) by extension 'colcon_meta'
[0.298s] Level 1:colcon.colcon_core.package_identification:_identify(figuras/circulo_pivote) by extensions ['ros']
[0.298s] Level 1:colcon.colcon_core.package_identification:_identify(figuras/circulo_pivote) by extension 'ros'
[0.298s] Level 1:colcon.colcon_core.package_identification:_identify(figuras/circulo_pivote) by extensions ['cmake', 'python']
[0.298s] Level 1:colcon.colcon_core.package_identification:_identify(figuras/circulo_pivote) by extension 'cmake'
[0.298s] Level 1:colcon.colcon_core.package_identification:_identify(figuras/circulo_pivote) by extension 'python'
[0.298s] Level 1:colcon.colcon_core.package_identification:_identify(figuras/circulo_pivote) by extensions ['python_setup_py']
[0.298s] Level 1:colcon.colcon_core.package_identification:_identify(figuras/circulo_pivote) by extension 'python_setup_py'
[0.298s] Level 1:colcon.colcon_core.package_identification:_identify(figuras/consenso_lider) by extensions ['ignore', 'ignore_ament_install']
[0.298s] Level 1:colcon.colcon_core.package_identification:_identify(figuras/consenso_lider) by extension 'ignore'
[0.298s] Level 1:colcon.colcon_core.package_identification:_identify(figuras/consenso_lider) by extension 'ignore_ament_install'
[0.298s] Level 1:colcon.colcon_core.package_identification:_identify(figuras/consenso_lider) by extensions ['colcon_pkg']
[0.298s] Level 1:colcon.colcon_core.package_identification:_identify(figuras/consenso_lider) by extension 'colcon_pkg'
[0.298s] Level 1:colcon.colcon_core.package_identification:_identify(figuras/consenso_lider) by extensions ['colcon_meta']
[0.298s] Level 1:colcon.colcon_core.package_identification:_identify(figuras/consenso_lider) by extension 'colcon_meta'
[0.298s] Level 1:colcon.colcon_core.package_identification:_identify(figuras/consenso_lider) by extensions ['ros']
[0.298s] Level 1:colcon.colcon_core.package_identification:_identify(figuras/consenso_lider) by extension 'ros'
[0.298s] Level 1:colcon.colcon_core.package_identification:_identify(figuras/consenso_lider) by extensions ['cmake', 'python']
[0.298s] Level 1:colcon.colcon_core.package_identification:_identify(figuras/consenso_lider) by extension 'cmake'
[0.298s] Level 1:colcon.colcon_core.package_identification:_identify(figuras/consenso_lider) by extension 'python'
[0.298s] Level 1:colcon.colcon_core.package_identification:_identify(figuras/consenso_lider) by extensions ['python_setup_py']
[0.298s] Level 1:colcon.colcon_core.package_identification:_identify(figuras/consenso_lider) by extension 'python_setup_py'
[0.299s] Level 1:colcon.colcon_core.package_identification:_identify(figuras/consenso_prom) by extensions ['ignore', 'ignore_ament_install']
[0.299s] Level 1:colcon.colcon_core.package_identification:_identify(figuras/consenso_prom) by extension 'ignore'
[0.299s] Level 1:colcon.colcon_core.package_identification:_identify(figuras/consenso_prom) by extension 'ignore_ament_install'
[0.299s] Level 1:colcon.colcon_core.package_identification:_identify(figuras/consenso_prom) by extensions ['colcon_pkg']
[0.299s] Level 1:colcon.colcon_core.package_identification:_identify(figuras/consenso_prom) by extension 'colcon_pkg'
[0.299s] Level 1:colcon.colcon_core.package_identification:_identify(figuras/consenso_prom) by extensions ['colcon_meta']
[0.299s] Level 1:colcon.colcon_core.package_identification:_identify(figuras/consenso_prom) by extension 'colcon_meta'
[0.299s] Level 1:colcon.colcon_core.package_identification:_identify(figuras/consenso_prom) by extensions ['ros']
[0.299s] Level 1:colcon.colcon_core.package_identification:_identify(figuras/consenso_prom) by extension 'ros'
[0.299s] Level 1:colcon.colcon_core.package_identification:_identify(figuras/consenso_prom) by extensions ['cmake', 'python']
[0.299s] Level 1:colcon.colcon_core.package_identification:_identify(figuras/consenso_prom) by extension 'cmake'
[0.299s] Level 1:colcon.colcon_core.package_identification:_identify(figuras/consenso_prom) by extension 'python'
[0.299s] Level 1:colcon.colcon_core.package_identification:_identify(figuras/consenso_prom) by extensions ['python_setup_py']
[0.299s] Level 1:colcon.colcon_core.package_identification:_identify(figuras/consenso_prom) by extension 'python_setup_py'
[0.299s] Level 1:colcon.colcon_core.package_identification:_identify(figuras/formacion) by extensions ['ignore', 'ignore_ament_install']
[0.299s] Level 1:colcon.colcon_core.package_identification:_identify(figuras/formacion) by extension 'ignore'
[0.299s] Level 1:colcon.colcon_core.package_identification:_identify(figuras/formacion) by extension 'ignore_ament_install'
[0.299s] Level 1:colcon.colcon_core.package_identification:_identify(figuras/formacion) by extensions ['colcon_pkg']
[0.299s] Level 1:colcon.colcon_core.package_identification:_identify(figuras/formacion) by extension 'colcon_pkg'
[0.299s] Level 1:colcon.colcon_core.package_identification:_identify(figuras/formacion) by extensions ['colcon_meta']
[0.299s] Level 1:colcon.colcon_core.package_identification:_identify(figuras/formacion) by extension 'colcon_meta'
[0.299s] Level 1:colcon.colcon_core.package_identification:_identify(figuras/formacion) by extensions ['ros']
[0.299s] Level 1:colcon.colcon_core.package_identification:_identify(figuras/formacion) by extension 'ros'
[0.299s] Level 1:colcon.colcon_core.package_identification:_identify(figuras/formacion) by extensions ['cmake', 'python']
[0.299s] Level 1:colcon.colcon_core.package_identification:_identify(figuras/formacion) by extension 'cmake'
[0.299s] Level 1:colcon.colcon_core.package_identification:_identify(figuras/formacion) by extension 'python'
[0.299s] Level 1:colcon.colcon_core.package_identification:_identify(figuras/formacion) by extensions ['python_setup_py']
[0.299s] Level 1:colcon.colcon_core.package_identification:_identify(figuras/formacion) by extension 'python_setup_py'
[0.299s] Level 1:colcon.colcon_core.package_identification:_identify(figuras/formacion2) by extensions ['ignore', 'ignore_ament_install']
[0.299s] Level 1:colcon.colcon_core.package_identification:_identify(figuras/formacion2) by extension 'ignore'
[0.300s] Level 1:colcon.colcon_core.package_identification:_identify(figuras/formacion2) by extension 'ignore_ament_install'
[0.300s] Level 1:colcon.colcon_core.package_identification:_identify(figuras/formacion2) by extensions ['colcon_pkg']
[0.300s] Level 1:colcon.colcon_core.package_identification:_identify(figuras/formacion2) by extension 'colcon_pkg'
[0.300s] Level 1:colcon.colcon_core.package_identification:_identify(figuras/formacion2) by extensions ['colcon_meta']
[0.300s] Level 1:colcon.colcon_core.package_identification:_identify(figuras/formacion2) by extension 'colcon_meta'
[0.300s] Level 1:colcon.colcon_core.package_identification:_identify(figuras/formacion2) by extensions ['ros']
[0.300s] Level 1:colcon.colcon_core.package_identification:_identify(figuras/formacion2) by extension 'ros'
[0.300s] Level 1:colcon.colcon_core.package_identification:_identify(figuras/formacion2) by extensions ['cmake', 'python']
[0.300s] Level 1:colcon.colcon_core.package_identification:_identify(figuras/formacion2) by extension 'cmake'
[0.300s] Level 1:colcon.colcon_core.package_identification:_identify(figuras/formacion2) by extension 'python'
[0.300s] Level 1:colcon.colcon_core.package_identification:_identify(figuras/formacion2) by extensions ['python_setup_py']
[0.300s] Level 1:colcon.colcon_core.package_identification:_identify(figuras/formacion2) by extension 'python_setup_py'
[0.300s] Level 1:colcon.colcon_core.package_identification:_identify(figures_pva) by extensions ['ignore', 'ignore_ament_install']
[0.300s] Level 1:colcon.colcon_core.package_identification:_identify(figures_pva) by extension 'ignore'
[0.300s] Level 1:colcon.colcon_core.package_identification:_identify(figures_pva) by extension 'ignore_ament_install'
[0.300s] Level 1:colcon.colcon_core.package_identification:_identify(figures_pva) by extensions ['colcon_pkg']
[0.300s] Level 1:colcon.colcon_core.package_identification:_identify(figures_pva) by extension 'colcon_pkg'
[0.300s] Level 1:colcon.colcon_core.package_identification:_identify(figures_pva) by extensions ['colcon_meta']
[0.300s] Level 1:colcon.colcon_core.package_identification:_identify(figures_pva) by extension 'colcon_meta'
[0.300s] Level 1:colcon.colcon_core.package_identification:_identify(figures_pva) by extensions ['ros']
[0.300s] Level 1:colcon.colcon_core.package_identification:_identify(figures_pva) by extension 'ros'
[0.300s] Level 1:colcon.colcon_core.package_identification:_identify(figures_pva) by extensions ['cmake', 'python']
[0.300s] Level 1:colcon.colcon_core.package_identification:_identify(figures_pva) by extension 'cmake'
[0.300s] Level 1:colcon.colcon_core.package_identification:_identify(figures_pva) by extension 'python'
[0.300s] Level 1:colcon.colcon_core.package_identification:_identify(figures_pva) by extensions ['python_setup_py']
[0.300s] Level 1:colcon.colcon_core.package_identification:_identify(figures_pva) by extension 'python_setup_py'
[0.300s] Level 1:colcon.colcon_core.package_identification:_identify(install) by extensions ['ignore', 'ignore_ament_install']
[0.300s] Level 1:colcon.colcon_core.package_identification:_identify(install) by extension 'ignore'
[0.300s] Level 1:colcon.colcon_core.package_identification:_identify(install) ignored
[0.301s] Level 1:colcon.colcon_core.package_identification:_identify(log) by extensions ['ignore', 'ignore_ament_install']
[0.301s] Level 1:colcon.colcon_core.package_identification:_identify(log) by extension 'ignore'
[0.301s] Level 1:colcon.colcon_core.package_identification:_identify(log) ignored
[0.301s] Level 1:colcon.colcon_core.package_identification:_identify(src) by extensions ['ignore', 'ignore_ament_install']
[0.301s] Level 1:colcon.colcon_core.package_identification:_identify(src) by extension 'ignore'
[0.301s] Level 1:colcon.colcon_core.package_identification:_identify(src) by extension 'ignore_ament_install'
[0.301s] Level 1:colcon.colcon_core.package_identification:_identify(src) by extensions ['colcon_pkg']
[0.301s] Level 1:colcon.colcon_core.package_identification:_identify(src) by extension 'colcon_pkg'
[0.301s] Level 1:colcon.colcon_core.package_identification:_identify(src) by extensions ['colcon_meta']
[0.301s] Level 1:colcon.colcon_core.package_identification:_identify(src) by extension 'colcon_meta'
[0.301s] Level 1:colcon.colcon_core.package_identification:_identify(src) by extensions ['ros']
[0.301s] Level 1:colcon.colcon_core.package_identification:_identify(src) by extension 'ros'
[0.301s] Level 1:colcon.colcon_core.package_identification:_identify(src) by extensions ['cmake', 'python']
[0.301s] Level 1:colcon.colcon_core.package_identification:_identify(src) by extension 'cmake'
[0.301s] Level 1:colcon.colcon_core.package_identification:_identify(src) by extension 'python'
[0.301s] Level 1:colcon.colcon_core.package_identification:_identify(src) by extensions ['python_setup_py']
[0.301s] Level 1:colcon.colcon_core.package_identification:_identify(src) by extension 'python_setup_py'
[0.301s] Level 1:colcon.colcon_core.package_identification:_identify(src/articubot_one) by extensions ['ignore', 'ignore_ament_install']
[0.301s] Level 1:colcon.colcon_core.package_identification:_identify(src/articubot_one) by extension 'ignore'
[0.301s] Level 1:colcon.colcon_core.package_identification:_identify(src/articubot_one) by extension 'ignore_ament_install'
[0.301s] Level 1:colcon.colcon_core.package_identification:_identify(src/articubot_one) by extensions ['colcon_pkg']
[0.301s] Level 1:colcon.colcon_core.package_identification:_identify(src/articubot_one) by extension 'colcon_pkg'
[0.301s] Level 1:colcon.colcon_core.package_identification:_identify(src/articubot_one) by extensions ['colcon_meta']
[0.302s] Level 1:colcon.colcon_core.package_identification:_identify(src/articubot_one) by extension 'colcon_meta'
[0.302s] Level 1:colcon.colcon_core.package_identification:_identify(src/articubot_one) by extensions ['ros']
[0.302s] Level 1:colcon.colcon_core.package_identification:_identify(src/articubot_one) by extension 'ros'
[0.303s] DEBUG:colcon.colcon_core.package_identification:Package 'src/articubot_one' with type 'ros.ament_cmake' and name 'articubot_one'
[0.304s] Level 1:colcon.colcon_core.package_identification:_identify(src/control_nodes) by extensions ['ignore', 'ignore_ament_install']
[0.304s] Level 1:colcon.colcon_core.package_identification:_identify(src/control_nodes) by extension 'ignore'
[0.304s] Level 1:colcon.colcon_core.package_identification:_identify(src/control_nodes) by extension 'ignore_ament_install'
[0.304s] Level 1:colcon.colcon_core.package_identification:_identify(src/control_nodes) by extensions ['colcon_pkg']
[0.304s] Level 1:colcon.colcon_core.package_identification:_identify(src/control_nodes) by extension 'colcon_pkg'
[0.304s] Level 1:colcon.colcon_core.package_identification:_identify(src/control_nodes) by extensions ['colcon_meta']
[0.304s] Level 1:colcon.colcon_core.package_identification:_identify(src/control_nodes) by extension 'colcon_meta'
[0.304s] Level 1:colcon.colcon_core.package_identification:_identify(src/control_nodes) by extensions ['ros']
[0.304s] Level 1:colcon.colcon_core.package_identification:_identify(src/control_nodes) by extension 'ros'
[0.305s] DEBUG:colcon.colcon_core.package_identification:Package 'src/control_nodes' with type 'ros.ament_python' and name 'control_nodes'
[0.305s] Level 1:colcon.colcon_core.package_identification:_identify(src/multi_robot_interfaces) by extensions ['ignore', 'ignore_ament_install']
[0.305s] Level 1:colcon.colcon_core.package_identification:_identify(src/multi_robot_interfaces) by extension 'ignore'
[0.305s] Level 1:colcon.colcon_core.package_identification:_identify(src/multi_robot_interfaces) by extension 'ignore_ament_install'
[0.305s] Level 1:colcon.colcon_core.package_identification:_identify(src/multi_robot_interfaces) by extensions ['colcon_pkg']
[0.305s] Level 1:colcon.colcon_core.package_identification:_identify(src/multi_robot_interfaces) by extension 'colcon_pkg'
[0.305s] Level 1:colcon.colcon_core.package_identification:_identify(src/multi_robot_interfaces) by extensions ['colcon_meta']
[0.305s] Level 1:colcon.colcon_core.package_identification:_identify(src/multi_robot_interfaces) by extension 'colcon_meta'
[0.305s] Level 1:colcon.colcon_core.package_identification:_identify(src/multi_robot_interfaces) by extensions ['ros']
[0.305s] Level 1:colcon.colcon_core.package_identification:_identify(src/multi_robot_interfaces) by extension 'ros'
[0.305s] DEBUG:colcon.colcon_core.package_identification:Package 'src/multi_robot_interfaces' with type 'ros.ament_cmake' and name 'multi_robot_interfaces'
[0.305s] Level 1:colcon.colcon_core.package_identification:_identify(src/simulador) by extensions ['ignore', 'ignore_ament_install']
[0.305s] Level 1:colcon.colcon_core.package_identification:_identify(src/simulador) by extension 'ignore'
[0.305s] Level 1:colcon.colcon_core.package_identification:_identify(src/simulador) by extension 'ignore_ament_install'
[0.305s] Level 1:colcon.colcon_core.package_identification:_identify(src/simulador) by extensions ['colcon_pkg']
[0.305s] Level 1:colcon.colcon_core.package_identification:_identify(src/simulador) by extension 'colcon_pkg'
[0.305s] Level 1:colcon.colcon_core.package_identification:_identify(src/simulador) by extensions ['colcon_meta']
[0.305s] Level 1:colcon.colcon_core.package_identification:_identify(src/simulador) by extension 'colcon_meta'
[0.306s] Level 1:colcon.colcon_core.package_identification:_identify(src/simulador) by extensions ['ros']
[0.306s] Level 1:colcon.colcon_core.package_identification:_identify(src/simulador) by extension 'ros'
[0.306s] DEBUG:colcon.colcon_core.package_identification:Package 'src/simulador' with type 'ros.ament_python' and name 'simulador'
[0.306s] Level 1:colcon.colcon_core.package_identification:_identify(ws3_p) by extensions ['ignore', 'ignore_ament_install']
[0.306s] Level 1:colcon.colcon_core.package_identification:_identify(ws3_p) by extension 'ignore'
[0.306s] Level 1:colcon.colcon_core.package_identification:_identify(ws3_p) by extension 'ignore_ament_install'
[0.306s] Level 1:colcon.colcon_core.package_identification:_identify(ws3_p) by extensions ['colcon_pkg']
[0.306s] Level 1:colcon.colcon_core.package_identification:_identify(ws3_p) by extension 'colcon_pkg'
[0.306s] Level 1:colcon.colcon_core.package_identification:_identify(ws3_p) by extensions ['colcon_meta']
[0.306s] Level 1:colcon.colcon_core.package_identification:_identify(ws3_p) by extension 'colcon_meta'
[0.306s] Level 1:colcon.colcon_core.package_identification:_identify(ws3_p) by extensions ['ros']
[0.306s] Level 1:colcon.colcon_core.package_identification:_identify(ws3_p) by extension 'ros'
[0.307s] Level 1:colcon.colcon_core.package_identification:_identify(ws3_p) by extensions ['cmake', 'python']
[0.307s] Level 1:colcon.colcon_core.package_identification:_identify(ws3_p) by extension 'cmake'
[0.307s] Level 1:colcon.colcon_core.package_identification:_identify(ws3_p) by extension 'python'
[0.307s] Level 1:colcon.colcon_core.package_identification:_identify(ws3_p) by extensions ['python_setup_py']
[0.307s] Level 1:colcon.colcon_core.package_identification:_identify(ws3_p) by extension 'python_setup_py'
[0.307s] Level 1:colcon.colcon_core.package_identification:_identify(ws3_p/algorithms) by extensions ['ignore', 'ignore_ament_install']
[0.307s] Level 1:colcon.colcon_core.package_identification:_identify(ws3_p/algorithms) by extension 'ignore'
[0.307s] Level 1:colcon.colcon_core.package_identification:_identify(ws3_p/algorithms) by extension 'ignore_ament_install'
[0.307s] Level 1:colcon.colcon_core.package_identification:_identify(ws3_p/algorithms) by extensions ['colcon_pkg']
[0.307s] Level 1:colcon.colcon_core.package_identification:_identify(ws3_p/algorithms) by extension 'colcon_pkg'
[0.307s] Level 1:colcon.colcon_core.package_identification:_identify(ws3_p/algorithms) by extensions ['colcon_meta']
[0.307s] Level 1:colcon.colcon_core.package_identification:_identify(ws3_p/algorithms) by extension 'colcon_meta'
[0.307s] Level 1:colcon.colcon_core.package_identification:_identify(ws3_p/algorithms) by extensions ['ros']
[0.307s] Level 1:colcon.colcon_core.package_identification:_identify(ws3_p/algorithms) by extension 'ros'
[0.307s] Level 1:colcon.colcon_core.package_identification:_identify(ws3_p/algorithms) by extensions ['cmake', 'python']
[0.307s] Level 1:colcon.colcon_core.package_identification:_identify(ws3_p/algorithms) by extension 'cmake'
[0.307s] Level 1:colcon.colcon_core.package_identification:_identify(ws3_p/algorithms) by extension 'python'
[0.307s] Level 1:colcon.colcon_core.package_identification:_identify(ws3_p/algorithms) by extensions ['python_setup_py']
[0.307s] Level 1:colcon.colcon_core.package_identification:_identify(ws3_p/algorithms) by extension 'python_setup_py'
[0.307s] Level 1:colcon.colcon_core.package_identification:_identify(ws3_p/algorithms/__pycache__) by extensions ['ignore', 'ignore_ament_install']
[0.307s] Level 1:colcon.colcon_core.package_identification:_identify(ws3_p/algorithms/__pycache__) by extension 'ignore'
[0.307s] Level 1:colcon.colcon_core.package_identification:_identify(ws3_p/algorithms/__pycache__) by extension 'ignore_ament_install'
[0.307s] Level 1:colcon.colcon_core.package_identification:_identify(ws3_p/algorithms/__pycache__) by extensions ['colcon_pkg']
[0.307s] Level 1:colcon.colcon_core.package_identification:_identify(ws3_p/algorithms/__pycache__) by extension 'colcon_pkg'
[0.307s] Level 1:colcon.colcon_core.package_identification:_identify(ws3_p/algorithms/__pycache__) by extensions ['colcon_meta']
[0.307s] Level 1:colcon.colcon_core.package_identification:_identify(ws3_p/algorithms/__pycache__) by extension 'colcon_meta'
[0.307s] Level 1:colcon.colcon_core.package_identification:_identify(ws3_p/algorithms/__pycache__) by extensions ['ros']
[0.307s] Level 1:colcon.colcon_core.package_identification:_identify(ws3_p/algorithms/__pycache__) by extension 'ros'
[0.307s] Level 1:colcon.colcon_core.package_identification:_identify(ws3_p/algorithms/__pycache__) by extensions ['cmake', 'python']
[0.307s] Level 1:colcon.colcon_core.package_identification:_identify(ws3_p/algorithms/__pycache__) by extension 'cmake'
[0.307s] Level 1:colcon.colcon_core.package_identification:_identify(ws3_p/algorithms/__pycache__) by extension 'python'
[0.307s] Level 1:colcon.colcon_core.package_identification:_identify(ws3_p/algorithms/__pycache__) by extensions ['python_setup_py']
[0.308s] Level 1:colcon.colcon_core.package_identification:_identify(ws3_p/algorithms/__pycache__) by extension 'python_setup_py'
[0.308s] Level 1:colcon.colcon_core.package_identification:_identify(ws3_p/figuras) by extensions ['ignore', 'ignore_ament_install']
[0.308s] Level 1:colcon.colcon_core.package_identification:_identify(ws3_p/figuras) by extension 'ignore'
[0.308s] Level 1:colcon.colcon_core.package_identification:_identify(ws3_p/figuras) by extension 'ignore_ament_install'
[0.308s] Level 1:colcon.colcon_core.package_identification:_identify(ws3_p/figuras) by extensions ['colcon_pkg']
[0.308s] Level 1:colcon.colcon_core.package_identification:_identify(ws3_p/figuras) by extension 'colcon_pkg'
[0.308s] Level 1:colcon.colcon_core.package_identification:_identify(ws3_p/figuras) by extensions ['colcon_meta']
[0.308s] Level 1:colcon.colcon_core.package_identification:_identify(ws3_p/figuras) by extension 'colcon_meta'
[0.308s] Level 1:colcon.colcon_core.package_identification:_identify(ws3_p/figuras) by extensions ['ros']
[0.308s] Level 1:colcon.colcon_core.package_identification:_identify(ws3_p/figuras) by extension 'ros'
[0.308s] Level 1:colcon.colcon_core.package_identification:_identify(ws3_p/figuras) by extensions ['cmake', 'python']
[0.308s] Level 1:colcon.colcon_core.package_identification:_identify(ws3_p/figuras) by extension 'cmake'
[0.308s] Level 1:colcon.colcon_core.package_identification:_identify(ws3_p/figuras) by extension 'python'
[0.308s] Level 1:colcon.colcon_core.package_identification:_identify(ws3_p/figuras) by extensions ['python_setup_py']
[0.308s] Level 1:colcon.colcon_core.package_identification:_identify(ws3_p/figuras) by extension 'python_setup_py'
[0.308s] Level 1:colcon.colcon_core.package_identification:_identify(ws3_p/figuras/s02b_radio_scan) by extensions ['ignore', 'ignore_ament_install']
[0.308s] Level 1:colcon.colcon_core.package_identification:_identify(ws3_p/figuras/s02b_radio_scan) by extension 'ignore'
[0.308s] Level 1:colcon.colcon_core.package_identification:_identify(ws3_p/figuras/s02b_radio_scan) by extension 'ignore_ament_install'
[0.308s] Level 1:colcon.colcon_core.package_identification:_identify(ws3_p/figuras/s02b_radio_scan) by extensions ['colcon_pkg']
[0.308s] Level 1:colcon.colcon_core.package_identification:_identify(ws3_p/figuras/s02b_radio_scan) by extension 'colcon_pkg'
[0.308s] Level 1:colcon.colcon_core.package_identification:_identify(ws3_p/figuras/s02b_radio_scan) by extensions ['colcon_meta']
[0.308s] Level 1:colcon.colcon_core.package_identification:_identify(ws3_p/figuras/s02b_radio_scan) by extension 'colcon_meta'
[0.308s] Level 1:colcon.colcon_core.package_identification:_identify(ws3_p/figuras/s02b_radio_scan) by extensions ['ros']
[0.308s] Level 1:colcon.colcon_core.package_identification:_identify(ws3_p/figuras/s02b_radio_scan) by extension 'ros'
[0.308s] Level 1:colcon.colcon_core.package_identification:_identify(ws3_p/figuras/s02b_radio_scan) by extensions ['cmake', 'python']
[0.308s] Level 1:colcon.colcon_core.package_identification:_identify(ws3_p/figuras/s02b_radio_scan) by extension 'cmake'
[0.308s] Level 1:colcon.colcon_core.package_identification:_identify(ws3_p/figuras/s02b_radio_scan) by extension 'python'
[0.308s] Level 1:colcon.colcon_core.package_identification:_identify(ws3_p/figuras/s02b_radio_scan) by extensions ['python_setup_py']
[0.308s] Level 1:colcon.colcon_core.package_identification:_identify(ws3_p/figuras/s02b_radio_scan) by extension 'python_setup_py'
[0.308s] Level 1:colcon.colcon_core.package_identification:_identify(ws3_p/figuras/s03_pivot_90) by extensions ['ignore', 'ignore_ament_install']
[0.309s] Level 1:colcon.colcon_core.package_identification:_identify(ws3_p/figuras/s03_pivot_90) by extension 'ignore'
[0.309s] Level 1:colcon.colcon_core.package_identification:_identify(ws3_p/figuras/s03_pivot_90) by extension 'ignore_ament_install'
[0.309s] Level 1:colcon.colcon_core.package_identification:_identify(ws3_p/figuras/s03_pivot_90) by extensions ['colcon_pkg']
[0.309s] Level 1:colcon.colcon_core.package_identification:_identify(ws3_p/figuras/s03_pivot_90) by extension 'colcon_pkg'
[0.309s] Level 1:colcon.colcon_core.package_identification:_identify(ws3_p/figuras/s03_pivot_90) by extensions ['colcon_meta']
[0.309s] Level 1:colcon.colcon_core.package_identification:_identify(ws3_p/figuras/s03_pivot_90) by extension 'colcon_meta'
[0.309s] Level 1:colcon.colcon_core.package_identification:_identify(ws3_p/figuras/s03_pivot_90) by extensions ['ros']
[0.309s] Level 1:colcon.colcon_core.package_identification:_identify(ws3_p/figuras/s03_pivot_90) by extension 'ros'
[0.309s] Level 1:colcon.colcon_core.package_identification:_identify(ws3_p/figuras/s03_pivot_90) by extensions ['cmake', 'python']
[0.309s] Level 1:colcon.colcon_core.package_identification:_identify(ws3_p/figuras/s03_pivot_90) by extension 'cmake'
[0.309s] Level 1:colcon.colcon_core.package_identification:_identify(ws3_p/figuras/s03_pivot_90) by extension 'python'
[0.309s] Level 1:colcon.colcon_core.package_identification:_identify(ws3_p/figuras/s03_pivot_90) by extensions ['python_setup_py']
[0.309s] Level 1:colcon.colcon_core.package_identification:_identify(ws3_p/figuras/s03_pivot_90) by extension 'python_setup_py'
[0.309s] Level 1:colcon.colcon_core.package_identification:_identify(ws3_p/figuras/s04_circulo_pivote) by extensions ['ignore', 'ignore_ament_install']
[0.309s] Level 1:colcon.colcon_core.package_identification:_identify(ws3_p/figuras/s04_circulo_pivote) by extension 'ignore'
[0.309s] Level 1:colcon.colcon_core.package_identification:_identify(ws3_p/figuras/s04_circulo_pivote) by extension 'ignore_ament_install'
[0.309s] Level 1:colcon.colcon_core.package_identification:_identify(ws3_p/figuras/s04_circulo_pivote) by extensions ['colcon_pkg']
[0.309s] Level 1:colcon.colcon_core.package_identification:_identify(ws3_p/figuras/s04_circulo_pivote) by extension 'colcon_pkg'
[0.309s] Level 1:colcon.colcon_core.package_identification:_identify(ws3_p/figuras/s04_circulo_pivote) by extensions ['colcon_meta']
[0.309s] Level 1:colcon.colcon_core.package_identification:_identify(ws3_p/figuras/s04_circulo_pivote) by extension 'colcon_meta'
[0.309s] Level 1:colcon.colcon_core.package_identification:_identify(ws3_p/figuras/s04_circulo_pivote) by extensions ['ros']
[0.309s] Level 1:colcon.colcon_core.package_identification:_identify(ws3_p/figuras/s04_circulo_pivote) by extension 'ros'
[0.309s] Level 1:colcon.colcon_core.package_identification:_identify(ws3_p/figuras/s04_circulo_pivote) by extensions ['cmake', 'python']
[0.309s] Level 1:colcon.colcon_core.package_identification:_identify(ws3_p/figuras/s04_circulo_pivote) by extension 'cmake'
[0.309s] Level 1:colcon.colcon_core.package_identification:_identify(ws3_p/figuras/s04_circulo_pivote) by extension 'python'
[0.309s] Level 1:colcon.colcon_core.package_identification:_identify(ws3_p/figuras/s04_circulo_pivote) by extensions ['python_setup_py']
[0.309s] Level 1:colcon.colcon_core.package_identification:_identify(ws3_p/figuras/s04_circulo_pivote) by extension 'python_setup_py'
[0.309s] Level 1:colcon.colcon_core.package_identification:_identify(ws3_p/robots) by extensions ['ignore', 'ignore_ament_install']
[0.309s] Level 1:colcon.colcon_core.package_identification:_identify(ws3_p/robots) by extension 'ignore'
[0.309s] Level 1:colcon.colcon_core.package_identification:_identify(ws3_p/robots) by extension 'ignore_ament_install'
[0.309s] Level 1:colcon.colcon_core.package_identification:_identify(ws3_p/robots) by extensions ['colcon_pkg']
[0.309s] Level 1:colcon.colcon_core.package_identification:_identify(ws3_p/robots) by extension 'colcon_pkg'
[0.309s] Level 1:colcon.colcon_core.package_identification:_identify(ws3_p/robots) by extensions ['colcon_meta']
[0.309s] Level 1:colcon.colcon_core.package_identification:_identify(ws3_p/robots) by extension 'colcon_meta'
[0.309s] Level 1:colcon.colcon_core.package_identification:_identify(ws3_p/robots) by extensions ['ros']
[0.310s] Level 1:colcon.colcon_core.package_identification:_identify(ws3_p/robots) by extension 'ros'
[0.310s] Level 1:colcon.colcon_core.package_identification:_identify(ws3_p/robots) by extensions ['cmake', 'python']
[0.310s] Level 1:colcon.colcon_core.package_identification:_identify(ws3_p/robots) by extension 'cmake'
[0.310s] Level 1:colcon.colcon_core.package_identification:_identify(ws3_p/robots) by extension 'python'
[0.310s] Level 1:colcon.colcon_core.package_identification:_identify(ws3_p/robots) by extensions ['python_setup_py']
[0.310s] Level 1:colcon.colcon_core.package_identification:_identify(ws3_p/robots) by extension 'python_setup_py'
[0.310s] Level 1:colcon.colcon_core.package_identification:_identify(ws3_p/robots/__pycache__) by extensions ['ignore', 'ignore_ament_install']
[0.310s] Level 1:colcon.colcon_core.package_identification:_identify(ws3_p/robots/__pycache__) by extension 'ignore'
[0.310s] Level 1:colcon.colcon_core.package_identification:_identify(ws3_p/robots/__pycache__) by extension 'ignore_ament_install'
[0.310s] Level 1:colcon.colcon_core.package_identification:_identify(ws3_p/robots/__pycache__) by extensions ['colcon_pkg']
[0.310s] Level 1:colcon.colcon_core.package_identification:_identify(ws3_p/robots/__pycache__) by extension 'colcon_pkg'
[0.310s] Level 1:colcon.colcon_core.package_identification:_identify(ws3_p/robots/__pycache__) by extensions ['colcon_meta']
[0.310s] Level 1:colcon.colcon_core.package_identification:_identify(ws3_p/robots/__pycache__) by extension 'colcon_meta'
[0.310s] Level 1:colcon.colcon_core.package_identification:_identify(ws3_p/robots/__pycache__) by extensions ['ros']
[0.310s] Level 1:colcon.colcon_core.package_identification:_identify(ws3_p/robots/__pycache__) by extension 'ros'
[0.310s] Level 1:colcon.colcon_core.package_identification:_identify(ws3_p/robots/__pycache__) by extensions ['cmake', 'python']
[0.310s] Level 1:colcon.colcon_core.package_identification:_identify(ws3_p/robots/__pycache__) by extension 'cmake'
[0.310s] Level 1:colcon.colcon_core.package_identification:_identify(ws3_p/robots/__pycache__) by extension 'python'
[0.310s] Level 1:colcon.colcon_core.package_identification:_identify(ws3_p/robots/__pycache__) by extensions ['python_setup_py']
[0.310s] Level 1:colcon.colcon_core.package_identification:_identify(ws3_p/robots/__pycache__) by extension 'python_setup_py'
[0.310s] Level 1:colcon.colcon_core.package_identification:_identify(ws3_p/scenarios) by extensions ['ignore', 'ignore_ament_install']
[0.310s] Level 1:colcon.colcon_core.package_identification:_identify(ws3_p/scenarios) by extension 'ignore'
[0.310s] Level 1:colcon.colcon_core.package_identification:_identify(ws3_p/scenarios) by extension 'ignore_ament_install'
[0.310s] Level 1:colcon.colcon_core.package_identification:_identify(ws3_p/scenarios) by extensions ['colcon_pkg']
[0.310s] Level 1:colcon.colcon_core.package_identification:_identify(ws3_p/scenarios) by extension 'colcon_pkg'
[0.310s] Level 1:colcon.colcon_core.package_identification:_identify(ws3_p/scenarios) by extensions ['colcon_meta']
[0.310s] Level 1:colcon.colcon_core.package_identification:_identify(ws3_p/scenarios) by extension 'colcon_meta'
[0.310s] Level 1:colcon.colcon_core.package_identification:_identify(ws3_p/scenarios) by extensions ['ros']
[0.310s] Level 1:colcon.colcon_core.package_identification:_identify(ws3_p/scenarios) by extension 'ros'
[0.310s] Level 1:colcon.colcon_core.package_identification:_identify(ws3_p/scenarios) by extensions ['cmake', 'python']
[0.310s] Level 1:colcon.colcon_core.package_identification:_identify(ws3_p/scenarios) by extension 'cmake'
[0.310s] Level 1:colcon.colcon_core.package_identification:_identify(ws3_p/scenarios) by extension 'python'
[0.311s] Level 1:colcon.colcon_core.package_identification:_identify(ws3_p/scenarios) by extensions ['python_setup_py']
[0.311s] Level 1:colcon.colcon_core.package_identification:_identify(ws3_p/scenarios) by extension 'python_setup_py'
[0.311s] Level 1:colcon.colcon_core.package_identification:_identify(ws3_p/scenarios/__pycache__) by extensions ['ignore', 'ignore_ament_install']
[0.311s] Level 1:colcon.colcon_core.package_identification:_identify(ws3_p/scenarios/__pycache__) by extension 'ignore'
[0.311s] Level 1:colcon.colcon_core.package_identification:_identify(ws3_p/scenarios/__pycache__) by extension 'ignore_ament_install'
[0.311s] Level 1:colcon.colcon_core.package_identification:_identify(ws3_p/scenarios/__pycache__) by extensions ['colcon_pkg']
[0.311s] Level 1:colcon.colcon_core.package_identification:_identify(ws3_p/scenarios/__pycache__) by extension 'colcon_pkg'
[0.311s] Level 1:colcon.colcon_core.package_identification:_identify(ws3_p/scenarios/__pycache__) by extensions ['colcon_meta']
[0.311s] Level 1:colcon.colcon_core.package_identification:_identify(ws3_p/scenarios/__pycache__) by extension 'colcon_meta'
[0.311s] Level 1:colcon.colcon_core.package_identification:_identify(ws3_p/scenarios/__pycache__) by extensions ['ros']
[0.311s] Level 1:colcon.colcon_core.package_identification:_identify(ws3_p/scenarios/__pycache__) by extension 'ros'
[0.311s] Level 1:colcon.colcon_core.package_identification:_identify(ws3_p/scenarios/__pycache__) by extensions ['cmake', 'python']
[0.311s] Level 1:colcon.colcon_core.package_identification:_identify(ws3_p/scenarios/__pycache__) by extension 'cmake'
[0.311s] Level 1:colcon.colcon_core.package_identification:_identify(ws3_p/scenarios/__pycache__) by extension 'python'
[0.311s] Level 1:colcon.colcon_core.package_identification:_identify(ws3_p/scenarios/__pycache__) by extensions ['python_setup_py']
[0.311s] Level 1:colcon.colcon_core.package_identification:_identify(ws3_p/scenarios/__pycache__) by extension 'python_setup_py'
[0.311s] Level 1:colcon.colcon_core.package_identification:_identify(ws3_p/sim) by extensions ['ignore', 'ignore_ament_install']
[0.311s] Level 1:colcon.colcon_core.package_identification:_identify(ws3_p/sim) by extension 'ignore'
[0.311s] Level 1:colcon.colcon_core.package_identification:_identify(ws3_p/sim) by extension 'ignore_ament_install'
[0.311s] Level 1:colcon.colcon_core.package_identification:_identify(ws3_p/sim) by extensions ['colcon_pkg']
[0.311s] Level 1:colcon.colcon_core.package_identification:_identify(ws3_p/sim) by extension 'colcon_pkg'
[0.311s] Level 1:colcon.colcon_core.package_identification:_identify(ws3_p/sim) by extensions ['colcon_meta']
[0.311s] Level 1:colcon.colcon_core.package_identification:_identify(ws3_p/sim) by extension 'colcon_meta'
[0.311s] Level 1:colcon.colcon_core.package_identification:_identify(ws3_p/sim) by extensions ['ros']
[0.311s] Level 1:colcon.colcon_core.package_identification:_identify(ws3_p/sim) by extension 'ros'
[0.311s] Level 1:colcon.colcon_core.package_identification:_identify(ws3_p/sim) by extensions ['cmake', 'python']
[0.311s] Level 1:colcon.colcon_core.package_identification:_identify(ws3_p/sim) by extension 'cmake'
[0.311s] Level 1:colcon.colcon_core.package_identification:_identify(ws3_p/sim) by extension 'python'
[0.311s] Level 1:colcon.colcon_core.package_identification:_identify(ws3_p/sim) by extensions ['python_setup_py']
[0.311s] Level 1:colcon.colcon_core.package_identification:_identify(ws3_p/sim) by extension 'python_setup_py'
[0.311s] Level 1:colcon.colcon_core.package_identification:_identify(ws3_p/sim/__pycache__) by extensions ['ignore', 'ignore_ament_install']
[0.312s] Level 1:colcon.colcon_core.package_identification:_identify(ws3_p/sim/__pycache__) by extension 'ignore'
[0.312s] Level 1:colcon.colcon_core.package_identification:_identify(ws3_p/sim/__pycache__) by extension 'ignore_ament_install'
[0.312s] Level 1:colcon.colcon_core.package_identification:_identify(ws3_p/sim/__pycache__) by extensions ['colcon_pkg']
[0.312s] Level 1:colcon.colcon_core.package_identification:_identify(ws3_p/sim/__pycache__) by extension 'colcon_pkg'
[0.312s] Level 1:colcon.colcon_core.package_identification:_identify(ws3_p/sim/__pycache__) by extensions ['colcon_meta']
[0.312s] Level 1:colcon.colcon_core.package_identification:_identify(ws3_p/sim/__pycache__) by extension 'colcon_meta'
[0.312s] Level 1:colcon.colcon_core.package_identification:_identify(ws3_p/sim/__pycache__) by extensions ['ros']
[0.312s] Level 1:colcon.colcon_core.package_identification:_identify(ws3_p/sim/__pycache__) by extension 'ros'
[0.312s] Level 1:colcon.colcon_core.package_identification:_identify(ws3_p/sim/__pycache__) by extensions ['cmake', 'python']
[0.312s] Level 1:colcon.colcon_core.package_identification:_identify(ws3_p/sim/__pycache__) by extension 'cmake'
[0.312s] Level 1:colcon.colcon_core.package_identification:_identify(ws3_p/sim/__pycache__) by extension 'python'
[0.312s] Level 1:colcon.colcon_core.package_identification:_identify(ws3_p/sim/__pycache__) by extensions ['python_setup_py']
[0.312s] Level 1:colcon.colcon_core.package_identification:_identify(ws3_p/sim/__pycache__) by extension 'python_setup_py'
[0.312s] Level 1:colcon.colcon_core.package_identification:_identify(ws3_p/viz) by extensions ['ignore', 'ignore_ament_install']
[0.312s] Level 1:colcon.colcon_core.package_identification:_identify(ws3_p/viz) by extension 'ignore'
[0.312s] Level 1:colcon.colcon_core.package_identification:_identify(ws3_p/viz) by extension 'ignore_ament_install'
[0.312s] Level 1:colcon.colcon_core.package_identification:_identify(ws3_p/viz) by extensions ['colcon_pkg']
[0.312s] Level 1:colcon.colcon_core.package_identification:_identify(ws3_p/viz) by extension 'colcon_pkg'
[0.312s] Level 1:colcon.colcon_core.package_identification:_identify(ws3_p/viz) by extensions ['colcon_meta']
[0.312s] Level 1:colcon.colcon_core.package_identification:_identify(ws3_p/viz) by extension 'colcon_meta'
[0.312s] Level 1:colcon.colcon_core.package_identification:_identify(ws3_p/viz) by extensions ['ros']
[0.312s] Level 1:colcon.colcon_core.package_identification:_identify(ws3_p/viz) by extension 'ros'
[0.312s] Level 1:colcon.colcon_core.package_identification:_identify(ws3_p/viz) by extensions ['cmake', 'python']
[0.312s] Level 1:colcon.colcon_core.package_identification:_identify(ws3_p/viz) by extension 'cmake'
[0.312s] Level 1:colcon.colcon_core.package_identification:_identify(ws3_p/viz) by extension 'python'
[0.312s] Level 1:colcon.colcon_core.package_identification:_identify(ws3_p/viz) by extensions ['python_setup_py']
[0.312s] Level 1:colcon.colcon_core.package_identification:_identify(ws3_p/viz) by extension 'python_setup_py'
[0.312s] Level 1:colcon.colcon_core.package_identification:_identify(ws3_p/viz/__pycache__) by extensions ['ignore', 'ignore_ament_install']
[0.312s] Level 1:colcon.colcon_core.package_identification:_identify(ws3_p/viz/__pycache__) by extension 'ignore'
[0.312s] Level 1:colcon.colcon_core.package_identification:_identify(ws3_p/viz/__pycache__) by extension 'ignore_ament_install'
[0.313s] Level 1:colcon.colcon_core.package_identification:_identify(ws3_p/viz/__pycache__) by extensions ['colcon_pkg']
[0.313s] Level 1:colcon.colcon_core.package_identification:_identify(ws3_p/viz/__pycache__) by extension 'colcon_pkg'
[0.313s] Level 1:colcon.colcon_core.package_identification:_identify(ws3_p/viz/__pycache__) by extensions ['colcon_meta']
[0.313s] Level 1:colcon.colcon_core.package_identification:_identify(ws3_p/viz/__pycache__) by extension 'colcon_meta'
[0.313s] Level 1:colcon.colcon_core.package_identification:_identify(ws3_p/viz/__pycache__) by extensions ['ros']
[0.313s] Level 1:colcon.colcon_core.package_identification:_identify(ws3_p/viz/__pycache__) by extension 'ros'
[0.313s] Level 1:colcon.colcon_core.package_identification:_identify(ws3_p/viz/__pycache__) by extensions ['cmake', 'python']
[0.313s] Level 1:colcon.colcon_core.package_identification:_identify(ws3_p/viz/__pycache__) by extension 'cmake'
[0.313s] Level 1:colcon.colcon_core.package_identification:_identify(ws3_p/viz/__pycache__) by extension 'python'
[0.313s] Level 1:colcon.colcon_core.package_identification:_identify(ws3_p/viz/__pycache__) by extensions ['python_setup_py']
[0.313s] Level 1:colcon.colcon_core.package_identification:_identify(ws3_p/viz/__pycache__) by extension 'python_setup_py'
[0.313s] Level 1:colcon.colcon_core.package_discovery:discover_packages(recursive) using defaults
[0.313s] Level 1:colcon.colcon_core.package_discovery:discover_packages(ignore) discover
[0.313s] Level 1:colcon.colcon_core.package_discovery:discover_packages(ignore) using defaults
[0.313s] Level 1:colcon.colcon_core.package_discovery:discover_packages(path) discover
[0.313s] Level 1:colcon.colcon_core.package_discovery:discover_packages(path) using defaults
[0.333s] Level 1:colcon.colcon_core.package_discovery:discover_packages(prefix_path) check parameters
[0.334s] Level 1:colcon.colcon_core.package_discovery:discover_packages(prefix_path) discover
[0.335s] DEBUG:colcon.colcon_installed_package_information.package_discovery:Found 4 installed packages in /home/calafaker/Control-Formation/ws3/install
[0.336s] DEBUG:colcon.colcon_installed_package_information.package_discovery:Found 282 installed packages in /opt/ros/humble
[0.337s] Level 1:colcon.colcon_core.package_discovery:discover_packages(prefix_path) using defaults
[0.360s] Level 5:colcon.colcon_core.verb:set package 'articubot_one' build argument 'cmake_args' from command line to 'None'
[0.360s] Level 5:colcon.colcon_core.verb:set package 'articubot_one' build argument 'cmake_target' from command line to 'None'
[0.360s] Level 5:colcon.colcon_core.verb:set package 'articubot_one' build argument 'cmake_target_skip_unavailable' from command line to 'False'
[0.360s] Level 5:colcon.colcon_core.verb:set package 'articubot_one' build argument 'cmake_clean_cache' from command line to 'False'
[0.360s] Level 5:colcon.colcon_core.verb:set package 'articubot_one' build argument 'cmake_clean_first' from command line to 'False'
[0.360s] Level 5:colcon.colcon_core.verb:set package 'articubot_one' build argument 'cmake_force_configure' from command line to 'False'
[0.360s] Level 5:colcon.colcon_core.verb:set package 'articubot_one' build argument 'ament_cmake_args' from command line to 'None'
[0.360s] Level 5:colcon.colcon_core.verb:set package 'articubot_one' build argument 'catkin_cmake_args' from command line to 'None'
[0.361s] Level 5:colcon.colcon_core.verb:set package 'articubot_one' build argument 'catkin_skip_building_tests' from command line to 'False'
[0.361s] DEBUG:colcon.colcon_core.verb:Building package 'articubot_one' with the following arguments: {'ament_cmake_args': None, 'build_base': '/home/calafaker/Control-Formation/ws3/build/articubot_one', 'catkin_cmake_args': None, 'catkin_skip_building_tests': False, 'cmake_args': None, 'cmake_clean_cache': False, 'cmake_clean_first': False, 'cmake_force_configure': False, 'cmake_target': None, 'cmake_target_skip_unavailable': False, 'install_base': '/home/calafaker/Control-Formation/ws3/install/articubot_one', 'merge_install': False, 'path': '/home/calafaker/Control-Formation/ws3/src/articubot_one', 'symlink_install': False, 'test_result_base': None}
[0.361s] Level 5:colcon.colcon_core.verb:set package 'multi_robot_interfaces' build argument 'cmake_args' from command line to 'None'
[0.361s] Level 5:colcon.colcon_core.verb:set package 'multi_robot_interfaces' build argument 'cmake_target' from command line to 'None'
[0.361s] Level 5:colcon.colcon_core.verb:set package 'multi_robot_interfaces' build argument 'cmake_target_skip_unavailable' from command line to 'False'
[0.361s] Level 5:colcon.colcon_core.verb:set package 'multi_robot_interfaces' build argument 'cmake_clean_cache' from command line to 'False'
[0.361s] Level 5:colcon.colcon_core.verb:set package 'multi_robot_interfaces' build argument 'cmake_clean_first' from command line to 'False'
[0.361s] Level 5:colcon.colcon_core.verb:set package 'multi_robot_interfaces' build argument 'cmake_force_configure' from command line to 'False'
[0.361s] Level 5:colcon.colcon_core.verb:set package 'multi_robot_interfaces' build argument 'ament_cmake_args' from command line to 'None'
[0.361s] Level 5:colcon.colcon_core.verb:set package 'multi_robot_interfaces' build argument 'catkin_cmake_args' from command line to 'None'
[0.361s] Level 5:colcon.colcon_core.verb:set package 'multi_robot_interfaces' build argument 'catkin_skip_building_tests' from command line to 'False'
[0.361s] DEBUG:colcon.colcon_core.verb:Building package 'multi_robot_interfaces' with the following arguments: {'ament_cmake_args': None, 'build_base': '/home/calafaker/Control-Formation/ws3/build/multi_robot_interfaces', 'catkin_cmake_args': None, 'catkin_skip_building_tests': False, 'cmake_args': None, 'cmake_clean_cache': False, 'cmake_clean_first': False, 'cmake_force_configure': False, 'cmake_target': None, 'cmake_target_skip_unavailable': False, 'install_base': '/home/calafaker/Control-Formation/ws3/install/multi_robot_interfaces', 'merge_install': False, 'path': '/home/calafaker/Control-Formation/ws3/src/multi_robot_interfaces', 'symlink_install': False, 'test_result_base': None}
[0.361s] Level 5:colcon.colcon_core.verb:set package 'control_nodes' build argument 'cmake_args' from command line to 'None'
[0.361s] Level 5:colcon.colcon_core.verb:set package 'control_nodes' build argument 'cmake_target' from command line to 'None'
[0.361s] Level 5:colcon.colcon_core.verb:set package 'control_nodes' build argument 'cmake_target_skip_unavailable' from command line to 'False'
[0.361s] Level 5:colcon.colcon_core.verb:set package 'control_nodes' build argument 'cmake_clean_cache' from command line to 'False'
[0.361s] Level 5:colcon.colcon_core.verb:set package 'control_nodes' build argument 'cmake_clean_first' from command line to 'False'
[0.361s] Level 5:colcon.colcon_core.verb:set package 'control_nodes' build argument 'cmake_force_configure' from command line to 'False'
[0.361s] Level 5:colcon.colcon_core.verb:set package 'control_nodes' build argument 'ament_cmake_args' from command line to 'None'
[0.361s] Level 5:colcon.colcon_core.verb:set package 'control_nodes' build argument 'catkin_cmake_args' from command line to 'None'
[0.361s] Level 5:colcon.colcon_core.verb:set package 'control_nodes' build argument 'catkin_skip_building_tests' from command line to 'False'
[0.361s] DEBUG:colcon.colcon_core.verb:Building package 'control_nodes' with the following arguments: {'ament_cmake_args': None, 'build_base': '/home/calafaker/Control-Formation/ws3/build/control_nodes', 'catkin_cmake_args': None, 'catkin_skip_building_tests': False, 'cmake_args': None, 'cmake_clean_cache': False, 'cmake_clean_first': False, 'cmake_force_configure': False, 'cmake_target': None, 'cmake_target_skip_unavailable': False, 'install_base': '/home/calafaker/Control-Formation/ws3/install/control_nodes', 'merge_install': False, 'path': '/home/calafaker/Control-Formation/ws3/src/control_nodes', 'symlink_install': False, 'test_result_base': None}
[0.362s] Level 5:colcon.colcon_core.verb:set package 'simulador' build argument 'cmake_args' from command line to 'None'
[0.362s] Level 5:colcon.colcon_core.verb:set package 'simulador' build argument 'cmake_target' from command line to 'None'
[0.362s] Level 5:colcon.colcon_core.verb:set package 'simulador' build argument 'cmake_target_skip_unavailable' from command line to 'False'
[0.362s] Level 5:colcon.colcon_core.verb:set package 'simulador' build argument 'cmake_clean_cache' from command line to 'False'
[0.362s] Level 5:colcon.colcon_core.verb:set package 'simulador' build argument 'cmake_clean_first' from command line to 'False'
[0.362s] Level 5:colcon.colcon_core.verb:set package 'simulador' build argument 'cmake_force_configure' from command line to 'False'
[0.362s] Level 5:colcon.colcon_core.verb:set package 'simulador' build argument 'ament_cmake_args' from command line to 'None'
[0.362s] Level 5:colcon.colcon_core.verb:set package 'simulador' build argument 'catkin_cmake_args' from command line to 'None'
[0.362s] Level 5:colcon.colcon_core.verb:set package 'simulador' build argument 'catkin_skip_building_tests' from command line to 'False'
[0.362s] DEBUG:colcon.colcon_core.verb:Building package 'simulador' with the following arguments: {'ament_cmake_args': None, 'build_base': '/home/calafaker/Control-Formation/ws3/build/simulador', 'catkin_cmake_args': None, 'catkin_skip_building_tests': False, 'cmake_args': None, 'cmake_clean_cache': False, 'cmake_clean_first': False, 'cmake_force_configure': False, 'cmake_target': None, 'cmake_target_skip_unavailable': False, 'install_base': '/home/calafaker/Control-Formation/ws3/install/simulador', 'merge_install': False, 'path': '/home/calafaker/Control-Formation/ws3/src/simulador', 'symlink_install': False, 'test_result_base': None}
[0.362s] INFO:colcon.colcon_core.executor:Executing jobs using 'parallel' executor
[0.363s] DEBUG:colcon.colcon_parallel_executor.executor.parallel:run_until_complete
[0.363s] INFO:colcon.colcon_ros.task.ament_cmake.build:Building ROS package in '/home/calafaker/Control-Formation/ws3/src/multi_robot_interfaces' with build type 'ament_cmake'
[0.363s] INFO:colcon.colcon_cmake.task.cmake.build:Building CMake package in '/home/calafaker/Control-Formation/ws3/src/multi_robot_interfaces'
[0.365s] INFO:colcon.colcon_core.plugin_system:Skipping extension 'colcon_core.shell.bat': Not used on non-Windows systems
[0.365s] INFO:colcon.colcon_core.shell:Skip shell extension 'powershell' for command environment: Not usable outside of PowerShell
[0.365s] DEBUG:colcon.colcon_core.shell:Skip shell extension 'dsv' for command environment
[0.368s] INFO:colcon.colcon_ros.task.ament_cmake.build:Building ROS package in '/home/calafaker/Control-Formation/ws3/src/articubot_one' with build type 'ament_cmake'
[0.368s] INFO:colcon.colcon_cmake.task.cmake.build:Building CMake package in '/home/calafaker/Control-Formation/ws3/src/articubot_one'
[0.368s] INFO:colcon.colcon_core.shell:Skip shell extension 'powershell' for command environment: Not usable outside of PowerShell
[0.368s] DEBUG:colcon.colcon_core.shell:Skip shell extension 'dsv' for command environment
[0.376s] DEBUG:colcon.colcon_core.event_handler.log_command:Invoking command in '/home/calafaker/Control-Formation/ws3/build/multi_robot_interfaces': CMAKE_PREFIX_PATH=${CMAKE_PREFIX_PATH}:/home/calafaker/Control-Formation/ws3/install/simulador:/home/calafaker/Control-Formation/ws3/install/control_nodes:/opt/ros/humble /usr/bin/cmake --build /home/calafaker/Control-Formation/ws3/build/multi_robot_interfaces -- -j16 -l16
[0.380s] DEBUG:colcon.colcon_core.event_handler.log_command:Invoking command in '/home/calafaker/Control-Formation/ws3/build/articubot_one': CMAKE_PREFIX_PATH=${CMAKE_PREFIX_PATH}:/home/calafaker/Control-Formation/ws3/install/simulador:/home/calafaker/Control-Formation/ws3/install/control_nodes:/opt/ros/humble /usr/bin/cmake --build /home/calafaker/Control-Formation/ws3/build/articubot_one -- -j16 -l16
[0.407s] DEBUG:colcon.colcon_core.event_handler.log_command:Invoked command in '/home/calafaker/Control-Formation/ws3/build/articubot_one' returned '0': CMAKE_PREFIX_PATH=${CMAKE_PREFIX_PATH}:/home/calafaker/Control-Formation/ws3/install/simulador:/home/calafaker/Control-Formation/ws3/install/control_nodes:/opt/ros/humble /usr/bin/cmake --build /home/calafaker/Control-Formation/ws3/build/articubot_one -- -j16 -l16
[0.413s] DEBUG:colcon.colcon_core.event_handler.log_command:Invoking command in '/home/calafaker/Control-Formation/ws3/build/articubot_one': CMAKE_PREFIX_PATH=${CMAKE_PREFIX_PATH}:/home/calafaker/Control-Formation/ws3/install/simulador:/home/calafaker/Control-Formation/ws3/install/control_nodes:/opt/ros/humble /usr/bin/cmake --install /home/calafaker/Control-Formation/ws3/build/articubot_one
[0.426s] Level 1:colcon.colcon_core.environment:create_environment_scripts_only(articubot_one)
[0.427s] DEBUG:colcon.colcon_core.event_handler.log_command:Invoked command in '/home/calafaker/Control-Formation/ws3/build/articubot_one' returned '0': CMAKE_PREFIX_PATH=${CMAKE_PREFIX_PATH}:/home/calafaker/Control-Formation/ws3/install/simulador:/home/calafaker/Control-Formation/ws3/install/control_nodes:/opt/ros/humble /usr/bin/cmake --install /home/calafaker/Control-Formation/ws3/build/articubot_one
[0.428s] Level 1:colcon.colcon_core.environment:checking '/home/calafaker/Control-Formation/ws3/install/articubot_one' for CMake module files
[0.429s] Level 1:colcon.colcon_core.environment:checking '/home/calafaker/Control-Formation/ws3/install/articubot_one' for CMake config files
[0.429s] Level 1:colcon.colcon_core.shell:create_environment_hook('articubot_one', 'cmake_prefix_path')
[0.429s] INFO:colcon.colcon_core.shell:Creating environment hook '/home/calafaker/Control-Formation/ws3/install/articubot_one/share/articubot_one/hook/cmake_prefix_path.ps1'
[0.430s] INFO:colcon.colcon_core.shell:Creating environment descriptor '/home/calafaker/Control-Formation/ws3/install/articubot_one/share/articubot_one/hook/cmake_prefix_path.dsv'
[0.431s] INFO:colcon.colcon_core.shell:Creating environment hook '/home/calafaker/Control-Formation/ws3/install/articubot_one/share/articubot_one/hook/cmake_prefix_path.sh'
[0.432s] Level 1:colcon.colcon_core.environment:checking '/home/calafaker/Control-Formation/ws3/install/articubot_one/bin'
[0.432s] Level 1:colcon.colcon_core.environment:checking '/home/calafaker/Control-Formation/ws3/install/articubot_one/lib/pkgconfig/articubot_one.pc'
[0.432s] Level 1:colcon.colcon_core.environment:checking '/home/calafaker/Control-Formation/ws3/install/articubot_one/lib/python3.10/site-packages'
[0.433s] Level 1:colcon.colcon_core.environment:checking '/home/calafaker/Control-Formation/ws3/install/articubot_one/bin'
[0.433s] INFO:colcon.colcon_core.shell:Creating package script '/home/calafaker/Control-Formation/ws3/install/articubot_one/share/articubot_one/package.ps1'
[0.435s] INFO:colcon.colcon_core.shell:Creating package descriptor '/home/calafaker/Control-Formation/ws3/install/articubot_one/share/articubot_one/package.dsv'
[0.436s] INFO:colcon.colcon_core.shell:Creating package script '/home/calafaker/Control-Formation/ws3/install/articubot_one/share/articubot_one/package.sh'
[0.437s] INFO:colcon.colcon_core.shell:Creating package script '/home/calafaker/Control-Formation/ws3/install/articubot_one/share/articubot_one/package.bash'
[0.437s] INFO:colcon.colcon_core.shell:Creating package script '/home/calafaker/Control-Formation/ws3/install/articubot_one/share/articubot_one/package.zsh'
[0.438s] Level 1:colcon.colcon_core.environment:create_file_with_runtime_dependencies(/home/calafaker/Control-Formation/ws3/install/articubot_one/share/colcon-core/packages/articubot_one)
[0.438s] Level 1:colcon.colcon_core.environment:create_environment_scripts_only(articubot_one)
[0.438s] Level 1:colcon.colcon_core.environment:checking '/home/calafaker/Control-Formation/ws3/install/articubot_one' for CMake module files
[0.439s] Level 1:colcon.colcon_core.environment:checking '/home/calafaker/Control-Formation/ws3/install/articubot_one' for CMake config files
[0.439s] Level 1:colcon.colcon_core.shell:create_environment_hook('articubot_one', 'cmake_prefix_path')
[0.439s] INFO:colcon.colcon_core.shell:Creating environment hook '/home/calafaker/Control-Formation/ws3/install/articubot_one/share/articubot_one/hook/cmake_prefix_path.ps1'
[0.439s] INFO:colcon.colcon_core.shell:Creating environment descriptor '/home/calafaker/Control-Formation/ws3/install/articubot_one/share/articubot_one/hook/cmake_prefix_path.dsv'
[0.439s] INFO:colcon.colcon_core.shell:Creating environment hook '/home/calafaker/Control-Formation/ws3/install/articubot_one/share/articubot_one/hook/cmake_prefix_path.sh'
[0.440s] Level 1:colcon.colcon_core.environment:checking '/home/calafaker/Control-Formation/ws3/install/articubot_one/bin'
[0.440s] Level 1:colcon.colcon_core.environment:checking '/home/calafaker/Control-Formation/ws3/install/articubot_one/lib/pkgconfig/articubot_one.pc'
[0.440s] Level 1:colcon.colcon_core.environment:checking '/home/calafaker/Control-Formation/ws3/install/articubot_one/lib/python3.10/site-packages'
[0.440s] Level 1:colcon.colcon_core.environment:checking '/home/calafaker/Control-Formation/ws3/install/articubot_one/bin'
[0.441s] INFO:colcon.colcon_core.shell:Creating package script '/home/calafaker/Control-Formation/ws3/install/articubot_one/share/articubot_one/package.ps1'
[0.441s] INFO:colcon.colcon_core.shell:Creating package descriptor '/home/calafaker/Control-Formation/ws3/install/articubot_one/share/articubot_one/package.dsv'
[0.441s] INFO:colcon.colcon_core.shell:Creating package script '/home/calafaker/Control-Formation/ws3/install/articubot_one/share/articubot_one/package.sh'
[0.442s] INFO:colcon.colcon_core.shell:Creating package script '/home/calafaker/Control-Formation/ws3/install/articubot_one/share/articubot_one/package.bash'
[0.442s] INFO:colcon.colcon_core.shell:Creating package script '/home/calafaker/Control-Formation/ws3/install/articubot_one/share/articubot_one/package.zsh'
[0.442s] Level 1:colcon.colcon_core.environment:create_file_with_runtime_dependencies(/home/calafaker/Control-Formation/ws3/install/articubot_one/share/colcon-core/packages/articubot_one)
[0.631s] DEBUG:colcon.colcon_core.event_handler.log_command:Invoked command in '/home/calafaker/Control-Formation/ws3/build/multi_robot_interfaces' returned '0': CMAKE_PREFIX_PATH=${CMAKE_PREFIX_PATH}:/home/calafaker/Control-Formation/ws3/install/simulador:/home/calafaker/Control-Formation/ws3/install/control_nodes:/opt/ros/humble /usr/bin/cmake --build /home/calafaker/Control-Formation/ws3/build/multi_robot_interfaces -- -j16 -l16
[0.633s] DEBUG:colcon.colcon_core.event_handler.log_command:Invoking command in '/home/calafaker/Control-Formation/ws3/build/multi_robot_interfaces': CMAKE_PREFIX_PATH=${CMAKE_PREFIX_PATH}:/home/calafaker/Control-Formation/ws3/install/simulador:/home/calafaker/Control-Formation/ws3/install/control_nodes:/opt/ros/humble /usr/bin/cmake --install /home/calafaker/Control-Formation/ws3/build/multi_robot_interfaces
[0.675s] Level 1:colcon.colcon_core.environment:create_environment_scripts_only(multi_robot_interfaces)
[0.675s] Level 1:colcon.colcon_core.environment:checking '/home/calafaker/Control-Formation/ws3/install/multi_robot_interfaces' for CMake module files
[0.676s] DEBUG:colcon.colcon_core.event_handler.log_command:Invoked command in '/home/calafaker/Control-Formation/ws3/build/multi_robot_interfaces' returned '0': CMAKE_PREFIX_PATH=${CMAKE_PREFIX_PATH}:/home/calafaker/Control-Formation/ws3/install/simulador:/home/calafaker/Control-Formation/ws3/install/control_nodes:/opt/ros/humble /usr/bin/cmake --install /home/calafaker/Control-Formation/ws3/build/multi_robot_interfaces
[0.676s] Level 1:colcon.colcon_core.environment:checking '/home/calafaker/Control-Formation/ws3/install/multi_robot_interfaces' for CMake config files
[0.676s] Level 1:colcon.colcon_core.shell:create_environment_hook('multi_robot_interfaces', 'cmake_prefix_path')
[0.676s] INFO:colcon.colcon_core.shell:Creating environment hook '/home/calafaker/Control-Formation/ws3/install/multi_robot_interfaces/share/multi_robot_interfaces/hook/cmake_prefix_path.ps1'
[0.677s] INFO:colcon.colcon_core.shell:Creating environment descriptor '/home/calafaker/Control-Formation/ws3/install/multi_robot_interfaces/share/multi_robot_interfaces/hook/cmake_prefix_path.dsv'
[0.677s] INFO:colcon.colcon_core.shell:Creating environment hook '/home/calafaker/Control-Formation/ws3/install/multi_robot_interfaces/share/multi_robot_interfaces/hook/cmake_prefix_path.sh'
[0.677s] Level 1:colcon.colcon_core.environment:checking '/home/calafaker/Control-Formation/ws3/install/multi_robot_interfaces/lib'
[0.677s] Level 1:colcon.colcon_core.shell:create_environment_hook('multi_robot_interfaces', 'ld_library_path_lib')
[0.678s] INFO:colcon.colcon_core.shell:Creating environment hook '/home/calafaker/Control-Formation/ws3/install/multi_robot_interfaces/share/multi_robot_interfaces/hook/ld_library_path_lib.ps1'
[0.678s] INFO:colcon.colcon_core.shell:Creating environment descriptor '/home/calafaker/Control-Formation/ws3/install/multi_robot_interfaces/share/multi_robot_interfaces/hook/ld_library_path_lib.dsv'
[0.678s] INFO:colcon.colcon_core.shell:Creating environment hook '/home/calafaker/Control-Formation/ws3/install/multi_robot_interfaces/share/multi_robot_interfaces/hook/ld_library_path_lib.sh'
[0.678s] Level 1:colcon.colcon_core.environment:checking '/home/calafaker/Control-Formation/ws3/install/multi_robot_interfaces/bin'
[0.678s] Level 1:colcon.colcon_core.environment:checking '/home/calafaker/Control-Formation/ws3/install/multi_robot_interfaces/lib/pkgconfig/multi_robot_interfaces.pc'
[0.679s] Level 1:colcon.colcon_core.environment:checking '/home/calafaker/Control-Formation/ws3/install/multi_robot_interfaces/lib/python3.10/site-packages'
[0.679s] Level 1:colcon.colcon_core.environment:checking '/home/calafaker/Control-Formation/ws3/install/multi_robot_interfaces/bin'
[0.679s] INFO:colcon.colcon_core.shell:Creating package script '/home/calafaker/Control-Formation/ws3/install/multi_robot_interfaces/share/multi_robot_interfaces/package.ps1'
[0.679s] INFO:colcon.colcon_core.shell:Creating package descriptor '/home/calafaker/Control-Formation/ws3/install/multi_robot_interfaces/share/multi_robot_interfaces/package.dsv'
[0.680s] INFO:colcon.colcon_core.shell:Creating package script '/home/calafaker/Control-Formation/ws3/install/multi_robot_interfaces/share/multi_robot_interfaces/package.sh'
[0.680s] INFO:colcon.colcon_core.shell:Creating package script '/home/calafaker/Control-Formation/ws3/install/multi_robot_interfaces/share/multi_robot_interfaces/package.bash'
[0.680s] INFO:colcon.colcon_core.shell:Creating package script '/home/calafaker/Control-Formation/ws3/install/multi_robot_interfaces/share/multi_robot_interfaces/package.zsh'
[0.680s] Level 1:colcon.colcon_core.environment:create_file_with_runtime_dependencies(/home/calafaker/Control-Formation/ws3/install/multi_robot_interfaces/share/colcon-core/packages/multi_robot_interfaces)
[0.681s] Level 1:colcon.colcon_core.environment:create_environment_scripts_only(multi_robot_interfaces)
[0.681s] Level 1:colcon.colcon_core.environment:checking '/home/calafaker/Control-Formation/ws3/install/multi_robot_interfaces' for CMake module files
[0.681s] Level 1:colcon.colcon_core.environment:checking '/home/calafaker/Control-Formation/ws3/install/multi_robot_interfaces' for CMake config files
[0.682s] Level 1:colcon.colcon_core.shell:create_environment_hook('multi_robot_interfaces', 'cmake_prefix_path')
[0.682s] INFO:colcon.colcon_core.shell:Creating environment hook '/home/calafaker/Control-Formation/ws3/install/multi_robot_interfaces/share/multi_robot_interfaces/hook/cmake_prefix_path.ps1'
[0.682s] INFO:colcon.colcon_core.shell:Creating environment descriptor '/home/calafaker/Control-Formation/ws3/install/multi_robot_interfaces/share/multi_robot_interfaces/hook/cmake_prefix_path.dsv'
[0.682s] INFO:colcon.colcon_core.shell:Creating environment hook '/home/calafaker/Control-Formation/ws3/install/multi_robot_interfaces/share/multi_robot_interfaces/hook/cmake_prefix_path.sh'
[0.683s] Level 1:colcon.colcon_core.environment:checking '/home/calafaker/Control-Formation/ws3/install/multi_robot_interfaces/lib'
[0.683s] Level 1:colcon.colcon_core.shell:create_environment_hook('multi_robot_interfaces', 'ld_library_path_lib')
[0.683s] INFO:colcon.colcon_core.shell:Creating environment hook '/home/calafaker/Control-Formation/ws3/install/multi_robot_interfaces/share/multi_robot_interfaces/hook/ld_library_path_lib.ps1'
[0.683s] INFO:colcon.colcon_core.shell:Creating environment descriptor '/home/calafaker/Control-Formation/ws3/install/multi_robot_interfaces/share/multi_robot_interfaces/hook/ld_library_path_lib.dsv'
[0.683s] INFO:colcon.colcon_core.shell:Creating environment hook '/home/calafaker/Control-Formation/ws3/install/multi_robot_interfaces/share/multi_robot_interfaces/hook/ld_library_path_lib.sh'
[0.684s] Level 1:colcon.colcon_core.environment:checking '/home/calafaker/Control-Formation/ws3/install/multi_robot_interfaces/bin'
[0.684s] Level 1:colcon.colcon_core.environment:checking '/home/calafaker/Control-Formation/ws3/install/multi_robot_interfaces/lib/pkgconfig/multi_robot_interfaces.pc'
[0.684s] Level 1:colcon.colcon_core.environment:checking '/home/calafaker/Control-Formation/ws3/install/multi_robot_interfaces/lib/python3.10/site-packages'
[0.684s] Level 1:colcon.colcon_core.environment:checking '/home/calafaker/Control-Formation/ws3/install/multi_robot_interfaces/bin'
[0.684s] INFO:colcon.colcon_core.shell:Creating package script '/home/calafaker/Control-Formation/ws3/install/multi_robot_interfaces/share/multi_robot_interfaces/package.ps1'
[0.684s] INFO:colcon.colcon_core.shell:Creating package descriptor '/home/calafaker/Control-Formation/ws3/install/multi_robot_interfaces/share/multi_robot_interfaces/package.dsv'
[0.685s] INFO:colcon.colcon_core.shell:Creating package script '/home/calafaker/Control-Formation/ws3/install/multi_robot_interfaces/share/multi_robot_interfaces/package.sh'
[0.685s] INFO:colcon.colcon_core.shell:Creating package script '/home/calafaker/Control-Formation/ws3/install/multi_robot_interfaces/share/multi_robot_interfaces/package.bash'
[0.685s] INFO:colcon.colcon_core.shell:Creating package script '/home/calafaker/Control-Formation/ws3/install/multi_robot_interfaces/share/multi_robot_interfaces/package.zsh'
[0.686s] Level 1:colcon.colcon_core.environment:create_file_with_runtime_dependencies(/home/calafaker/Control-Formation/ws3/install/multi_robot_interfaces/share/colcon-core/packages/multi_robot_interfaces)
[0.686s] INFO:colcon.colcon_ros.task.ament_python.build:Building ROS package in '/home/calafaker/Control-Formation/ws3/src/control_nodes' with build type 'ament_python'
[0.686s] Level 1:colcon.colcon_core.shell:create_environment_hook('control_nodes', 'ament_prefix_path')
[0.687s] INFO:colcon.colcon_core.shell:Creating environment hook '/home/calafaker/Control-Formation/ws3/install/control_nodes/share/control_nodes/hook/ament_prefix_path.ps1'
[0.687s] INFO:colcon.colcon_core.shell:Creating environment descriptor '/home/calafaker/Control-Formation/ws3/install/control_nodes/share/control_nodes/hook/ament_prefix_path.dsv'
[0.688s] INFO:colcon.colcon_core.shell:Creating environment hook '/home/calafaker/Control-Formation/ws3/install/control_nodes/share/control_nodes/hook/ament_prefix_path.sh'
[0.688s] INFO:colcon.colcon_core.shell:Skip shell extension 'powershell' for command environment: Not usable outside of PowerShell
[0.688s] DEBUG:colcon.colcon_core.shell:Skip shell extension 'dsv' for command environment
[0.691s] INFO:colcon.colcon_ros.task.ament_python.build:Building ROS package in '/home/calafaker/Control-Formation/ws3/src/simulador' with build type 'ament_python'
[0.691s] Level 1:colcon.colcon_core.shell:create_environment_hook('simulador', 'ament_prefix_path')
[0.691s] INFO:colcon.colcon_core.shell:Creating environment hook '/home/calafaker/Control-Formation/ws3/install/simulador/share/simulador/hook/ament_prefix_path.ps1'
[0.692s] INFO:colcon.colcon_core.shell:Creating environment descriptor '/home/calafaker/Control-Formation/ws3/install/simulador/share/simulador/hook/ament_prefix_path.dsv'
[0.692s] INFO:colcon.colcon_core.shell:Creating environment hook '/home/calafaker/Control-Formation/ws3/install/simulador/share/simulador/hook/ament_prefix_path.sh'
[0.692s] INFO:colcon.colcon_core.shell:Skip shell extension 'powershell' for command environment: Not usable outside of PowerShell
[0.692s] DEBUG:colcon.colcon_core.shell:Skip shell extension 'dsv' for command environment
[0.932s] INFO:colcon.colcon_core.task.python.build:Building Python package in '/home/calafaker/Control-Formation/ws3/src/simulador'
[0.933s] INFO:colcon.colcon_core.shell:Skip shell extension 'powershell' for command environment: Not usable outside of PowerShell
[0.933s] DEBUG:colcon.colcon_core.shell:Skip shell extension 'dsv' for command environment
[1.108s] INFO:colcon.colcon_core.task.python.build:Building Python package in '/home/calafaker/Control-Formation/ws3/src/control_nodes'
[1.109s] INFO:colcon.colcon_core.shell:Skip shell extension 'powershell' for command environment: Not usable outside of PowerShell
[1.109s] DEBUG:colcon.colcon_core.shell:Skip shell extension 'dsv' for command environment
[1.397s] DEBUG:colcon.colcon_core.event_handler.log_command:Invoking command in '/home/calafaker/Control-Formation/ws3/src/simulador': PYTHONPATH=/home/calafaker/Control-Formation/ws3/build/simulador/prefix_override:/usr/lib/python3/dist-packages/colcon_core/task/python/colcon_distutils_commands:/home/calafaker/Control-Formation/ws3/install/simulador/lib/python3.10/site-packages:${PYTHONPATH} /usr/bin/python3 -W ignore:setup.py install is deprecated -W ignore:easy_install command is deprecated setup.py egg_info --egg-base ../../build/simulador build --build-base /home/calafaker/Control-Formation/ws3/build/simulador/build install --record /home/calafaker/Control-Formation/ws3/build/simulador/install.log --single-version-externally-managed install_data
[1.481s] DEBUG:colcon.colcon_core.event_handler.log_command:Invoking command in '/home/calafaker/Control-Formation/ws3/src/control_nodes': PYTHONPATH=/home/calafaker/Control-Formation/ws3/build/control_nodes/prefix_override:/usr/lib/python3/dist-packages/colcon_core/task/python/colcon_distutils_commands:/home/calafaker/Control-Formation/ws3/install/control_nodes/lib/python3.10/site-packages:${PYTHONPATH} /usr/bin/python3 -W ignore:setup.py install is deprecated -W ignore:easy_install command is deprecated setup.py egg_info --egg-base ../../build/control_nodes build --build-base /home/calafaker/Control-Formation/ws3/build/control_nodes/build install --record /home/calafaker/Control-Formation/ws3/build/control_nodes/install.log --single-version-externally-managed install_data
[1.655s] Level 1:colcon.colcon_core.environment:checking '/home/calafaker/Control-Formation/ws3/install/simulador' for CMake module files
[1.655s] DEBUG:colcon.colcon_core.event_handler.log_command:Invoked command in '/home/calafaker/Control-Formation/ws3/src/simulador' returned '0': PYTHONPATH=/home/calafaker/Control-Formation/ws3/build/simulador/prefix_override:/usr/lib/python3/dist-packages/colcon_core/task/python/colcon_distutils_commands:/home/calafaker/Control-Formation/ws3/install/simulador/lib/python3.10/site-packages:${PYTHONPATH} /usr/bin/python3 -W ignore:setup.py install is deprecated -W ignore:easy_install command is deprecated setup.py egg_info --egg-base ../../build/simulador build --build-base /home/calafaker/Control-Formation/ws3/build/simulador/build install --record /home/calafaker/Control-Formation/ws3/build/simulador/install.log --single-version-externally-managed install_data
[1.656s] Level 1:colcon.colcon_core.environment:checking '/home/calafaker/Control-Formation/ws3/install/simulador' for CMake config files
[1.656s] Level 1:colcon.colcon_core.environment:checking '/home/calafaker/Control-Formation/ws3/install/simulador/lib'
[1.656s] Level 1:colcon.colcon_core.environment:checking '/home/calafaker/Control-Formation/ws3/install/simulador/bin'
[1.656s] Level 1:colcon.colcon_core.environment:checking '/home/calafaker/Control-Formation/ws3/install/simulador/lib/pkgconfig/simulador.pc'
[1.656s] Level 1:colcon.colcon_core.environment:checking '/home/calafaker/Control-Formation/ws3/install/simulador/lib/python3.10/site-packages'
[1.656s] Level 1:colcon.colcon_core.shell:create_environment_hook('simulador', 'pythonpath')
[1.657s] INFO:colcon.colcon_core.shell:Creating environment hook '/home/calafaker/Control-Formation/ws3/install/simulador/share/simulador/hook/pythonpath.ps1'
[1.657s] INFO:colcon.colcon_core.shell:Creating environment descriptor '/home/calafaker/Control-Formation/ws3/install/simulador/share/simulador/hook/pythonpath.dsv'
[1.657s] INFO:colcon.colcon_core.shell:Creating environment hook '/home/calafaker/Control-Formation/ws3/install/simulador/share/simulador/hook/pythonpath.sh'
[1.658s] Level 1:colcon.colcon_core.environment:checking '/home/calafaker/Control-Formation/ws3/install/simulador/bin'
[1.658s] Level 1:colcon.colcon_core.environment:create_environment_scripts_only(simulador)
[1.658s] INFO:colcon.colcon_core.shell:Creating package script '/home/calafaker/Control-Formation/ws3/install/simulador/share/simulador/package.ps1'
[1.658s] INFO:colcon.colcon_core.shell:Creating package descriptor '/home/calafaker/Control-Formation/ws3/install/simulador/share/simulador/package.dsv'
[1.659s] INFO:colcon.colcon_core.shell:Creating package script '/home/calafaker/Control-Formation/ws3/install/simulador/share/simulador/package.sh'
[1.659s] INFO:colcon.colcon_core.shell:Creating package script '/home/calafaker/Control-Formation/ws3/install/simulador/share/simulador/package.bash'
[1.659s] INFO:colcon.colcon_core.shell:Creating package script '/home/calafaker/Control-Formation/ws3/install/simulador/share/simulador/package.zsh'
[1.660s] Level 1:colcon.colcon_core.environment:create_file_with_runtime_dependencies(/home/calafaker/Control-Formation/ws3/install/simulador/share/colcon-core/packages/simulador)
[1.736s] Level 1:colcon.colcon_core.environment:checking '/home/calafaker/Control-Formation/ws3/install/control_nodes' for CMake module files
[1.736s] DEBUG:colcon.colcon_core.event_handler.log_command:Invoked command in '/home/calafaker/Control-Formation/ws3/src/control_nodes' returned '0': PYTHONPATH=/home/calafaker/Control-Formation/ws3/build/control_nodes/prefix_override:/usr/lib/python3/dist-packages/colcon_core/task/python/colcon_distutils_commands:/home/calafaker/Control-Formation/ws3/install/control_nodes/lib/python3.10/site-packages:${PYTHONPATH} /usr/bin/python3 -W ignore:setup.py install is deprecated -W ignore:easy_install command is deprecated setup.py egg_info --egg-base ../../build/control_nodes build --build-base /home/calafaker/Control-Formation/ws3/build/control_nodes/build install --record /home/calafaker/Control-Formation/ws3/build/control_nodes/install.log --single-version-externally-managed install_data
[1.737s] Level 1:colcon.colcon_core.environment:checking '/home/calafaker/Control-Formation/ws3/install/control_nodes' for CMake config files
[1.737s] Level 1:colcon.colcon_core.environment:checking '/home/calafaker/Control-Formation/ws3/install/control_nodes/lib'
[1.737s] Level 1:colcon.colcon_core.environment:checking '/home/calafaker/Control-Formation/ws3/install/control_nodes/bin'
[1.737s] Level 1:colcon.colcon_core.environment:checking '/home/calafaker/Control-Formation/ws3/install/control_nodes/lib/pkgconfig/control_nodes.pc'
[1.737s] Level 1:colcon.colcon_core.environment:checking '/home/calafaker/Control-Formation/ws3/install/control_nodes/lib/python3.10/site-packages'
[1.737s] Level 1:colcon.colcon_core.shell:create_environment_hook('control_nodes', 'pythonpath')
[1.738s] INFO:colcon.colcon_core.shell:Creating environment hook '/home/calafaker/Control-Formation/ws3/install/control_nodes/share/control_nodes/hook/pythonpath.ps1'
[1.738s] INFO:colcon.colcon_core.shell:Creating environment descriptor '/home/calafaker/Control-Formation/ws3/install/control_nodes/share/control_nodes/hook/pythonpath.dsv'
[1.738s] INFO:colcon.colcon_core.shell:Creating environment hook '/home/calafaker/Control-Formation/ws3/install/control_nodes/share/control_nodes/hook/pythonpath.sh'
[1.739s] Level 1:colcon.colcon_core.environment:checking '/home/calafaker/Control-Formation/ws3/install/control_nodes/bin'
[1.739s] Level 1:colcon.colcon_core.environment:create_environment_scripts_only(control_nodes)
[1.739s] INFO:colcon.colcon_core.shell:Creating package script '/home/calafaker/Control-Formation/ws3/install/control_nodes/share/control_nodes/package.ps1'
[1.740s] INFO:colcon.colcon_core.shell:Creating package descriptor '/home/calafaker/Control-Formation/ws3/install/control_nodes/share/control_nodes/package.dsv'
[1.740s] INFO:colcon.colcon_core.shell:Creating package script '/home/calafaker/Control-Formation/ws3/install/control_nodes/share/control_nodes/package.sh'
[1.740s] INFO:colcon.colcon_core.shell:Creating package script '/home/calafaker/Control-Formation/ws3/install/control_nodes/share/control_nodes/package.bash'
[1.741s] INFO:colcon.colcon_core.shell:Creating package script '/home/calafaker/Control-Formation/ws3/install/control_nodes/share/control_nodes/package.zsh'
[1.741s] Level 1:colcon.colcon_core.environment:create_file_with_runtime_dependencies(/home/calafaker/Control-Formation/ws3/install/control_nodes/share/colcon-core/packages/control_nodes)
[1.741s] DEBUG:colcon.colcon_parallel_executor.executor.parallel:closing loop
[1.742s] DEBUG:colcon.colcon_parallel_executor.executor.parallel:loop closed
[1.742s] DEBUG:colcon.colcon_parallel_executor.executor.parallel:run_until_complete finished with '0'
[1.742s] DEBUG:colcon.colcon_core.event_reactor:joining thread
[1.747s] INFO:colcon.colcon_core.plugin_system:Skipping extension 'colcon_notification.desktop_notification.terminal_notifier': Not used on non-Darwin systems
[1.747s] INFO:colcon.colcon_core.plugin_system:Skipping extension 'colcon_notification.desktop_notification.win32': Not used on non-Windows systems
[1.747s] INFO:colcon.colcon_notification.desktop_notification:Sending desktop notification using 'notify2'
[1.748s] DEBUG:colcon.colcon_notification.desktop_notification.notify2:Failed to initialize notify2: org.freedesktop.DBus.Error.ServiceUnknown: The name org.freedesktop.Notifications was not provided by any .service files
[1.748s] DEBUG:colcon.colcon_core.event_reactor:joined thread
[1.749s] INFO:colcon.colcon_core.shell:Creating prefix script '/home/calafaker/Control-Formation/ws3/install/local_setup.ps1'
[1.749s] INFO:colcon.colcon_core.shell:Creating prefix util module '/home/calafaker/Control-Formation/ws3/install/_local_setup_util_ps1.py'
[1.750s] INFO:colcon.colcon_core.shell:Creating prefix chain script '/home/calafaker/Control-Formation/ws3/install/setup.ps1'
[1.751s] INFO:colcon.colcon_core.shell:Creating prefix script '/home/calafaker/Control-Formation/ws3/install/local_setup.sh'
[1.752s] INFO:colcon.colcon_core.shell:Creating prefix util module '/home/calafaker/Control-Formation/ws3/install/_local_setup_util_sh.py'
[1.752s] INFO:colcon.colcon_core.shell:Creating prefix chain script '/home/calafaker/Control-Formation/ws3/install/setup.sh'
[1.753s] INFO:colcon.colcon_core.shell:Creating prefix script '/home/calafaker/Control-Formation/ws3/install/local_setup.bash'
[1.753s] INFO:colcon.colcon_core.shell:Creating prefix chain script '/home/calafaker/Control-Formation/ws3/install/setup.bash'
[1.754s] INFO:colcon.colcon_core.shell:Creating prefix script '/home/calafaker/Control-Formation/ws3/install/local_setup.zsh'
[1.755s] INFO:colcon.colcon_core.shell:Creating prefix chain script '/home/calafaker/Control-Formation/ws3/install/setup.zsh'
