[0.257s] DEBUG:colcon:Command line arguments: ['/usr/bin/colcon', 'build']
[0.257s] DEBUG:colcon:Parsed command line arguments: Namespace(log_base=None, log_level=None, verb_name='build', build_base='build', install_base='install', merge_install=False, symlink_install=False, test_result_base=None, continue_on_error=False, executor='parallel', parallel_workers=16, event_handlers=None, ignore_user_meta=False, metas=['./colcon.meta'], base_paths=['.'], packages_ignore=None, packages_ignore_regex=None, paths=None, packages_up_to=None, packages_up_to_regex=None, packages_above=None, packages_above_and_dependencies=None, packages_above_depth=None, packages_select_by_dep=None, packages_skip_by_dep=None, packages_skip_up_to=None, packages_select_build_failed=False, packages_skip_build_finished=False, packages_select_test_failures=False, packages_skip_test_passed=False, packages_select=None, packages_skip=None, packages_select_regex=None, packages_skip_regex=None, packages_start=None, packages_end=None, allow_overriding=[], cmake_args=None, cmake_target=None, cmake_target_skip_unavailable=False, cmake_clean_cache=False, cmake_clean_first=False, cmake_force_configure=False, ament_cmake_args=None, catkin_cmake_args=None, catkin_skip_building_tests=False, verb_parser=<colcon_defaults.argument_parser.defaults.DefaultArgumentsDecorator object at 0x7c79c5d29ea0>, verb_extension=<colcon_core.verb.build.BuildVerb object at 0x7c79c5d29990>, main=<bound method BuildVerb.main of <colcon_core.verb.build.BuildVerb object at 0x7c79c5d29990>>)
[0.466s] Level 1:colcon.colcon_core.package_discovery:discover_packages(colcon_meta) check parameters
[0.467s] Level 1:colcon.colcon_core.package_discovery:discover_packages(recursive) check parameters
[0.467s] Level 1:colcon.colcon_core.package_discovery:discover_packages(ignore) check parameters
[0.467s] Level 1:colcon.colcon_core.package_discovery:discover_packages(path) check parameters
[0.467s] Level 1:colcon.colcon_core.package_discovery:discover_packages(colcon_meta) discover
[0.467s] Level 1:colcon.colcon_core.package_discovery:discover_packages(recursive) discover
[0.467s] INFO:colcon.colcon_core.package_discovery:Crawling recursively for packages in '/home/calafaker/Control-Formation/ws3'
[0.467s] Level 1:colcon.colcon_core.package_identification:_identify(.) by extensions ['ignore', 'ignore_ament_install']
[0.467s] Level 1:colcon.colcon_core.package_identification:_identify(.) by extension 'ignore'
[0.467s] Level 1:colcon.colcon_core.package_identification:_identify(.) by extension 'ignore_ament_install'
[0.467s] Level 1:colcon.colcon_core.package_identification:_identify(.) by extensions ['colcon_pkg']
[0.467s] Level 1:colcon.colcon_core.package_identification:_identify(.) by extension 'colcon_pkg'
[0.468s] Level 1:colcon.colcon_core.package_identification:_identify(.) by extensions ['colcon_meta']
[0.468s] Level 1:colcon.colcon_core.package_identification:_identify(.) by extension 'colcon_meta'
[0.468s] Level 1:colcon.colcon_core.package_identification:_identify(.) by extensions ['ros']
[0.468s] Level 1:colcon.colcon_core.package_identification:_identify(.) by extension 'ros'
[0.480s] Level 1:colcon.colcon_core.package_identification:_identify(.) by extensions ['cmake', 'python']
[0.480s] Level 1:colcon.colcon_core.package_identification:_identify(.) by extension 'cmake'
[0.480s] Level 1:colcon.colcon_core.package_identification:_identify(.) by extension 'python'
[0.480s] Level 1:colcon.colcon_core.package_identification:_identify(.) by extensions ['python_setup_py']
[0.480s] Level 1:colcon.colcon_core.package_identification:_identify(.) by extension 'python_setup_py'
[0.480s] Level 1:colcon.colcon_core.package_identification:_identify(build) by extensions ['ignore', 'ignore_ament_install']
[0.480s] Level 1:colcon.colcon_core.package_identification:_identify(build) by extension 'ignore'
[0.480s] Level 1:colcon.colcon_core.package_identification:_identify(build) ignored
[0.480s] Level 1:colcon.colcon_core.package_identification:_identify(figuras) by extensions ['ignore', 'ignore_ament_install']
[0.481s] Level 1:colcon.colcon_core.package_identification:_identify(figuras) by extension 'ignore'
[0.481s] Level 1:colcon.colcon_core.package_identification:_identify(figuras) by extension 'ignore_ament_install'
[0.481s] Level 1:colcon.colcon_core.package_identification:_identify(figuras) by extensions ['colcon_pkg']
[0.481s] Level 1:colcon.colcon_core.package_identification:_identify(figuras) by extension 'colcon_pkg'
[0.481s] Level 1:colcon.colcon_core.package_identification:_identify(figuras) by extensions ['colcon_meta']
[0.481s] Level 1:colcon.colcon_core.package_identification:_identify(figuras) by extension 'colcon_meta'
[0.481s] Level 1:colcon.colcon_core.package_identification:_identify(figuras) by extensions ['ros']
[0.481s] Level 1:colcon.colcon_core.package_identification:_identify(figuras) by extension 'ros'
[0.481s] Level 1:colcon.colcon_core.package_identification:_identify(figuras) by extensions ['cmake', 'python']
[0.481s] Level 1:colcon.colcon_core.package_identification:_identify(figuras) by extension 'cmake'
[0.481s] Level 1:colcon.colcon_core.package_identification:_identify(figuras) by extension 'python'
[0.481s] Level 1:colcon.colcon_core.package_identification:_identify(figuras) by extensions ['python_setup_py']
[0.481s] Level 1:colcon.colcon_core.package_identification:_identify(figuras) by extension 'python_setup_py'
[0.481s] Level 1:colcon.colcon_core.package_identification:_identify(figuras/demo_pva) by extensions ['ignore', 'ignore_ament_install']
[0.481s] Level 1:colcon.colcon_core.package_identification:_identify(figuras/demo_pva) by extension 'ignore'
[0.481s] Level 1:colcon.colcon_core.package_identification:_identify(figuras/demo_pva) by extension 'ignore_ament_install'
[0.481s] Level 1:colcon.colcon_core.package_identification:_identify(figuras/demo_pva) by extensions ['colcon_pkg']
[0.481s] Level 1:colcon.colcon_core.package_identification:_identify(figuras/demo_pva) by extension 'colcon_pkg'
[0.481s] Level 1:colcon.colcon_core.package_identification:_identify(figuras/demo_pva) by extensions ['colcon_meta']
[0.481s] Level 1:colcon.colcon_core.package_identification:_identify(figuras/demo_pva) by extension 'colcon_meta'
[0.482s] Level 1:colcon.colcon_core.package_identification:_identify(figuras/demo_pva) by extensions ['ros']
[0.482s] Level 1:colcon.colcon_core.package_identification:_identify(figuras/demo_pva) by extension 'ros'
[0.482s] Level 1:colcon.colcon_core.package_identification:_identify(figuras/demo_pva) by extensions ['cmake', 'python']
[0.482s] Level 1:colcon.colcon_core.package_identification:_identify(figuras/demo_pva) by extension 'cmake'
[0.482s] Level 1:colcon.colcon_core.package_identification:_identify(figuras/demo_pva) by extension 'python'
[0.482s] Level 1:colcon.colcon_core.package_identification:_identify(figuras/demo_pva) by extensions ['python_setup_py']
[0.482s] Level 1:colcon.colcon_core.package_identification:_identify(figuras/demo_pva) by extension 'python_setup_py'
[0.482s] Level 1:colcon.colcon_core.package_identification:_identify(figuras/demo_pva/frames) by extensions ['ignore', 'ignore_ament_install']
[0.482s] Level 1:colcon.colcon_core.package_identification:_identify(figuras/demo_pva/frames) by extension 'ignore'
[0.482s] Level 1:colcon.colcon_core.package_identification:_identify(figuras/demo_pva/frames) by extension 'ignore_ament_install'
[0.482s] Level 1:colcon.colcon_core.package_identification:_identify(figuras/demo_pva/frames) by extensions ['colcon_pkg']
[0.482s] Level 1:colcon.colcon_core.package_identification:_identify(figuras/demo_pva/frames) by extension 'colcon_pkg'
[0.482s] Level 1:colcon.colcon_core.package_identification:_identify(figuras/demo_pva/frames) by extensions ['colcon_meta']
[0.482s] Level 1:colcon.colcon_core.package_identification:_identify(figuras/demo_pva/frames) by extension 'colcon_meta'
[0.482s] Level 1:colcon.colcon_core.package_identification:_identify(figuras/demo_pva/frames) by extensions ['ros']
[0.482s] Level 1:colcon.colcon_core.package_identification:_identify(figuras/demo_pva/frames) by extension 'ros'
[0.482s] Level 1:colcon.colcon_core.package_identification:_identify(figuras/demo_pva/frames) by extensions ['cmake', 'python']
[0.482s] Level 1:colcon.colcon_core.package_identification:_identify(figuras/demo_pva/frames) by extension 'cmake'
[0.482s] Level 1:colcon.colcon_core.package_identification:_identify(figuras/demo_pva/frames) by extension 'python'
[0.483s] Level 1:colcon.colcon_core.package_identification:_identify(figuras/demo_pva/frames) by extensions ['python_setup_py']
[0.483s] Level 1:colcon.colcon_core.package_identification:_identify(figuras/demo_pva/frames) by extension 'python_setup_py'
[0.483s] Level 1:colcon.colcon_core.package_identification:_identify(figuras/demo_pva/gifs) by extensions ['ignore', 'ignore_ament_install']
[0.483s] Level 1:colcon.colcon_core.package_identification:_identify(figuras/demo_pva/gifs) by extension 'ignore'
[0.483s] Level 1:colcon.colcon_core.package_identification:_identify(figuras/demo_pva/gifs) by extension 'ignore_ament_install'
[0.483s] Level 1:colcon.colcon_core.package_identification:_identify(figuras/demo_pva/gifs) by extensions ['colcon_pkg']
[0.483s] Level 1:colcon.colcon_core.package_identification:_identify(figuras/demo_pva/gifs) by extension 'colcon_pkg'
[0.483s] Level 1:colcon.colcon_core.package_identification:_identify(figuras/demo_pva/gifs) by extensions ['colcon_meta']
[0.483s] Level 1:colcon.colcon_core.package_identification:_identify(figuras/demo_pva/gifs) by extension 'colcon_meta'
[0.483s] Level 1:colcon.colcon_core.package_identification:_identify(figuras/demo_pva/gifs) by extensions ['ros']
[0.483s] Level 1:colcon.colcon_core.package_identification:_identify(figuras/demo_pva/gifs) by extension 'ros'
[0.483s] Level 1:colcon.colcon_core.package_identification:_identify(figuras/demo_pva/gifs) by extensions ['cmake', 'python']
[0.483s] Level 1:colcon.colcon_core.package_identification:_identify(figuras/demo_pva/gifs) by extension 'cmake'
[0.483s] Level 1:colcon.colcon_core.package_identification:_identify(figuras/demo_pva/gifs) by extension 'python'
[0.483s] Level 1:colcon.colcon_core.package_identification:_identify(figuras/demo_pva/gifs) by extensions ['python_setup_py']
[0.483s] Level 1:colcon.colcon_core.package_identification:_identify(figuras/demo_pva/gifs) by extension 'python_setup_py'
[0.483s] Level 1:colcon.colcon_core.package_identification:_identify(figuras/demo_pva/pva_evolution) by extensions ['ignore', 'ignore_ament_install']
[0.483s] Level 1:colcon.colcon_core.package_identification:_identify(figuras/demo_pva/pva_evolution) by extension 'ignore'
[0.483s] Level 1:colcon.colcon_core.package_identification:_identify(figuras/demo_pva/pva_evolution) by extension 'ignore_ament_install'
[0.484s] Level 1:colcon.colcon_core.package_identification:_identify(figuras/demo_pva/pva_evolution) by extensions ['colcon_pkg']
[0.484s] Level 1:colcon.colcon_core.package_identification:_identify(figuras/demo_pva/pva_evolution) by extension 'colcon_pkg'
[0.484s] Level 1:colcon.colcon_core.package_identification:_identify(figuras/demo_pva/pva_evolution) by extensions ['colcon_meta']
[0.484s] Level 1:colcon.colcon_core.package_identification:_identify(figuras/demo_pva/pva_evolution) by extension 'colcon_meta'
[0.484s] Level 1:colcon.colcon_core.package_identification:_identify(figuras/demo_pva/pva_evolution) by extensions ['ros']
[0.484s] Level 1:colcon.colcon_core.package_identification:_identify(figuras/demo_pva/pva_evolution) by extension 'ros'
[0.484s] Level 1:colcon.colcon_core.package_identification:_identify(figuras/demo_pva/pva_evolution) by extensions ['cmake', 'python']
[0.484s] Level 1:colcon.colcon_core.package_identification:_identify(figuras/demo_pva/pva_evolution) by extension 'cmake'
[0.484s] Level 1:colcon.colcon_core.package_identification:_identify(figuras/demo_pva/pva_evolution) by extension 'python'
[0.484s] Level 1:colcon.colcon_core.package_identification:_identify(figuras/demo_pva/pva_evolution) by extensions ['python_setup_py']
[0.484s] Level 1:colcon.colcon_core.package_identification:_identify(figuras/demo_pva/pva_evolution) by extension 'python_setup_py'
[0.484s] Level 1:colcon.colcon_core.package_identification:_identify(figuras/demo_pva/pva_evolution/frames) by extensions ['ignore', 'ignore_ament_install']
[0.484s] Level 1:colcon.colcon_core.package_identification:_identify(figuras/demo_pva/pva_evolution/frames) by extension 'ignore'
[0.484s] Level 1:colcon.colcon_core.package_identification:_identify(figuras/demo_pva/pva_evolution/frames) by extension 'ignore_ament_install'
[0.485s] Level 1:colcon.colcon_core.package_identification:_identify(figuras/demo_pva/pva_evolution/frames) by extensions ['colcon_pkg']
[0.485s] Level 1:colcon.colcon_core.package_identification:_identify(figuras/demo_pva/pva_evolution/frames) by extension 'colcon_pkg'
[0.485s] Level 1:colcon.colcon_core.package_identification:_identify(figuras/demo_pva/pva_evolution/frames) by extensions ['colcon_meta']
[0.485s] Level 1:colcon.colcon_core.package_identification:_identify(figuras/demo_pva/pva_evolution/frames) by extension 'colcon_meta'
[0.485s] Level 1:colcon.colcon_core.package_identification:_identify(figuras/demo_pva/pva_evolution/frames) by extensions ['ros']
[0.485s] Level 1:colcon.colcon_core.package_identification:_identify(figuras/demo_pva/pva_evolution/frames) by extension 'ros'
[0.485s] Level 1:colcon.colcon_core.package_identification:_identify(figuras/demo_pva/pva_evolution/frames) by extensions ['cmake', 'python']
[0.485s] Level 1:colcon.colcon_core.package_identification:_identify(figuras/demo_pva/pva_evolution/frames) by extension 'cmake'
[0.485s] Level 1:colcon.colcon_core.package_identification:_identify(figuras/demo_pva/pva_evolution/frames) by extension 'python'
[0.485s] Level 1:colcon.colcon_core.package_identification:_identify(figuras/demo_pva/pva_evolution/frames) by extensions ['python_setup_py']
[0.485s] Level 1:colcon.colcon_core.package_identification:_identify(figuras/demo_pva/pva_evolution/frames) by extension 'python_setup_py'
[0.485s] Level 1:colcon.colcon_core.package_identification:_identify(figuras/demo_pva/pva_evolution/gifs) by extensions ['ignore', 'ignore_ament_install']
[0.485s] Level 1:colcon.colcon_core.package_identification:_identify(figuras/demo_pva/pva_evolution/gifs) by extension 'ignore'
[0.485s] Level 1:colcon.colcon_core.package_identification:_identify(figuras/demo_pva/pva_evolution/gifs) by extension 'ignore_ament_install'
[0.485s] Level 1:colcon.colcon_core.package_identification:_identify(figuras/demo_pva/pva_evolution/gifs) by extensions ['colcon_pkg']
[0.486s] Level 1:colcon.colcon_core.package_identification:_identify(figuras/demo_pva/pva_evolution/gifs) by extension 'colcon_pkg'
[0.486s] Level 1:colcon.colcon_core.package_identification:_identify(figuras/demo_pva/pva_evolution/gifs) by extensions ['colcon_meta']
[0.486s] Level 1:colcon.colcon_core.package_identification:_identify(figuras/demo_pva/pva_evolution/gifs) by extension 'colcon_meta'
[0.486s] Level 1:colcon.colcon_core.package_identification:_identify(figuras/demo_pva/pva_evolution/gifs) by extensions ['ros']
[0.486s] Level 1:colcon.colcon_core.package_identification:_identify(figuras/demo_pva/pva_evolution/gifs) by extension 'ros'
[0.486s] Level 1:colcon.colcon_core.package_identification:_identify(figuras/demo_pva/pva_evolution/gifs) by extensions ['cmake', 'python']
[0.486s] Level 1:colcon.colcon_core.package_identification:_identify(figuras/demo_pva/pva_evolution/gifs) by extension 'cmake'
[0.486s] Level 1:colcon.colcon_core.package_identification:_identify(figuras/demo_pva/pva_evolution/gifs) by extension 'python'
[0.486s] Level 1:colcon.colcon_core.package_identification:_identify(figuras/demo_pva/pva_evolution/gifs) by extensions ['python_setup_py']
[0.486s] Level 1:colcon.colcon_core.package_identification:_identify(figuras/demo_pva/pva_evolution/gifs) by extension 'python_setup_py'
[0.486s] Level 1:colcon.colcon_core.package_identification:_identify(figuras/demo_pva_gap) by extensions ['ignore', 'ignore_ament_install']
[0.486s] Level 1:colcon.colcon_core.package_identification:_identify(figuras/demo_pva_gap) by extension 'ignore'
[0.486s] Level 1:colcon.colcon_core.package_identification:_identify(figuras/demo_pva_gap) by extension 'ignore_ament_install'
[0.486s] Level 1:colcon.colcon_core.package_identification:_identify(figuras/demo_pva_gap) by extensions ['colcon_pkg']
[0.487s] Level 1:colcon.colcon_core.package_identification:_identify(figuras/demo_pva_gap) by extension 'colcon_pkg'
[0.487s] Level 1:colcon.colcon_core.package_identification:_identify(figuras/demo_pva_gap) by extensions ['colcon_meta']
[0.487s] Level 1:colcon.colcon_core.package_identification:_identify(figuras/demo_pva_gap) by extension 'colcon_meta'
[0.487s] Level 1:colcon.colcon_core.package_identification:_identify(figuras/demo_pva_gap) by extensions ['ros']
[0.487s] Level 1:colcon.colcon_core.package_identification:_identify(figuras/demo_pva_gap) by extension 'ros'
[0.487s] Level 1:colcon.colcon_core.package_identification:_identify(figuras/demo_pva_gap) by extensions ['cmake', 'python']
[0.487s] Level 1:colcon.colcon_core.package_identification:_identify(figuras/demo_pva_gap) by extension 'cmake'
[0.487s] Level 1:colcon.colcon_core.package_identification:_identify(figuras/demo_pva_gap) by extension 'python'
[0.487s] Level 1:colcon.colcon_core.package_identification:_identify(figuras/demo_pva_gap) by extensions ['python_setup_py']
[0.487s] Level 1:colcon.colcon_core.package_identification:_identify(figuras/demo_pva_gap) by extension 'python_setup_py'
[0.487s] Level 1:colcon.colcon_core.package_identification:_identify(figuras/demo_pva_gap/frames) by extensions ['ignore', 'ignore_ament_install']
[0.487s] Level 1:colcon.colcon_core.package_identification:_identify(figuras/demo_pva_gap/frames) by extension 'ignore'
[0.487s] Level 1:colcon.colcon_core.package_identification:_identify(figuras/demo_pva_gap/frames) by extension 'ignore_ament_install'
[0.487s] Level 1:colcon.colcon_core.package_identification:_identify(figuras/demo_pva_gap/frames) by extensions ['colcon_pkg']
[0.487s] Level 1:colcon.colcon_core.package_identification:_identify(figuras/demo_pva_gap/frames) by extension 'colcon_pkg'
[0.487s] Level 1:colcon.colcon_core.package_identification:_identify(figuras/demo_pva_gap/frames) by extensions ['colcon_meta']
[0.487s] Level 1:colcon.colcon_core.package_identification:_identify(figuras/demo_pva_gap/frames) by extension 'colcon_meta'
[0.487s] Level 1:colcon.colcon_core.package_identification:_identify(figuras/demo_pva_gap/frames) by extensions ['ros']
[0.487s] Level 1:colcon.colcon_core.package_identification:_identify(figuras/demo_pva_gap/frames) by extension 'ros'
[0.487s] Level 1:colcon.colcon_core.package_identification:_identify(figuras/demo_pva_gap/frames) by extensions ['cmake', 'python']
[0.487s] Level 1:colcon.colcon_core.package_identification:_identify(figuras/demo_pva_gap/frames) by extension 'cmake'
[0.487s] Level 1:colcon.colcon_core.package_identification:_identify(figuras/demo_pva_gap/frames) by extension 'python'
[0.488s] Level 1:colcon.colcon_core.package_identification:_identify(figuras/demo_pva_gap/frames) by extensions ['python_setup_py']
[0.488s] Level 1:colcon.colcon_core.package_identification:_identify(figuras/demo_pva_gap/frames) by extension 'python_setup_py'
[0.488s] Level 1:colcon.colcon_core.package_identification:_identify(figuras/demo_pva_gap/gifs) by extensions ['ignore', 'ignore_ament_install']
[0.488s] Level 1:colcon.colcon_core.package_identification:_identify(figuras/demo_pva_gap/gifs) by extension 'ignore'
[0.488s] Level 1:colcon.colcon_core.package_identification:_identify(figuras/demo_pva_gap/gifs) by extension 'ignore_ament_install'
[0.488s] Level 1:colcon.colcon_core.package_identification:_identify(figuras/demo_pva_gap/gifs) by extensions ['colcon_pkg']
[0.488s] Level 1:colcon.colcon_core.package_identification:_identify(figuras/demo_pva_gap/gifs) by extension 'colcon_pkg'
[0.488s] Level 1:colcon.colcon_core.package_identification:_identify(figuras/demo_pva_gap/gifs) by extensions ['colcon_meta']
[0.488s] Level 1:colcon.colcon_core.package_identification:_identify(figuras/demo_pva_gap/gifs) by extension 'colcon_meta'
[0.488s] Level 1:colcon.colcon_core.package_identification:_identify(figuras/demo_pva_gap/gifs) by extensions ['ros']
[0.488s] Level 1:colcon.colcon_core.package_identification:_identify(figuras/demo_pva_gap/gifs) by extension 'ros'
[0.488s] Level 1:colcon.colcon_core.package_identification:_identify(figuras/demo_pva_gap/gifs) by extensions ['cmake', 'python']
[0.488s] Level 1:colcon.colcon_core.package_identification:_identify(figuras/demo_pva_gap/gifs) by extension 'cmake'
[0.488s] Level 1:colcon.colcon_core.package_identification:_identify(figuras/demo_pva_gap/gifs) by extension 'python'
[0.488s] Level 1:colcon.colcon_core.package_identification:_identify(figuras/demo_pva_gap/gifs) by extensions ['python_setup_py']
[0.488s] Level 1:colcon.colcon_core.package_identification:_identify(figuras/demo_pva_gap/gifs) by extension 'python_setup_py'
[0.489s] Level 1:colcon.colcon_core.package_identification:_identify(figuras/demo_pva_gap/pva_evolution) by extensions ['ignore', 'ignore_ament_install']
[0.489s] Level 1:colcon.colcon_core.package_identification:_identify(figuras/demo_pva_gap/pva_evolution) by extension 'ignore'
[0.489s] Level 1:colcon.colcon_core.package_identification:_identify(figuras/demo_pva_gap/pva_evolution) by extension 'ignore_ament_install'
[0.489s] Level 1:colcon.colcon_core.package_identification:_identify(figuras/demo_pva_gap/pva_evolution) by extensions ['colcon_pkg']
[0.489s] Level 1:colcon.colcon_core.package_identification:_identify(figuras/demo_pva_gap/pva_evolution) by extension 'colcon_pkg'
[0.489s] Level 1:colcon.colcon_core.package_identification:_identify(figuras/demo_pva_gap/pva_evolution) by extensions ['colcon_meta']
[0.489s] Level 1:colcon.colcon_core.package_identification:_identify(figuras/demo_pva_gap/pva_evolution) by extension 'colcon_meta'
[0.489s] Level 1:colcon.colcon_core.package_identification:_identify(figuras/demo_pva_gap/pva_evolution) by extensions ['ros']
[0.489s] Level 1:colcon.colcon_core.package_identification:_identify(figuras/demo_pva_gap/pva_evolution) by extension 'ros'
[0.489s] Level 1:colcon.colcon_core.package_identification:_identify(figuras/demo_pva_gap/pva_evolution) by extensions ['cmake', 'python']
[0.489s] Level 1:colcon.colcon_core.package_identification:_identify(figuras/demo_pva_gap/pva_evolution) by extension 'cmake'
[0.489s] Level 1:colcon.colcon_core.package_identification:_identify(figuras/demo_pva_gap/pva_evolution) by extension 'python'
[0.489s] Level 1:colcon.colcon_core.package_identification:_identify(figuras/demo_pva_gap/pva_evolution) by extensions ['python_setup_py']
[0.489s] Level 1:colcon.colcon_core.package_identification:_identify(figuras/demo_pva_gap/pva_evolution) by extension 'python_setup_py'
[0.489s] Level 1:colcon.colcon_core.package_identification:_identify(figuras/demo_pva_gap/pva_evolution/frames) by extensions ['ignore', 'ignore_ament_install']
[0.489s] Level 1:colcon.colcon_core.package_identification:_identify(figuras/demo_pva_gap/pva_evolution/frames) by extension 'ignore'
[0.490s] Level 1:colcon.colcon_core.package_identification:_identify(figuras/demo_pva_gap/pva_evolution/frames) by extension 'ignore_ament_install'
[0.490s] Level 1:colcon.colcon_core.package_identification:_identify(figuras/demo_pva_gap/pva_evolution/frames) by extensions ['colcon_pkg']
[0.490s] Level 1:colcon.colcon_core.package_identification:_identify(figuras/demo_pva_gap/pva_evolution/frames) by extension 'colcon_pkg'
[0.490s] Level 1:colcon.colcon_core.package_identification:_identify(figuras/demo_pva_gap/pva_evolution/frames) by extensions ['colcon_meta']
[0.490s] Level 1:colcon.colcon_core.package_identification:_identify(figuras/demo_pva_gap/pva_evolution/frames) by extension 'colcon_meta'
[0.490s] Level 1:colcon.colcon_core.package_identification:_identify(figuras/demo_pva_gap/pva_evolution/frames) by extensions ['ros']
[0.490s] Level 1:colcon.colcon_core.package_identification:_identify(figuras/demo_pva_gap/pva_evolution/frames) by extension 'ros'
[0.490s] Level 1:colcon.colcon_core.package_identification:_identify(figuras/demo_pva_gap/pva_evolution/frames) by extensions ['cmake', 'python']
[0.490s] Level 1:colcon.colcon_core.package_identification:_identify(figuras/demo_pva_gap/pva_evolution/frames) by extension 'cmake'
[0.490s] Level 1:colcon.colcon_core.package_identification:_identify(figuras/demo_pva_gap/pva_evolution/frames) by extension 'python'
[0.490s] Level 1:colcon.colcon_core.package_identification:_identify(figuras/demo_pva_gap/pva_evolution/frames) by extensions ['python_setup_py']
[0.490s] Level 1:colcon.colcon_core.package_identification:_identify(figuras/demo_pva_gap/pva_evolution/frames) by extension 'python_setup_py'
[0.490s] Level 1:colcon.colcon_core.package_identification:_identify(figuras/demo_pva_gap/pva_evolution/gifs) by extensions ['ignore', 'ignore_ament_install']
[0.490s] Level 1:colcon.colcon_core.package_identification:_identify(figuras/demo_pva_gap/pva_evolution/gifs) by extension 'ignore'
[0.491s] Level 1:colcon.colcon_core.package_identification:_identify(figuras/demo_pva_gap/pva_evolution/gifs) by extension 'ignore_ament_install'
[0.491s] Level 1:colcon.colcon_core.package_identification:_identify(figuras/demo_pva_gap/pva_evolution/gifs) by extensions ['colcon_pkg']
[0.491s] Level 1:colcon.colcon_core.package_identification:_identify(figuras/demo_pva_gap/pva_evolution/gifs) by extension 'colcon_pkg'
[0.491s] Level 1:colcon.colcon_core.package_identification:_identify(figuras/demo_pva_gap/pva_evolution/gifs) by extensions ['colcon_meta']
[0.491s] Level 1:colcon.colcon_core.package_identification:_identify(figuras/demo_pva_gap/pva_evolution/gifs) by extension 'colcon_meta'
[0.491s] Level 1:colcon.colcon_core.package_identification:_identify(figuras/demo_pva_gap/pva_evolution/gifs) by extensions ['ros']
[0.491s] Level 1:colcon.colcon_core.package_identification:_identify(figuras/demo_pva_gap/pva_evolution/gifs) by extension 'ros'
[0.491s] Level 1:colcon.colcon_core.package_identification:_identify(figuras/demo_pva_gap/pva_evolution/gifs) by extensions ['cmake', 'python']
[0.491s] Level 1:colcon.colcon_core.package_identification:_identify(figuras/demo_pva_gap/pva_evolution/gifs) by extension 'cmake'
[0.491s] Level 1:colcon.colcon_core.package_identification:_identify(figuras/demo_pva_gap/pva_evolution/gifs) by extension 'python'
[0.491s] Level 1:colcon.colcon_core.package_identification:_identify(figuras/demo_pva_gap/pva_evolution/gifs) by extensions ['python_setup_py']
[0.491s] Level 1:colcon.colcon_core.package_identification:_identify(figuras/demo_pva_gap/pva_evolution/gifs) by extension 'python_setup_py'
[0.491s] Level 1:colcon.colcon_core.package_identification:_identify(figuras/formacion) by extensions ['ignore', 'ignore_ament_install']
[0.491s] Level 1:colcon.colcon_core.package_identification:_identify(figuras/formacion) by extension 'ignore'
[0.491s] Level 1:colcon.colcon_core.package_identification:_identify(figuras/formacion) by extension 'ignore_ament_install'
[0.491s] Level 1:colcon.colcon_core.package_identification:_identify(figuras/formacion) by extensions ['colcon_pkg']
[0.492s] Level 1:colcon.colcon_core.package_identification:_identify(figuras/formacion) by extension 'colcon_pkg'
[0.492s] Level 1:colcon.colcon_core.package_identification:_identify(figuras/formacion) by extensions ['colcon_meta']
[0.492s] Level 1:colcon.colcon_core.package_identification:_identify(figuras/formacion) by extension 'colcon_meta'
[0.492s] Level 1:colcon.colcon_core.package_identification:_identify(figuras/formacion) by extensions ['ros']
[0.492s] Level 1:colcon.colcon_core.package_identification:_identify(figuras/formacion) by extension 'ros'
[0.492s] Level 1:colcon.colcon_core.package_identification:_identify(figuras/formacion) by extensions ['cmake', 'python']
[0.492s] Level 1:colcon.colcon_core.package_identification:_identify(figuras/formacion) by extension 'cmake'
[0.492s] Level 1:colcon.colcon_core.package_identification:_identify(figuras/formacion) by extension 'python'
[0.492s] Level 1:colcon.colcon_core.package_identification:_identify(figuras/formacion) by extensions ['python_setup_py']
[0.492s] Level 1:colcon.colcon_core.package_identification:_identify(figuras/formacion) by extension 'python_setup_py'
[0.492s] Level 1:colcon.colcon_core.package_identification:_identify(figuras/latigazo) by extensions ['ignore', 'ignore_ament_install']
[0.492s] Level 1:colcon.colcon_core.package_identification:_identify(figuras/latigazo) by extension 'ignore'
[0.492s] Level 1:colcon.colcon_core.package_identification:_identify(figuras/latigazo) by extension 'ignore_ament_install'
[0.492s] Level 1:colcon.colcon_core.package_identification:_identify(figuras/latigazo) by extensions ['colcon_pkg']
[0.492s] Level 1:colcon.colcon_core.package_identification:_identify(figuras/latigazo) by extension 'colcon_pkg'
[0.492s] Level 1:colcon.colcon_core.package_identification:_identify(figuras/latigazo) by extensions ['colcon_meta']
[0.492s] Level 1:colcon.colcon_core.package_identification:_identify(figuras/latigazo) by extension 'colcon_meta'
[0.492s] Level 1:colcon.colcon_core.package_identification:_identify(figuras/latigazo) by extensions ['ros']
[0.492s] Level 1:colcon.colcon_core.package_identification:_identify(figuras/latigazo) by extension 'ros'
[0.492s] Level 1:colcon.colcon_core.package_identification:_identify(figuras/latigazo) by extensions ['cmake', 'python']
[0.492s] Level 1:colcon.colcon_core.package_identification:_identify(figuras/latigazo) by extension 'cmake'
[0.492s] Level 1:colcon.colcon_core.package_identification:_identify(figuras/latigazo) by extension 'python'
[0.492s] Level 1:colcon.colcon_core.package_identification:_identify(figuras/latigazo) by extensions ['python_setup_py']
[0.493s] Level 1:colcon.colcon_core.package_identification:_identify(figuras/latigazo) by extension 'python_setup_py'
[0.493s] Level 1:colcon.colcon_core.package_identification:_identify(figuras/latigazo/frames) by extensions ['ignore', 'ignore_ament_install']
[0.493s] Level 1:colcon.colcon_core.package_identification:_identify(figuras/latigazo/frames) by extension 'ignore'
[0.493s] Level 1:colcon.colcon_core.package_identification:_identify(figuras/latigazo/frames) by extension 'ignore_ament_install'
[0.493s] Level 1:colcon.colcon_core.package_identification:_identify(figuras/latigazo/frames) by extensions ['colcon_pkg']
[0.493s] Level 1:colcon.colcon_core.package_identification:_identify(figuras/latigazo/frames) by extension 'colcon_pkg'
[0.493s] Level 1:colcon.colcon_core.package_identification:_identify(figuras/latigazo/frames) by extensions ['colcon_meta']
[0.493s] Level 1:colcon.colcon_core.package_identification:_identify(figuras/latigazo/frames) by extension 'colcon_meta'
[0.493s] Level 1:colcon.colcon_core.package_identification:_identify(figuras/latigazo/frames) by extensions ['ros']
[0.493s] Level 1:colcon.colcon_core.package_identification:_identify(figuras/latigazo/frames) by extension 'ros'
[0.494s] Level 1:colcon.colcon_core.package_identification:_identify(figuras/latigazo/frames) by extensions ['cmake', 'python']
[0.494s] Level 1:colcon.colcon_core.package_identification:_identify(figuras/latigazo/frames) by extension 'cmake'
[0.494s] Level 1:colcon.colcon_core.package_identification:_identify(figuras/latigazo/frames) by extension 'python'
[0.494s] Level 1:colcon.colcon_core.package_identification:_identify(figuras/latigazo/frames) by extensions ['python_setup_py']
[0.494s] Level 1:colcon.colcon_core.package_identification:_identify(figuras/latigazo/frames) by extension 'python_setup_py'
[0.494s] Level 1:colcon.colcon_core.package_identification:_identify(figuras/latigazo/gifs) by extensions ['ignore', 'ignore_ament_install']
[0.494s] Level 1:colcon.colcon_core.package_identification:_identify(figuras/latigazo/gifs) by extension 'ignore'
[0.494s] Level 1:colcon.colcon_core.package_identification:_identify(figuras/latigazo/gifs) by extension 'ignore_ament_install'
[0.494s] Level 1:colcon.colcon_core.package_identification:_identify(figuras/latigazo/gifs) by extensions ['colcon_pkg']
[0.494s] Level 1:colcon.colcon_core.package_identification:_identify(figuras/latigazo/gifs) by extension 'colcon_pkg'
[0.494s] Level 1:colcon.colcon_core.package_identification:_identify(figuras/latigazo/gifs) by extensions ['colcon_meta']
[0.494s] Level 1:colcon.colcon_core.package_identification:_identify(figuras/latigazo/gifs) by extension 'colcon_meta'
[0.494s] Level 1:colcon.colcon_core.package_identification:_identify(figuras/latigazo/gifs) by extensions ['ros']
[0.494s] Level 1:colcon.colcon_core.package_identification:_identify(figuras/latigazo/gifs) by extension 'ros'
[0.494s] Level 1:colcon.colcon_core.package_identification:_identify(figuras/latigazo/gifs) by extensions ['cmake', 'python']
[0.494s] Level 1:colcon.colcon_core.package_identification:_identify(figuras/latigazo/gifs) by extension 'cmake'
[0.494s] Level 1:colcon.colcon_core.package_identification:_identify(figuras/latigazo/gifs) by extension 'python'
[0.494s] Level 1:colcon.colcon_core.package_identification:_identify(figuras/latigazo/gifs) by extensions ['python_setup_py']
[0.494s] Level 1:colcon.colcon_core.package_identification:_identify(figuras/latigazo/gifs) by extension 'python_setup_py'
[0.495s] Level 1:colcon.colcon_core.package_identification:_identify(figuras/vs_formacion) by extensions ['ignore', 'ignore_ament_install']
[0.495s] Level 1:colcon.colcon_core.package_identification:_identify(figuras/vs_formacion) by extension 'ignore'
[0.495s] Level 1:colcon.colcon_core.package_identification:_identify(figuras/vs_formacion) by extension 'ignore_ament_install'
[0.495s] Level 1:colcon.colcon_core.package_identification:_identify(figuras/vs_formacion) by extensions ['colcon_pkg']
[0.495s] Level 1:colcon.colcon_core.package_identification:_identify(figuras/vs_formacion) by extension 'colcon_pkg'
[0.495s] Level 1:colcon.colcon_core.package_identification:_identify(figuras/vs_formacion) by extensions ['colcon_meta']
[0.495s] Level 1:colcon.colcon_core.package_identification:_identify(figuras/vs_formacion) by extension 'colcon_meta'
[0.495s] Level 1:colcon.colcon_core.package_identification:_identify(figuras/vs_formacion) by extensions ['ros']
[0.495s] Level 1:colcon.colcon_core.package_identification:_identify(figuras/vs_formacion) by extension 'ros'
[0.495s] Level 1:colcon.colcon_core.package_identification:_identify(figuras/vs_formacion) by extensions ['cmake', 'python']
[0.495s] Level 1:colcon.colcon_core.package_identification:_identify(figuras/vs_formacion) by extension 'cmake'
[0.495s] Level 1:colcon.colcon_core.package_identification:_identify(figuras/vs_formacion) by extension 'python'
[0.495s] Level 1:colcon.colcon_core.package_identification:_identify(figuras/vs_formacion) by extensions ['python_setup_py']
[0.495s] Level 1:colcon.colcon_core.package_identification:_identify(figuras/vs_formacion) by extension 'python_setup_py'
[0.495s] Level 1:colcon.colcon_core.package_identification:_identify(figuras/vs_formacion/frames) by extensions ['ignore', 'ignore_ament_install']
[0.495s] Level 1:colcon.colcon_core.package_identification:_identify(figuras/vs_formacion/frames) by extension 'ignore'
[0.495s] Level 1:colcon.colcon_core.package_identification:_identify(figuras/vs_formacion/frames) by extension 'ignore_ament_install'
[0.495s] Level 1:colcon.colcon_core.package_identification:_identify(figuras/vs_formacion/frames) by extensions ['colcon_pkg']
[0.495s] Level 1:colcon.colcon_core.package_identification:_identify(figuras/vs_formacion/frames) by extension 'colcon_pkg'
[0.495s] Level 1:colcon.colcon_core.package_identification:_identify(figuras/vs_formacion/frames) by extensions ['colcon_meta']
[0.496s] Level 1:colcon.colcon_core.package_identification:_identify(figuras/vs_formacion/frames) by extension 'colcon_meta'
[0.496s] Level 1:colcon.colcon_core.package_identification:_identify(figuras/vs_formacion/frames) by extensions ['ros']
[0.496s] Level 1:colcon.colcon_core.package_identification:_identify(figuras/vs_formacion/frames) by extension 'ros'
[0.496s] Level 1:colcon.colcon_core.package_identification:_identify(figuras/vs_formacion/frames) by extensions ['cmake', 'python']
[0.496s] Level 1:colcon.colcon_core.package_identification:_identify(figuras/vs_formacion/frames) by extension 'cmake'
[0.496s] Level 1:colcon.colcon_core.package_identification:_identify(figuras/vs_formacion/frames) by extension 'python'
[0.496s] Level 1:colcon.colcon_core.package_identification:_identify(figuras/vs_formacion/frames) by extensions ['python_setup_py']
[0.496s] Level 1:colcon.colcon_core.package_identification:_identify(figuras/vs_formacion/frames) by extension 'python_setup_py'
[0.496s] Level 1:colcon.colcon_core.package_identification:_identify(figuras/vs_formacion/gifs) by extensions ['ignore', 'ignore_ament_install']
[0.496s] Level 1:colcon.colcon_core.package_identification:_identify(figuras/vs_formacion/gifs) by extension 'ignore'
[0.496s] Level 1:colcon.colcon_core.package_identification:_identify(figuras/vs_formacion/gifs) by extension 'ignore_ament_install'
[0.496s] Level 1:colcon.colcon_core.package_identification:_identify(figuras/vs_formacion/gifs) by extensions ['colcon_pkg']
[0.496s] Level 1:colcon.colcon_core.package_identification:_identify(figuras/vs_formacion/gifs) by extension 'colcon_pkg'
[0.496s] Level 1:colcon.colcon_core.package_identification:_identify(figuras/vs_formacion/gifs) by extensions ['colcon_meta']
[0.496s] Level 1:colcon.colcon_core.package_identification:_identify(figuras/vs_formacion/gifs) by extension 'colcon_meta'
[0.496s] Level 1:colcon.colcon_core.package_identification:_identify(figuras/vs_formacion/gifs) by extensions ['ros']
[0.496s] Level 1:colcon.colcon_core.package_identification:_identify(figuras/vs_formacion/gifs) by extension 'ros'
[0.496s] Level 1:colcon.colcon_core.package_identification:_identify(figuras/vs_formacion/gifs) by extensions ['cmake', 'python']
[0.496s] Level 1:colcon.colcon_core.package_identification:_identify(figuras/vs_formacion/gifs) by extension 'cmake'
[0.496s] Level 1:colcon.colcon_core.package_identification:_identify(figuras/vs_formacion/gifs) by extension 'python'
[0.496s] Level 1:colcon.colcon_core.package_identification:_identify(figuras/vs_formacion/gifs) by extensions ['python_setup_py']
[0.497s] Level 1:colcon.colcon_core.package_identification:_identify(figuras/vs_formacion/gifs) by extension 'python_setup_py'
[0.497s] Level 1:colcon.colcon_core.package_identification:_identify(figures_pva) by extensions ['ignore', 'ignore_ament_install']
[0.497s] Level 1:colcon.colcon_core.package_identification:_identify(figures_pva) by extension 'ignore'
[0.497s] Level 1:colcon.colcon_core.package_identification:_identify(figures_pva) by extension 'ignore_ament_install'
[0.497s] Level 1:colcon.colcon_core.package_identification:_identify(figures_pva) by extensions ['colcon_pkg']
[0.497s] Level 1:colcon.colcon_core.package_identification:_identify(figures_pva) by extension 'colcon_pkg'
[0.497s] Level 1:colcon.colcon_core.package_identification:_identify(figures_pva) by extensions ['colcon_meta']
[0.497s] Level 1:colcon.colcon_core.package_identification:_identify(figures_pva) by extension 'colcon_meta'
[0.497s] Level 1:colcon.colcon_core.package_identification:_identify(figures_pva) by extensions ['ros']
[0.497s] Level 1:colcon.colcon_core.package_identification:_identify(figures_pva) by extension 'ros'
[0.497s] Level 1:colcon.colcon_core.package_identification:_identify(figures_pva) by extensions ['cmake', 'python']
[0.497s] Level 1:colcon.colcon_core.package_identification:_identify(figures_pva) by extension 'cmake'
[0.497s] Level 1:colcon.colcon_core.package_identification:_identify(figures_pva) by extension 'python'
[0.497s] Level 1:colcon.colcon_core.package_identification:_identify(figures_pva) by extensions ['python_setup_py']
[0.497s] Level 1:colcon.colcon_core.package_identification:_identify(figures_pva) by extension 'python_setup_py'
[0.498s] Level 1:colcon.colcon_core.package_identification:_identify(install) by extensions ['ignore', 'ignore_ament_install']
[0.498s] Level 1:colcon.colcon_core.package_identification:_identify(install) by extension 'ignore'
[0.498s] Level 1:colcon.colcon_core.package_identification:_identify(install) ignored
[0.498s] Level 1:colcon.colcon_core.package_identification:_identify(log) by extensions ['ignore', 'ignore_ament_install']
[0.499s] Level 1:colcon.colcon_core.package_identification:_identify(log) by extension 'ignore'
[0.499s] Level 1:colcon.colcon_core.package_identification:_identify(log) ignored
[0.499s] Level 1:colcon.colcon_core.package_identification:_identify(src) by extensions ['ignore', 'ignore_ament_install']
[0.499s] Level 1:colcon.colcon_core.package_identification:_identify(src) by extension 'ignore'
[0.499s] Level 1:colcon.colcon_core.package_identification:_identify(src) by extension 'ignore_ament_install'
[0.499s] Level 1:colcon.colcon_core.package_identification:_identify(src) by extensions ['colcon_pkg']
[0.499s] Level 1:colcon.colcon_core.package_identification:_identify(src) by extension 'colcon_pkg'
[0.499s] Level 1:colcon.colcon_core.package_identification:_identify(src) by extensions ['colcon_meta']
[0.499s] Level 1:colcon.colcon_core.package_identification:_identify(src) by extension 'colcon_meta'
[0.499s] Level 1:colcon.colcon_core.package_identification:_identify(src) by extensions ['ros']
[0.499s] Level 1:colcon.colcon_core.package_identification:_identify(src) by extension 'ros'
[0.499s] Level 1:colcon.colcon_core.package_identification:_identify(src) by extensions ['cmake', 'python']
[0.499s] Level 1:colcon.colcon_core.package_identification:_identify(src) by extension 'cmake'
[0.499s] Level 1:colcon.colcon_core.package_identification:_identify(src) by extension 'python'
[0.499s] Level 1:colcon.colcon_core.package_identification:_identify(src) by extensions ['python_setup_py']
[0.500s] Level 1:colcon.colcon_core.package_identification:_identify(src) by extension 'python_setup_py'
[0.500s] Level 1:colcon.colcon_core.package_identification:_identify(src/articubot_one) by extensions ['ignore', 'ignore_ament_install']
[0.500s] Level 1:colcon.colcon_core.package_identification:_identify(src/articubot_one) by extension 'ignore'
[0.500s] Level 1:colcon.colcon_core.package_identification:_identify(src/articubot_one) by extension 'ignore_ament_install'
[0.500s] Level 1:colcon.colcon_core.package_identification:_identify(src/articubot_one) by extensions ['colcon_pkg']
[0.500s] Level 1:colcon.colcon_core.package_identification:_identify(src/articubot_one) by extension 'colcon_pkg'
[0.500s] Level 1:colcon.colcon_core.package_identification:_identify(src/articubot_one) by extensions ['colcon_meta']
[0.500s] Level 1:colcon.colcon_core.package_identification:_identify(src/articubot_one) by extension 'colcon_meta'
[0.500s] Level 1:colcon.colcon_core.package_identification:_identify(src/articubot_one) by extensions ['ros']
[0.500s] Level 1:colcon.colcon_core.package_identification:_identify(src/articubot_one) by extension 'ros'
[0.503s] DEBUG:colcon.colcon_core.package_identification:Package 'src/articubot_one' with type 'ros.ament_cmake' and name 'articubot_one'
[0.503s] Level 1:colcon.colcon_core.package_identification:_identify(src/control_nodes) by extensions ['ignore', 'ignore_ament_install']
[0.503s] Level 1:colcon.colcon_core.package_identification:_identify(src/control_nodes) by extension 'ignore'
[0.504s] Level 1:colcon.colcon_core.package_identification:_identify(src/control_nodes) by extension 'ignore_ament_install'
[0.504s] Level 1:colcon.colcon_core.package_identification:_identify(src/control_nodes) by extensions ['colcon_pkg']
[0.504s] Level 1:colcon.colcon_core.package_identification:_identify(src/control_nodes) by extension 'colcon_pkg'
[0.504s] Level 1:colcon.colcon_core.package_identification:_identify(src/control_nodes) by extensions ['colcon_meta']
[0.504s] Level 1:colcon.colcon_core.package_identification:_identify(src/control_nodes) by extension 'colcon_meta'
[0.504s] Level 1:colcon.colcon_core.package_identification:_identify(src/control_nodes) by extensions ['ros']
[0.504s] Level 1:colcon.colcon_core.package_identification:_identify(src/control_nodes) by extension 'ros'
[0.505s] DEBUG:colcon.colcon_core.package_identification:Package 'src/control_nodes' with type 'ros.ament_python' and name 'control_nodes'
[0.506s] Level 1:colcon.colcon_core.package_identification:_identify(src/multi_robot_interfaces) by extensions ['ignore', 'ignore_ament_install']
[0.506s] Level 1:colcon.colcon_core.package_identification:_identify(src/multi_robot_interfaces) by extension 'ignore'
[0.506s] Level 1:colcon.colcon_core.package_identification:_identify(src/multi_robot_interfaces) by extension 'ignore_ament_install'
[0.506s] Level 1:colcon.colcon_core.package_identification:_identify(src/multi_robot_interfaces) by extensions ['colcon_pkg']
[0.506s] Level 1:colcon.colcon_core.package_identification:_identify(src/multi_robot_interfaces) by extension 'colcon_pkg'
[0.506s] Level 1:colcon.colcon_core.package_identification:_identify(src/multi_robot_interfaces) by extensions ['colcon_meta']
[0.506s] Level 1:colcon.colcon_core.package_identification:_identify(src/multi_robot_interfaces) by extension 'colcon_meta'
[0.506s] Level 1:colcon.colcon_core.package_identification:_identify(src/multi_robot_interfaces) by extensions ['ros']
[0.506s] Level 1:colcon.colcon_core.package_identification:_identify(src/multi_robot_interfaces) by extension 'ros'
[0.507s] DEBUG:colcon.colcon_core.package_identification:Package 'src/multi_robot_interfaces' with type 'ros.ament_cmake' and name 'multi_robot_interfaces'
[0.507s] Level 1:colcon.colcon_core.package_identification:_identify(src/simulador) by extensions ['ignore', 'ignore_ament_install']
[0.507s] Level 1:colcon.colcon_core.package_identification:_identify(src/simulador) by extension 'ignore'
[0.507s] Level 1:colcon.colcon_core.package_identification:_identify(src/simulador) by extension 'ignore_ament_install'
[0.507s] Level 1:colcon.colcon_core.package_identification:_identify(src/simulador) by extensions ['colcon_pkg']
[0.507s] Level 1:colcon.colcon_core.package_identification:_identify(src/simulador) by extension 'colcon_pkg'
[0.507s] Level 1:colcon.colcon_core.package_identification:_identify(src/simulador) by extensions ['colcon_meta']
[0.507s] Level 1:colcon.colcon_core.package_identification:_identify(src/simulador) by extension 'colcon_meta'
[0.507s] Level 1:colcon.colcon_core.package_identification:_identify(src/simulador) by extensions ['ros']
[0.507s] Level 1:colcon.colcon_core.package_identification:_identify(src/simulador) by extension 'ros'
[0.508s] DEBUG:colcon.colcon_core.package_identification:Package 'src/simulador' with type 'ros.ament_python' and name 'simulador'
[0.508s] Level 1:colcon.colcon_core.package_identification:_identify(ws3_p) by extensions ['ignore', 'ignore_ament_install']
[0.509s] Level 1:colcon.colcon_core.package_identification:_identify(ws3_p) by extension 'ignore'
[0.509s] Level 1:colcon.colcon_core.package_identification:_identify(ws3_p) by extension 'ignore_ament_install'
[0.509s] Level 1:colcon.colcon_core.package_identification:_identify(ws3_p) by extensions ['colcon_pkg']
[0.509s] Level 1:colcon.colcon_core.package_identification:_identify(ws3_p) by extension 'colcon_pkg'
[0.509s] Level 1:colcon.colcon_core.package_identification:_identify(ws3_p) by extensions ['colcon_meta']
[0.509s] Level 1:colcon.colcon_core.package_identification:_identify(ws3_p) by extension 'colcon_meta'
[0.509s] Level 1:colcon.colcon_core.package_identification:_identify(ws3_p) by extensions ['ros']
[0.509s] Level 1:colcon.colcon_core.package_identification:_identify(ws3_p) by extension 'ros'
[0.509s] Level 1:colcon.colcon_core.package_identification:_identify(ws3_p) by extensions ['cmake', 'python']
[0.509s] Level 1:colcon.colcon_core.package_identification:_identify(ws3_p) by extension 'cmake'
[0.509s] Level 1:colcon.colcon_core.package_identification:_identify(ws3_p) by extension 'python'
[0.509s] Level 1:colcon.colcon_core.package_identification:_identify(ws3_p) by extensions ['python_setup_py']
[0.509s] Level 1:colcon.colcon_core.package_identification:_identify(ws3_p) by extension 'python_setup_py'
[0.509s] Level 1:colcon.colcon_core.package_identification:_identify(ws3_p/algorithms) by extensions ['ignore', 'ignore_ament_install']
[0.509s] Level 1:colcon.colcon_core.package_identification:_identify(ws3_p/algorithms) by extension 'ignore'
[0.509s] Level 1:colcon.colcon_core.package_identification:_identify(ws3_p/algorithms) by extension 'ignore_ament_install'
[0.509s] Level 1:colcon.colcon_core.package_identification:_identify(ws3_p/algorithms) by extensions ['colcon_pkg']
[0.509s] Level 1:colcon.colcon_core.package_identification:_identify(ws3_p/algorithms) by extension 'colcon_pkg'
[0.509s] Level 1:colcon.colcon_core.package_identification:_identify(ws3_p/algorithms) by extensions ['colcon_meta']
[0.509s] Level 1:colcon.colcon_core.package_identification:_identify(ws3_p/algorithms) by extension 'colcon_meta'
[0.510s] Level 1:colcon.colcon_core.package_identification:_identify(ws3_p/algorithms) by extensions ['ros']
[0.510s] Level 1:colcon.colcon_core.package_identification:_identify(ws3_p/algorithms) by extension 'ros'
[0.510s] Level 1:colcon.colcon_core.package_identification:_identify(ws3_p/algorithms) by extensions ['cmake', 'python']
[0.510s] Level 1:colcon.colcon_core.package_identification:_identify(ws3_p/algorithms) by extension 'cmake'
[0.510s] Level 1:colcon.colcon_core.package_identification:_identify(ws3_p/algorithms) by extension 'python'
[0.510s] Level 1:colcon.colcon_core.package_identification:_identify(ws3_p/algorithms) by extensions ['python_setup_py']
[0.510s] Level 1:colcon.colcon_core.package_identification:_identify(ws3_p/algorithms) by extension 'python_setup_py'
[0.510s] Level 1:colcon.colcon_core.package_identification:_identify(ws3_p/algorithms/__pycache__) by extensions ['ignore', 'ignore_ament_install']
[0.510s] Level 1:colcon.colcon_core.package_identification:_identify(ws3_p/algorithms/__pycache__) by extension 'ignore'
[0.510s] Level 1:colcon.colcon_core.package_identification:_identify(ws3_p/algorithms/__pycache__) by extension 'ignore_ament_install'
[0.510s] Level 1:colcon.colcon_core.package_identification:_identify(ws3_p/algorithms/__pycache__) by extensions ['colcon_pkg']
[0.510s] Level 1:colcon.colcon_core.package_identification:_identify(ws3_p/algorithms/__pycache__) by extension 'colcon_pkg'
[0.510s] Level 1:colcon.colcon_core.package_identification:_identify(ws3_p/algorithms/__pycache__) by extensions ['colcon_meta']
[0.510s] Level 1:colcon.colcon_core.package_identification:_identify(ws3_p/algorithms/__pycache__) by extension 'colcon_meta'
[0.510s] Level 1:colcon.colcon_core.package_identification:_identify(ws3_p/algorithms/__pycache__) by extensions ['ros']
[0.510s] Level 1:colcon.colcon_core.package_identification:_identify(ws3_p/algorithms/__pycache__) by extension 'ros'
[0.510s] Level 1:colcon.colcon_core.package_identification:_identify(ws3_p/algorithms/__pycache__) by extensions ['cmake', 'python']
[0.510s] Level 1:colcon.colcon_core.package_identification:_identify(ws3_p/algorithms/__pycache__) by extension 'cmake'
[0.510s] Level 1:colcon.colcon_core.package_identification:_identify(ws3_p/algorithms/__pycache__) by extension 'python'
[0.510s] Level 1:colcon.colcon_core.package_identification:_identify(ws3_p/algorithms/__pycache__) by extensions ['python_setup_py']
[0.510s] Level 1:colcon.colcon_core.package_identification:_identify(ws3_p/algorithms/__pycache__) by extension 'python_setup_py'
[0.510s] Level 1:colcon.colcon_core.package_identification:_identify(ws3_p/figuras) by extensions ['ignore', 'ignore_ament_install']
[0.510s] Level 1:colcon.colcon_core.package_identification:_identify(ws3_p/figuras) by extension 'ignore'
[0.510s] Level 1:colcon.colcon_core.package_identification:_identify(ws3_p/figuras) by extension 'ignore_ament_install'
[0.511s] Level 1:colcon.colcon_core.package_identification:_identify(ws3_p/figuras) by extensions ['colcon_pkg']
[0.511s] Level 1:colcon.colcon_core.package_identification:_identify(ws3_p/figuras) by extension 'colcon_pkg'
[0.511s] Level 1:colcon.colcon_core.package_identification:_identify(ws3_p/figuras) by extensions ['colcon_meta']
[0.511s] Level 1:colcon.colcon_core.package_identification:_identify(ws3_p/figuras) by extension 'colcon_meta'
[0.511s] Level 1:colcon.colcon_core.package_identification:_identify(ws3_p/figuras) by extensions ['ros']
[0.511s] Level 1:colcon.colcon_core.package_identification:_identify(ws3_p/figuras) by extension 'ros'
[0.511s] Level 1:colcon.colcon_core.package_identification:_identify(ws3_p/figuras) by extensions ['cmake', 'python']
[0.511s] Level 1:colcon.colcon_core.package_identification:_identify(ws3_p/figuras) by extension 'cmake'
[0.511s] Level 1:colcon.colcon_core.package_identification:_identify(ws3_p/figuras) by extension 'python'
[0.511s] Level 1:colcon.colcon_core.package_identification:_identify(ws3_p/figuras) by extensions ['python_setup_py']
[0.511s] Level 1:colcon.colcon_core.package_identification:_identify(ws3_p/figuras) by extension 'python_setup_py'
[0.511s] Level 1:colcon.colcon_core.package_identification:_identify(ws3_p/figuras/s02b_radio_scan) by extensions ['ignore', 'ignore_ament_install']
[0.511s] Level 1:colcon.colcon_core.package_identification:_identify(ws3_p/figuras/s02b_radio_scan) by extension 'ignore'
[0.511s] Level 1:colcon.colcon_core.package_identification:_identify(ws3_p/figuras/s02b_radio_scan) by extension 'ignore_ament_install'
[0.511s] Level 1:colcon.colcon_core.package_identification:_identify(ws3_p/figuras/s02b_radio_scan) by extensions ['colcon_pkg']
[0.511s] Level 1:colcon.colcon_core.package_identification:_identify(ws3_p/figuras/s02b_radio_scan) by extension 'colcon_pkg'
[0.511s] Level 1:colcon.colcon_core.package_identification:_identify(ws3_p/figuras/s02b_radio_scan) by extensions ['colcon_meta']
[0.511s] Level 1:colcon.colcon_core.package_identification:_identify(ws3_p/figuras/s02b_radio_scan) by extension 'colcon_meta'
[0.511s] Level 1:colcon.colcon_core.package_identification:_identify(ws3_p/figuras/s02b_radio_scan) by extensions ['ros']
[0.511s] Level 1:colcon.colcon_core.package_identification:_identify(ws3_p/figuras/s02b_radio_scan) by extension 'ros'
[0.511s] Level 1:colcon.colcon_core.package_identification:_identify(ws3_p/figuras/s02b_radio_scan) by extensions ['cmake', 'python']
[0.511s] Level 1:colcon.colcon_core.package_identification:_identify(ws3_p/figuras/s02b_radio_scan) by extension 'cmake'
[0.511s] Level 1:colcon.colcon_core.package_identification:_identify(ws3_p/figuras/s02b_radio_scan) by extension 'python'
[0.511s] Level 1:colcon.colcon_core.package_identification:_identify(ws3_p/figuras/s02b_radio_scan) by extensions ['python_setup_py']
[0.511s] Level 1:colcon.colcon_core.package_identification:_identify(ws3_p/figuras/s02b_radio_scan) by extension 'python_setup_py'
[0.512s] Level 1:colcon.colcon_core.package_identification:_identify(ws3_p/figuras/s03_pivot_90) by extensions ['ignore', 'ignore_ament_install']
[0.512s] Level 1:colcon.colcon_core.package_identification:_identify(ws3_p/figuras/s03_pivot_90) by extension 'ignore'
[0.512s] Level 1:colcon.colcon_core.package_identification:_identify(ws3_p/figuras/s03_pivot_90) by extension 'ignore_ament_install'
[0.512s] Level 1:colcon.colcon_core.package_identification:_identify(ws3_p/figuras/s03_pivot_90) by extensions ['colcon_pkg']
[0.512s] Level 1:colcon.colcon_core.package_identification:_identify(ws3_p/figuras/s03_pivot_90) by extension 'colcon_pkg'
[0.512s] Level 1:colcon.colcon_core.package_identification:_identify(ws3_p/figuras/s03_pivot_90) by extensions ['colcon_meta']
[0.512s] Level 1:colcon.colcon_core.package_identification:_identify(ws3_p/figuras/s03_pivot_90) by extension 'colcon_meta'
[0.512s] Level 1:colcon.colcon_core.package_identification:_identify(ws3_p/figuras/s03_pivot_90) by extensions ['ros']
[0.512s] Level 1:colcon.colcon_core.package_identification:_identify(ws3_p/figuras/s03_pivot_90) by extension 'ros'
[0.512s] Level 1:colcon.colcon_core.package_identification:_identify(ws3_p/figuras/s03_pivot_90) by extensions ['cmake', 'python']
[0.512s] Level 1:colcon.colcon_core.package_identification:_identify(ws3_p/figuras/s03_pivot_90) by extension 'cmake'
[0.512s] Level 1:colcon.colcon_core.package_identification:_identify(ws3_p/figuras/s03_pivot_90) by extension 'python'
[0.512s] Level 1:colcon.colcon_core.package_identification:_identify(ws3_p/figuras/s03_pivot_90) by extensions ['python_setup_py']
[0.512s] Level 1:colcon.colcon_core.package_identification:_identify(ws3_p/figuras/s03_pivot_90) by extension 'python_setup_py'
[0.512s] Level 1:colcon.colcon_core.package_identification:_identify(ws3_p/figuras/s03_scan) by extensions ['ignore', 'ignore_ament_install']
[0.512s] Level 1:colcon.colcon_core.package_identification:_identify(ws3_p/figuras/s03_scan) by extension 'ignore'
[0.512s] Level 1:colcon.colcon_core.package_identification:_identify(ws3_p/figuras/s03_scan) by extension 'ignore_ament_install'
[0.512s] Level 1:colcon.colcon_core.package_identification:_identify(ws3_p/figuras/s03_scan) by extensions ['colcon_pkg']
[0.512s] Level 1:colcon.colcon_core.package_identification:_identify(ws3_p/figuras/s03_scan) by extension 'colcon_pkg'
[0.512s] Level 1:colcon.colcon_core.package_identification:_identify(ws3_p/figuras/s03_scan) by extensions ['colcon_meta']
[0.512s] Level 1:colcon.colcon_core.package_identification:_identify(ws3_p/figuras/s03_scan) by extension 'colcon_meta'
[0.512s] Level 1:colcon.colcon_core.package_identification:_identify(ws3_p/figuras/s03_scan) by extensions ['ros']
[0.512s] Level 1:colcon.colcon_core.package_identification:_identify(ws3_p/figuras/s03_scan) by extension 'ros'
[0.513s] Level 1:colcon.colcon_core.package_identification:_identify(ws3_p/figuras/s03_scan) by extensions ['cmake', 'python']
[0.513s] Level 1:colcon.colcon_core.package_identification:_identify(ws3_p/figuras/s03_scan) by extension 'cmake'
[0.513s] Level 1:colcon.colcon_core.package_identification:_identify(ws3_p/figuras/s03_scan) by extension 'python'
[0.513s] Level 1:colcon.colcon_core.package_identification:_identify(ws3_p/figuras/s03_scan) by extensions ['python_setup_py']
[0.513s] Level 1:colcon.colcon_core.package_identification:_identify(ws3_p/figuras/s03_scan) by extension 'python_setup_py'
[0.513s] Level 1:colcon.colcon_core.package_identification:_identify(ws3_p/figuras/s04_circulo_pivote) by extensions ['ignore', 'ignore_ament_install']
[0.513s] Level 1:colcon.colcon_core.package_identification:_identify(ws3_p/figuras/s04_circulo_pivote) by extension 'ignore'
[0.513s] Level 1:colcon.colcon_core.package_identification:_identify(ws3_p/figuras/s04_circulo_pivote) by extension 'ignore_ament_install'
[0.513s] Level 1:colcon.colcon_core.package_identification:_identify(ws3_p/figuras/s04_circulo_pivote) by extensions ['colcon_pkg']
[0.513s] Level 1:colcon.colcon_core.package_identification:_identify(ws3_p/figuras/s04_circulo_pivote) by extension 'colcon_pkg'
[0.513s] Level 1:colcon.colcon_core.package_identification:_identify(ws3_p/figuras/s04_circulo_pivote) by extensions ['colcon_meta']
[0.513s] Level 1:colcon.colcon_core.package_identification:_identify(ws3_p/figuras/s04_circulo_pivote) by extension 'colcon_meta'
[0.513s] Level 1:colcon.colcon_core.package_identification:_identify(ws3_p/figuras/s04_circulo_pivote) by extensions ['ros']
[0.513s] Level 1:colcon.colcon_core.package_identification:_identify(ws3_p/figuras/s04_circulo_pivote) by extension 'ros'
[0.513s] Level 1:colcon.colcon_core.package_identification:_identify(ws3_p/figuras/s04_circulo_pivote) by extensions ['cmake', 'python']
[0.513s] Level 1:colcon.colcon_core.package_identification:_identify(ws3_p/figuras/s04_circulo_pivote) by extension 'cmake'
[0.513s] Level 1:colcon.colcon_core.package_identification:_identify(ws3_p/figuras/s04_circulo_pivote) by extension 'python'
[0.513s] Level 1:colcon.colcon_core.package_identification:_identify(ws3_p/figuras/s04_circulo_pivote) by extensions ['python_setup_py']
[0.513s] Level 1:colcon.colcon_core.package_identification:_identify(ws3_p/figuras/s04_circulo_pivote) by extension 'python_setup_py'
[0.513s] Level 1:colcon.colcon_core.package_identification:_identify(ws3_p/figuras/s05_circulo) by extensions ['ignore', 'ignore_ament_install']
[0.514s] Level 1:colcon.colcon_core.package_identification:_identify(ws3_p/figuras/s05_circulo) by extension 'ignore'
[0.514s] Level 1:colcon.colcon_core.package_identification:_identify(ws3_p/figuras/s05_circulo) by extension 'ignore_ament_install'
[0.514s] Level 1:colcon.colcon_core.package_identification:_identify(ws3_p/figuras/s05_circulo) by extensions ['colcon_pkg']
[0.514s] Level 1:colcon.colcon_core.package_identification:_identify(ws3_p/figuras/s05_circulo) by extension 'colcon_pkg'
[0.514s] Level 1:colcon.colcon_core.package_identification:_identify(ws3_p/figuras/s05_circulo) by extensions ['colcon_meta']
[0.514s] Level 1:colcon.colcon_core.package_identification:_identify(ws3_p/figuras/s05_circulo) by extension 'colcon_meta'
[0.514s] Level 1:colcon.colcon_core.package_identification:_identify(ws3_p/figuras/s05_circulo) by extensions ['ros']
[0.514s] Level 1:colcon.colcon_core.package_identification:_identify(ws3_p/figuras/s05_circulo) by extension 'ros'
[0.514s] Level 1:colcon.colcon_core.package_identification:_identify(ws3_p/figuras/s05_circulo) by extensions ['cmake', 'python']
[0.514s] Level 1:colcon.colcon_core.package_identification:_identify(ws3_p/figuras/s05_circulo) by extension 'cmake'
[0.514s] Level 1:colcon.colcon_core.package_identification:_identify(ws3_p/figuras/s05_circulo) by extension 'python'
[0.514s] Level 1:colcon.colcon_core.package_identification:_identify(ws3_p/figuras/s05_circulo) by extensions ['python_setup_py']
[0.514s] Level 1:colcon.colcon_core.package_identification:_identify(ws3_p/figuras/s05_circulo) by extension 'python_setup_py'
[0.514s] Level 1:colcon.colcon_core.package_identification:_identify(ws3_p/figuras/s05_formacion_inicial) by extensions ['ignore', 'ignore_ament_install']
[0.514s] Level 1:colcon.colcon_core.package_identification:_identify(ws3_p/figuras/s05_formacion_inicial) by extension 'ignore'
[0.514s] Level 1:colcon.colcon_core.package_identification:_identify(ws3_p/figuras/s05_formacion_inicial) by extension 'ignore_ament_install'
[0.514s] Level 1:colcon.colcon_core.package_identification:_identify(ws3_p/figuras/s05_formacion_inicial) by extensions ['colcon_pkg']
[0.514s] Level 1:colcon.colcon_core.package_identification:_identify(ws3_p/figuras/s05_formacion_inicial) by extension 'colcon_pkg'
[0.514s] Level 1:colcon.colcon_core.package_identification:_identify(ws3_p/figuras/s05_formacion_inicial) by extensions ['colcon_meta']
[0.514s] Level 1:colcon.colcon_core.package_identification:_identify(ws3_p/figuras/s05_formacion_inicial) by extension 'colcon_meta'
[0.514s] Level 1:colcon.colcon_core.package_identification:_identify(ws3_p/figuras/s05_formacion_inicial) by extensions ['ros']
[0.514s] Level 1:colcon.colcon_core.package_identification:_identify(ws3_p/figuras/s05_formacion_inicial) by extension 'ros'
[0.515s] Level 1:colcon.colcon_core.package_identification:_identify(ws3_p/figuras/s05_formacion_inicial) by extensions ['cmake', 'python']
[0.515s] Level 1:colcon.colcon_core.package_identification:_identify(ws3_p/figuras/s05_formacion_inicial) by extension 'cmake'
[0.515s] Level 1:colcon.colcon_core.package_identification:_identify(ws3_p/figuras/s05_formacion_inicial) by extension 'python'
[0.515s] Level 1:colcon.colcon_core.package_identification:_identify(ws3_p/figuras/s05_formacion_inicial) by extensions ['python_setup_py']
[0.515s] Level 1:colcon.colcon_core.package_identification:_identify(ws3_p/figuras/s05_formacion_inicial) by extension 'python_setup_py'
[0.515s] Level 1:colcon.colcon_core.package_identification:_identify(ws3_p/robots) by extensions ['ignore', 'ignore_ament_install']
[0.515s] Level 1:colcon.colcon_core.package_identification:_identify(ws3_p/robots) by extension 'ignore'
[0.515s] Level 1:colcon.colcon_core.package_identification:_identify(ws3_p/robots) by extension 'ignore_ament_install'
[0.515s] Level 1:colcon.colcon_core.package_identification:_identify(ws3_p/robots) by extensions ['colcon_pkg']
[0.515s] Level 1:colcon.colcon_core.package_identification:_identify(ws3_p/robots) by extension 'colcon_pkg'
[0.515s] Level 1:colcon.colcon_core.package_identification:_identify(ws3_p/robots) by extensions ['colcon_meta']
[0.515s] Level 1:colcon.colcon_core.package_identification:_identify(ws3_p/robots) by extension 'colcon_meta'
[0.515s] Level 1:colcon.colcon_core.package_identification:_identify(ws3_p/robots) by extensions ['ros']
[0.515s] Level 1:colcon.colcon_core.package_identification:_identify(ws3_p/robots) by extension 'ros'
[0.515s] Level 1:colcon.colcon_core.package_identification:_identify(ws3_p/robots) by extensions ['cmake', 'python']
[0.515s] Level 1:colcon.colcon_core.package_identification:_identify(ws3_p/robots) by extension 'cmake'
[0.515s] Level 1:colcon.colcon_core.package_identification:_identify(ws3_p/robots) by extension 'python'
[0.515s] Level 1:colcon.colcon_core.package_identification:_identify(ws3_p/robots) by extensions ['python_setup_py']
[0.515s] Level 1:colcon.colcon_core.package_identification:_identify(ws3_p/robots) by extension 'python_setup_py'
[0.515s] Level 1:colcon.colcon_core.package_identification:_identify(ws3_p/robots/__pycache__) by extensions ['ignore', 'ignore_ament_install']
[0.516s] Level 1:colcon.colcon_core.package_identification:_identify(ws3_p/robots/__pycache__) by extension 'ignore'
[0.516s] Level 1:colcon.colcon_core.package_identification:_identify(ws3_p/robots/__pycache__) by extension 'ignore_ament_install'
[0.516s] Level 1:colcon.colcon_core.package_identification:_identify(ws3_p/robots/__pycache__) by extensions ['colcon_pkg']
[0.516s] Level 1:colcon.colcon_core.package_identification:_identify(ws3_p/robots/__pycache__) by extension 'colcon_pkg'
[0.516s] Level 1:colcon.colcon_core.package_identification:_identify(ws3_p/robots/__pycache__) by extensions ['colcon_meta']
[0.516s] Level 1:colcon.colcon_core.package_identification:_identify(ws3_p/robots/__pycache__) by extension 'colcon_meta'
[0.516s] Level 1:colcon.colcon_core.package_identification:_identify(ws3_p/robots/__pycache__) by extensions ['ros']
[0.516s] Level 1:colcon.colcon_core.package_identification:_identify(ws3_p/robots/__pycache__) by extension 'ros'
[0.516s] Level 1:colcon.colcon_core.package_identification:_identify(ws3_p/robots/__pycache__) by extensions ['cmake', 'python']
[0.516s] Level 1:colcon.colcon_core.package_identification:_identify(ws3_p/robots/__pycache__) by extension 'cmake'
[0.516s] Level 1:colcon.colcon_core.package_identification:_identify(ws3_p/robots/__pycache__) by extension 'python'
[0.516s] Level 1:colcon.colcon_core.package_identification:_identify(ws3_p/robots/__pycache__) by extensions ['python_setup_py']
[0.516s] Level 1:colcon.colcon_core.package_identification:_identify(ws3_p/robots/__pycache__) by extension 'python_setup_py'
[0.516s] Level 1:colcon.colcon_core.package_identification:_identify(ws3_p/scenarios) by extensions ['ignore', 'ignore_ament_install']
[0.516s] Level 1:colcon.colcon_core.package_identification:_identify(ws3_p/scenarios) by extension 'ignore'
[0.516s] Level 1:colcon.colcon_core.package_identification:_identify(ws3_p/scenarios) by extension 'ignore_ament_install'
[0.516s] Level 1:colcon.colcon_core.package_identification:_identify(ws3_p/scenarios) by extensions ['colcon_pkg']
[0.516s] Level 1:colcon.colcon_core.package_identification:_identify(ws3_p/scenarios) by extension 'colcon_pkg'
[0.516s] Level 1:colcon.colcon_core.package_identification:_identify(ws3_p/scenarios) by extensions ['colcon_meta']
[0.516s] Level 1:colcon.colcon_core.package_identification:_identify(ws3_p/scenarios) by extension 'colcon_meta'
[0.516s] Level 1:colcon.colcon_core.package_identification:_identify(ws3_p/scenarios) by extensions ['ros']
[0.516s] Level 1:colcon.colcon_core.package_identification:_identify(ws3_p/scenarios) by extension 'ros'
[0.516s] Level 1:colcon.colcon_core.package_identification:_identify(ws3_p/scenarios) by extensions ['cmake', 'python']
[0.516s] Level 1:colcon.colcon_core.package_identification:_identify(ws3_p/scenarios) by extension 'cmake'
[0.517s] Level 1:colcon.colcon_core.package_identification:_identify(ws3_p/scenarios) by extension 'python'
[0.517s] Level 1:colcon.colcon_core.package_identification:_identify(ws3_p/scenarios) by extensions ['python_setup_py']
[0.517s] Level 1:colcon.colcon_core.package_identification:_identify(ws3_p/scenarios) by extension 'python_setup_py'
[0.517s] Level 1:colcon.colcon_core.package_identification:_identify(ws3_p/sim) by extensions ['ignore', 'ignore_ament_install']
[0.517s] Level 1:colcon.colcon_core.package_identification:_identify(ws3_p/sim) by extension 'ignore'
[0.517s] Level 1:colcon.colcon_core.package_identification:_identify(ws3_p/sim) by extension 'ignore_ament_install'
[0.517s] Level 1:colcon.colcon_core.package_identification:_identify(ws3_p/sim) by extensions ['colcon_pkg']
[0.517s] Level 1:colcon.colcon_core.package_identification:_identify(ws3_p/sim) by extension 'colcon_pkg'
[0.517s] Level 1:colcon.colcon_core.package_identification:_identify(ws3_p/sim) by extensions ['colcon_meta']
[0.517s] Level 1:colcon.colcon_core.package_identification:_identify(ws3_p/sim) by extension 'colcon_meta'
[0.517s] Level 1:colcon.colcon_core.package_identification:_identify(ws3_p/sim) by extensions ['ros']
[0.517s] Level 1:colcon.colcon_core.package_identification:_identify(ws3_p/sim) by extension 'ros'
[0.517s] Level 1:colcon.colcon_core.package_identification:_identify(ws3_p/sim) by extensions ['cmake', 'python']
[0.517s] Level 1:colcon.colcon_core.package_identification:_identify(ws3_p/sim) by extension 'cmake'
[0.517s] Level 1:colcon.colcon_core.package_identification:_identify(ws3_p/sim) by extension 'python'
[0.517s] Level 1:colcon.colcon_core.package_identification:_identify(ws3_p/sim) by extensions ['python_setup_py']
[0.517s] Level 1:colcon.colcon_core.package_identification:_identify(ws3_p/sim) by extension 'python_setup_py'
[0.517s] Level 1:colcon.colcon_core.package_identification:_identify(ws3_p/sim/__pycache__) by extensions ['ignore', 'ignore_ament_install']
[0.517s] Level 1:colcon.colcon_core.package_identification:_identify(ws3_p/sim/__pycache__) by extension 'ignore'
[0.517s] Level 1:colcon.colcon_core.package_identification:_identify(ws3_p/sim/__pycache__) by extension 'ignore_ament_install'
[0.517s] Level 1:colcon.colcon_core.package_identification:_identify(ws3_p/sim/__pycache__) by extensions ['colcon_pkg']
[0.517s] Level 1:colcon.colcon_core.package_identification:_identify(ws3_p/sim/__pycache__) by extension 'colcon_pkg'
[0.518s] Level 1:colcon.colcon_core.package_identification:_identify(ws3_p/sim/__pycache__) by extensions ['colcon_meta']
[0.518s] Level 1:colcon.colcon_core.package_identification:_identify(ws3_p/sim/__pycache__) by extension 'colcon_meta'
[0.518s] Level 1:colcon.colcon_core.package_identification:_identify(ws3_p/sim/__pycache__) by extensions ['ros']
[0.518s] Level 1:colcon.colcon_core.package_identification:_identify(ws3_p/sim/__pycache__) by extension 'ros'
[0.518s] Level 1:colcon.colcon_core.package_identification:_identify(ws3_p/sim/__pycache__) by extensions ['cmake', 'python']
[0.518s] Level 1:colcon.colcon_core.package_identification:_identify(ws3_p/sim/__pycache__) by extension 'cmake'
[0.518s] Level 1:colcon.colcon_core.package_identification:_identify(ws3_p/sim/__pycache__) by extension 'python'
[0.518s] Level 1:colcon.colcon_core.package_identification:_identify(ws3_p/sim/__pycache__) by extensions ['python_setup_py']
[0.518s] Level 1:colcon.colcon_core.package_identification:_identify(ws3_p/sim/__pycache__) by extension 'python_setup_py'
[0.518s] Level 1:colcon.colcon_core.package_identification:_identify(ws3_p/viz) by extensions ['ignore', 'ignore_ament_install']
[0.518s] Level 1:colcon.colcon_core.package_identification:_identify(ws3_p/viz) by extension 'ignore'
[0.518s] Level 1:colcon.colcon_core.package_identification:_identify(ws3_p/viz) by extension 'ignore_ament_install'
[0.518s] Level 1:colcon.colcon_core.package_identification:_identify(ws3_p/viz) by extensions ['colcon_pkg']
[0.518s] Level 1:colcon.colcon_core.package_identification:_identify(ws3_p/viz) by extension 'colcon_pkg'
[0.518s] Level 1:colcon.colcon_core.package_identification:_identify(ws3_p/viz) by extensions ['colcon_meta']
[0.518s] Level 1:colcon.colcon_core.package_identification:_identify(ws3_p/viz) by extension 'colcon_meta'
[0.518s] Level 1:colcon.colcon_core.package_identification:_identify(ws3_p/viz) by extensions ['ros']
[0.518s] Level 1:colcon.colcon_core.package_identification:_identify(ws3_p/viz) by extension 'ros'
[0.518s] Level 1:colcon.colcon_core.package_identification:_identify(ws3_p/viz) by extensions ['cmake', 'python']
[0.518s] Level 1:colcon.colcon_core.package_identification:_identify(ws3_p/viz) by extension 'cmake'
[0.518s] Level 1:colcon.colcon_core.package_identification:_identify(ws3_p/viz) by extension 'python'
[0.518s] Level 1:colcon.colcon_core.package_identification:_identify(ws3_p/viz) by extensions ['python_setup_py']
[0.518s] Level 1:colcon.colcon_core.package_identification:_identify(ws3_p/viz) by extension 'python_setup_py'
[0.518s] Level 1:colcon.colcon_core.package_identification:_identify(ws3_p/viz/__pycache__) by extensions ['ignore', 'ignore_ament_install']
[0.519s] Level 1:colcon.colcon_core.package_identification:_identify(ws3_p/viz/__pycache__) by extension 'ignore'
[0.519s] Level 1:colcon.colcon_core.package_identification:_identify(ws3_p/viz/__pycache__) by extension 'ignore_ament_install'
[0.519s] Level 1:colcon.colcon_core.package_identification:_identify(ws3_p/viz/__pycache__) by extensions ['colcon_pkg']
[0.519s] Level 1:colcon.colcon_core.package_identification:_identify(ws3_p/viz/__pycache__) by extension 'colcon_pkg'
[0.519s] Level 1:colcon.colcon_core.package_identification:_identify(ws3_p/viz/__pycache__) by extensions ['colcon_meta']
[0.519s] Level 1:colcon.colcon_core.package_identification:_identify(ws3_p/viz/__pycache__) by extension 'colcon_meta'
[0.519s] Level 1:colcon.colcon_core.package_identification:_identify(ws3_p/viz/__pycache__) by extensions ['ros']
[0.519s] Level 1:colcon.colcon_core.package_identification:_identify(ws3_p/viz/__pycache__) by extension 'ros'
[0.519s] Level 1:colcon.colcon_core.package_identification:_identify(ws3_p/viz/__pycache__) by extensions ['cmake', 'python']
[0.519s] Level 1:colcon.colcon_core.package_identification:_identify(ws3_p/viz/__pycache__) by extension 'cmake'
[0.519s] Level 1:colcon.colcon_core.package_identification:_identify(ws3_p/viz/__pycache__) by extension 'python'
[0.519s] Level 1:colcon.colcon_core.package_identification:_identify(ws3_p/viz/__pycache__) by extensions ['python_setup_py']
[0.519s] Level 1:colcon.colcon_core.package_identification:_identify(ws3_p/viz/__pycache__) by extension 'python_setup_py'
[0.519s] Level 1:colcon.colcon_core.package_discovery:discover_packages(recursive) using defaults
[0.519s] Level 1:colcon.colcon_core.package_discovery:discover_packages(ignore) discover
[0.519s] Level 1:colcon.colcon_core.package_discovery:discover_packages(ignore) using defaults
[0.519s] Level 1:colcon.colcon_core.package_discovery:discover_packages(path) discover
[0.519s] Level 1:colcon.colcon_core.package_discovery:discover_packages(path) using defaults
[0.549s] Level 1:colcon.colcon_core.package_discovery:discover_packages(prefix_path) check parameters
[0.549s] Level 1:colcon.colcon_core.package_discovery:discover_packages(prefix_path) discover
[0.551s] DEBUG:colcon.colcon_installed_package_information.package_discovery:Found 4 installed packages in /home/calafaker/Control-Formation/ws3/install
[0.551s] DEBUG:colcon.colcon_installed_package_information.package_discovery:Found 1 installed packages in /home/calafaker/Control-Formation/install
[0.552s] DEBUG:colcon.colcon_installed_package_information.package_discovery:Found 282 installed packages in /opt/ros/humble
[0.554s] Level 1:colcon.colcon_core.package_discovery:discover_packages(prefix_path) using defaults
[0.586s] Level 5:colcon.colcon_core.verb:set package 'articubot_one' build argument 'cmake_args' from command line to 'None'
[0.586s] Level 5:colcon.colcon_core.verb:set package 'articubot_one' build argument 'cmake_target' from command line to 'None'
[0.586s] Level 5:colcon.colcon_core.verb:set package 'articubot_one' build argument 'cmake_target_skip_unavailable' from command line to 'False'
[0.586s] Level 5:colcon.colcon_core.verb:set package 'articubot_one' build argument 'cmake_clean_cache' from command line to 'False'
[0.586s] Level 5:colcon.colcon_core.verb:set package 'articubot_one' build argument 'cmake_clean_first' from command line to 'False'
[0.586s] Level 5:colcon.colcon_core.verb:set package 'articubot_one' build argument 'cmake_force_configure' from command line to 'False'
[0.586s] Level 5:colcon.colcon_core.verb:set package 'articubot_one' build argument 'ament_cmake_args' from command line to 'None'
[0.586s] Level 5:colcon.colcon_core.verb:set package 'articubot_one' build argument 'catkin_cmake_args' from command line to 'None'
[0.586s] Level 5:colcon.colcon_core.verb:set package 'articubot_one' build argument 'catkin_skip_building_tests' from command line to 'False'
[0.586s] DEBUG:colcon.colcon_core.verb:Building package 'articubot_one' with the following arguments: {'ament_cmake_args': None, 'build_base': '/home/calafaker/Control-Formation/ws3/build/articubot_one', 'catkin_cmake_args': None, 'catkin_skip_building_tests': False, 'cmake_args': None, 'cmake_clean_cache': False, 'cmake_clean_first': False, 'cmake_force_configure': False, 'cmake_target': None, 'cmake_target_skip_unavailable': False, 'install_base': '/home/calafaker/Control-Formation/ws3/install/articubot_one', 'merge_install': False, 'path': '/home/calafaker/Control-Formation/ws3/src/articubot_one', 'symlink_install': False, 'test_result_base': None}
[0.586s] Level 5:colcon.colcon_core.verb:set package 'multi_robot_interfaces' build argument 'cmake_args' from command line to 'None'
[0.586s] Level 5:colcon.colcon_core.verb:set package 'multi_robot_interfaces' build argument 'cmake_target' from command line to 'None'
[0.586s] Level 5:colcon.colcon_core.verb:set package 'multi_robot_interfaces' build argument 'cmake_target_skip_unavailable' from command line to 'False'
[0.586s] Level 5:colcon.colcon_core.verb:set package 'multi_robot_interfaces' build argument 'cmake_clean_cache' from command line to 'False'
[0.587s] Level 5:colcon.colcon_core.verb:set package 'multi_robot_interfaces' build argument 'cmake_clean_first' from command line to 'False'
[0.587s] Level 5:colcon.colcon_core.verb:set package 'multi_robot_interfaces' build argument 'cmake_force_configure' from command line to 'False'
[0.587s] Level 5:colcon.colcon_core.verb:set package 'multi_robot_interfaces' build argument 'ament_cmake_args' from command line to 'None'
[0.587s] Level 5:colcon.colcon_core.verb:set package 'multi_robot_interfaces' build argument 'catkin_cmake_args' from command line to 'None'
[0.587s] Level 5:colcon.colcon_core.verb:set package 'multi_robot_interfaces' build argument 'catkin_skip_building_tests' from command line to 'False'
[0.587s] DEBUG:colcon.colcon_core.verb:Building package 'multi_robot_interfaces' with the following arguments: {'ament_cmake_args': None, 'build_base': '/home/calafaker/Control-Formation/ws3/build/multi_robot_interfaces', 'catkin_cmake_args': None, 'catkin_skip_building_tests': False, 'cmake_args': None, 'cmake_clean_cache': False, 'cmake_clean_first': False, 'cmake_force_configure': False, 'cmake_target': None, 'cmake_target_skip_unavailable': False, 'install_base': '/home/calafaker/Control-Formation/ws3/install/multi_robot_interfaces', 'merge_install': False, 'path': '/home/calafaker/Control-Formation/ws3/src/multi_robot_interfaces', 'symlink_install': False, 'test_result_base': None}
[0.587s] Level 5:colcon.colcon_core.verb:set package 'control_nodes' build argument 'cmake_args' from command line to 'None'
[0.587s] Level 5:colcon.colcon_core.verb:set package 'control_nodes' build argument 'cmake_target' from command line to 'None'
[0.587s] Level 5:colcon.colcon_core.verb:set package 'control_nodes' build argument 'cmake_target_skip_unavailable' from command line to 'False'
[0.587s] Level 5:colcon.colcon_core.verb:set package 'control_nodes' build argument 'cmake_clean_cache' from command line to 'False'
[0.587s] Level 5:colcon.colcon_core.verb:set package 'control_nodes' build argument 'cmake_clean_first' from command line to 'False'
[0.587s] Level 5:colcon.colcon_core.verb:set package 'control_nodes' build argument 'cmake_force_configure' from command line to 'False'
[0.587s] Level 5:colcon.colcon_core.verb:set package 'control_nodes' build argument 'ament_cmake_args' from command line to 'None'
[0.587s] Level 5:colcon.colcon_core.verb:set package 'control_nodes' build argument 'catkin_cmake_args' from command line to 'None'
[0.587s] Level 5:colcon.colcon_core.verb:set package 'control_nodes' build argument 'catkin_skip_building_tests' from command line to 'False'
[0.587s] DEBUG:colcon.colcon_core.verb:Building package 'control_nodes' with the following arguments: {'ament_cmake_args': None, 'build_base': '/home/calafaker/Control-Formation/ws3/build/control_nodes', 'catkin_cmake_args': None, 'catkin_skip_building_tests': False, 'cmake_args': None, 'cmake_clean_cache': False, 'cmake_clean_first': False, 'cmake_force_configure': False, 'cmake_target': None, 'cmake_target_skip_unavailable': False, 'install_base': '/home/calafaker/Control-Formation/ws3/install/control_nodes', 'merge_install': False, 'path': '/home/calafaker/Control-Formation/ws3/src/control_nodes', 'symlink_install': False, 'test_result_base': None}
[0.587s] Level 5:colcon.colcon_core.verb:set package 'simulador' build argument 'cmake_args' from command line to 'None'
[0.587s] Level 5:colcon.colcon_core.verb:set package 'simulador' build argument 'cmake_target' from command line to 'None'
[0.587s] Level 5:colcon.colcon_core.verb:set package 'simulador' build argument 'cmake_target_skip_unavailable' from command line to 'False'
[0.587s] Level 5:colcon.colcon_core.verb:set package 'simulador' build argument 'cmake_clean_cache' from command line to 'False'
[0.587s] Level 5:colcon.colcon_core.verb:set package 'simulador' build argument 'cmake_clean_first' from command line to 'False'
[0.587s] Level 5:colcon.colcon_core.verb:set package 'simulador' build argument 'cmake_force_configure' from command line to 'False'
[0.587s] Level 5:colcon.colcon_core.verb:set package 'simulador' build argument 'ament_cmake_args' from command line to 'None'
[0.588s] Level 5:colcon.colcon_core.verb:set package 'simulador' build argument 'catkin_cmake_args' from command line to 'None'
[0.588s] Level 5:colcon.colcon_core.verb:set package 'simulador' build argument 'catkin_skip_building_tests' from command line to 'False'
[0.588s] DEBUG:colcon.colcon_core.verb:Building package 'simulador' with the following arguments: {'ament_cmake_args': None, 'build_base': '/home/calafaker/Control-Formation/ws3/build/simulador', 'catkin_cmake_args': None, 'catkin_skip_building_tests': False, 'cmake_args': None, 'cmake_clean_cache': False, 'cmake_clean_first': False, 'cmake_force_configure': False, 'cmake_target': None, 'cmake_target_skip_unavailable': False, 'install_base': '/home/calafaker/Control-Formation/ws3/install/simulador', 'merge_install': False, 'path': '/home/calafaker/Control-Formation/ws3/src/simulador', 'symlink_install': False, 'test_result_base': None}
[0.588s] INFO:colcon.colcon_core.executor:Executing jobs using 'parallel' executor
[0.589s] DEBUG:colcon.colcon_parallel_executor.executor.parallel:run_until_complete
[0.589s] INFO:colcon.colcon_ros.task.ament_cmake.build:Building ROS package in '/home/calafaker/Control-Formation/ws3/src/multi_robot_interfaces' with build type 'ament_cmake'
[0.590s] INFO:colcon.colcon_cmake.task.cmake.build:Building CMake package in '/home/calafaker/Control-Formation/ws3/src/multi_robot_interfaces'
[0.596s] INFO:colcon.colcon_core.plugin_system:Skipping extension 'colcon_core.shell.bat': Not used on non-Windows systems
[0.596s] INFO:colcon.colcon_core.shell:Skip shell extension 'powershell' for command environment: Not usable outside of PowerShell
[0.596s] DEBUG:colcon.colcon_core.shell:Skip shell extension 'dsv' for command environment
[0.602s] INFO:colcon.colcon_ros.task.ament_cmake.build:Building ROS package in '/home/calafaker/Control-Formation/ws3/src/articubot_one' with build type 'ament_cmake'
[0.603s] INFO:colcon.colcon_cmake.task.cmake.build:Building CMake package in '/home/calafaker/Control-Formation/ws3/src/articubot_one'
[0.603s] INFO:colcon.colcon_core.shell:Skip shell extension 'powershell' for command environment: Not usable outside of PowerShell
[0.603s] DEBUG:colcon.colcon_core.shell:Skip shell extension 'dsv' for command environment
[0.617s] DEBUG:colcon.colcon_core.event_handler.log_command:Invoking command in '/home/calafaker/Control-Formation/ws3/build/multi_robot_interfaces': CMAKE_PREFIX_PATH=${CMAKE_PREFIX_PATH}:/home/calafaker/Control-Formation/ws3/install/simulador:/home/calafaker/Control-Formation/ws3/install/control_nodes:/opt/ros/humble /usr/bin/cmake --build /home/calafaker/Control-Formation/ws3/build/multi_robot_interfaces -- -j16 -l16
[0.622s] DEBUG:colcon.colcon_core.event_handler.log_command:Invoking command in '/home/calafaker/Control-Formation/ws3/build/articubot_one': CMAKE_PREFIX_PATH=${CMAKE_PREFIX_PATH}:/home/calafaker/Control-Formation/ws3/install/simulador:/home/calafaker/Control-Formation/ws3/install/control_nodes:/opt/ros/humble /usr/bin/cmake --build /home/calafaker/Control-Formation/ws3/build/articubot_one -- -j16 -l16
[0.682s] DEBUG:colcon.colcon_core.event_handler.log_command:Invoked command in '/home/calafaker/Control-Formation/ws3/build/articubot_one' returned '0': CMAKE_PREFIX_PATH=${CMAKE_PREFIX_PATH}:/home/calafaker/Control-Formation/ws3/install/simulador:/home/calafaker/Control-Formation/ws3/install/control_nodes:/opt/ros/humble /usr/bin/cmake --build /home/calafaker/Control-Formation/ws3/build/articubot_one -- -j16 -l16
[0.694s] DEBUG:colcon.colcon_core.event_handler.log_command:Invoking command in '/home/calafaker/Control-Formation/ws3/build/articubot_one': CMAKE_PREFIX_PATH=${CMAKE_PREFIX_PATH}:/home/calafaker/Control-Formation/ws3/install/simulador:/home/calafaker/Control-Formation/ws3/install/control_nodes:/opt/ros/humble /usr/bin/cmake --install /home/calafaker/Control-Formation/ws3/build/articubot_one
[0.708s] Level 1:colcon.colcon_core.environment:create_environment_scripts_only(articubot_one)
[0.709s] DEBUG:colcon.colcon_core.event_handler.log_command:Invoked command in '/home/calafaker/Control-Formation/ws3/build/articubot_one' returned '0': CMAKE_PREFIX_PATH=${CMAKE_PREFIX_PATH}:/home/calafaker/Control-Formation/ws3/install/simulador:/home/calafaker/Control-Formation/ws3/install/control_nodes:/opt/ros/humble /usr/bin/cmake --install /home/calafaker/Control-Formation/ws3/build/articubot_one
[0.717s] Level 1:colcon.colcon_core.environment:checking '/home/calafaker/Control-Formation/ws3/install/articubot_one' for CMake module files
[0.717s] Level 1:colcon.colcon_core.environment:checking '/home/calafaker/Control-Formation/ws3/install/articubot_one' for CMake config files
[0.718s] Level 1:colcon.colcon_core.shell:create_environment_hook('articubot_one', 'cmake_prefix_path')
[0.718s] INFO:colcon.colcon_core.shell:Creating environment hook '/home/calafaker/Control-Formation/ws3/install/articubot_one/share/articubot_one/hook/cmake_prefix_path.ps1'
[0.721s] INFO:colcon.colcon_core.shell:Creating environment descriptor '/home/calafaker/Control-Formation/ws3/install/articubot_one/share/articubot_one/hook/cmake_prefix_path.dsv'
[0.722s] INFO:colcon.colcon_core.shell:Creating environment hook '/home/calafaker/Control-Formation/ws3/install/articubot_one/share/articubot_one/hook/cmake_prefix_path.sh'
[0.724s] Level 1:colcon.colcon_core.environment:checking '/home/calafaker/Control-Formation/ws3/install/articubot_one/bin'
[0.724s] Level 1:colcon.colcon_core.environment:checking '/home/calafaker/Control-Formation/ws3/install/articubot_one/lib/pkgconfig/articubot_one.pc'
[0.724s] Level 1:colcon.colcon_core.environment:checking '/home/calafaker/Control-Formation/ws3/install/articubot_one/lib/python3.10/site-packages'
[0.724s] Level 1:colcon.colcon_core.environment:checking '/home/calafaker/Control-Formation/ws3/install/articubot_one/bin'
[0.725s] INFO:colcon.colcon_core.shell:Creating package script '/home/calafaker/Control-Formation/ws3/install/articubot_one/share/articubot_one/package.ps1'
[0.726s] INFO:colcon.colcon_core.shell:Creating package descriptor '/home/calafaker/Control-Formation/ws3/install/articubot_one/share/articubot_one/package.dsv'
[0.727s] INFO:colcon.colcon_core.shell:Creating package script '/home/calafaker/Control-Formation/ws3/install/articubot_one/share/articubot_one/package.sh'
[0.728s] INFO:colcon.colcon_core.shell:Creating package script '/home/calafaker/Control-Formation/ws3/install/articubot_one/share/articubot_one/package.bash'
[0.729s] INFO:colcon.colcon_core.shell:Creating package script '/home/calafaker/Control-Formation/ws3/install/articubot_one/share/articubot_one/package.zsh'
[0.730s] Level 1:colcon.colcon_core.environment:create_file_with_runtime_dependencies(/home/calafaker/Control-Formation/ws3/install/articubot_one/share/colcon-core/packages/articubot_one)
[0.731s] Level 1:colcon.colcon_core.environment:create_environment_scripts_only(articubot_one)
[0.731s] Level 1:colcon.colcon_core.environment:checking '/home/calafaker/Control-Formation/ws3/install/articubot_one' for CMake module files
[0.731s] Level 1:colcon.colcon_core.environment:checking '/home/calafaker/Control-Formation/ws3/install/articubot_one' for CMake config files
[0.731s] Level 1:colcon.colcon_core.shell:create_environment_hook('articubot_one', 'cmake_prefix_path')
[0.732s] INFO:colcon.colcon_core.shell:Creating environment hook '/home/calafaker/Control-Formation/ws3/install/articubot_one/share/articubot_one/hook/cmake_prefix_path.ps1'
[0.732s] INFO:colcon.colcon_core.shell:Creating environment descriptor '/home/calafaker/Control-Formation/ws3/install/articubot_one/share/articubot_one/hook/cmake_prefix_path.dsv'
[0.732s] INFO:colcon.colcon_core.shell:Creating environment hook '/home/calafaker/Control-Formation/ws3/install/articubot_one/share/articubot_one/hook/cmake_prefix_path.sh'
[0.733s] Level 1:colcon.colcon_core.environment:checking '/home/calafaker/Control-Formation/ws3/install/articubot_one/bin'
[0.733s] Level 1:colcon.colcon_core.environment:checking '/home/calafaker/Control-Formation/ws3/install/articubot_one/lib/pkgconfig/articubot_one.pc'
[0.733s] Level 1:colcon.colcon_core.environment:checking '/home/calafaker/Control-Formation/ws3/install/articubot_one/lib/python3.10/site-packages'
[0.733s] Level 1:colcon.colcon_core.environment:checking '/home/calafaker/Control-Formation/ws3/install/articubot_one/bin'
[0.734s] INFO:colcon.colcon_core.shell:Creating package script '/home/calafaker/Control-Formation/ws3/install/articubot_one/share/articubot_one/package.ps1'
[0.734s] INFO:colcon.colcon_core.shell:Creating package descriptor '/home/calafaker/Control-Formation/ws3/install/articubot_one/share/articubot_one/package.dsv'
[0.734s] INFO:colcon.colcon_core.shell:Creating package script '/home/calafaker/Control-Formation/ws3/install/articubot_one/share/articubot_one/package.sh'
[0.735s] INFO:colcon.colcon_core.shell:Creating package script '/home/calafaker/Control-Formation/ws3/install/articubot_one/share/articubot_one/package.bash'
[0.735s] INFO:colcon.colcon_core.shell:Creating package script '/home/calafaker/Control-Formation/ws3/install/articubot_one/share/articubot_one/package.zsh'
[0.736s] Level 1:colcon.colcon_core.environment:create_file_with_runtime_dependencies(/home/calafaker/Control-Formation/ws3/install/articubot_one/share/colcon-core/packages/articubot_one)
[0.971s] DEBUG:colcon.colcon_core.event_handler.log_command:Invoked command in '/home/calafaker/Control-Formation/ws3/build/multi_robot_interfaces' returned '0': CMAKE_PREFIX_PATH=${CMAKE_PREFIX_PATH}:/home/calafaker/Control-Formation/ws3/install/simulador:/home/calafaker/Control-Formation/ws3/install/control_nodes:/opt/ros/humble /usr/bin/cmake --build /home/calafaker/Control-Formation/ws3/build/multi_robot_interfaces -- -j16 -l16
[0.974s] DEBUG:colcon.colcon_core.event_handler.log_command:Invoking command in '/home/calafaker/Control-Formation/ws3/build/multi_robot_interfaces': CMAKE_PREFIX_PATH=${CMAKE_PREFIX_PATH}:/home/calafaker/Control-Formation/ws3/install/simulador:/home/calafaker/Control-Formation/ws3/install/control_nodes:/opt/ros/humble /usr/bin/cmake --install /home/calafaker/Control-Formation/ws3/build/multi_robot_interfaces
[1.030s] Level 1:colcon.colcon_core.environment:create_environment_scripts_only(multi_robot_interfaces)
[1.030s] Level 1:colcon.colcon_core.environment:checking '/home/calafaker/Control-Formation/ws3/install/multi_robot_interfaces' for CMake module files
[1.031s] DEBUG:colcon.colcon_core.event_handler.log_command:Invoked command in '/home/calafaker/Control-Formation/ws3/build/multi_robot_interfaces' returned '0': CMAKE_PREFIX_PATH=${CMAKE_PREFIX_PATH}:/home/calafaker/Control-Formation/ws3/install/simulador:/home/calafaker/Control-Formation/ws3/install/control_nodes:/opt/ros/humble /usr/bin/cmake --install /home/calafaker/Control-Formation/ws3/build/multi_robot_interfaces
[1.032s] Level 1:colcon.colcon_core.environment:checking '/home/calafaker/Control-Formation/ws3/install/multi_robot_interfaces' for CMake config files
[1.032s] Level 1:colcon.colcon_core.shell:create_environment_hook('multi_robot_interfaces', 'cmake_prefix_path')
[1.032s] INFO:colcon.colcon_core.shell:Creating environment hook '/home/calafaker/Control-Formation/ws3/install/multi_robot_interfaces/share/multi_robot_interfaces/hook/cmake_prefix_path.ps1'
[1.033s] INFO:colcon.colcon_core.shell:Creating environment descriptor '/home/calafaker/Control-Formation/ws3/install/multi_robot_interfaces/share/multi_robot_interfaces/hook/cmake_prefix_path.dsv'
[1.033s] INFO:colcon.colcon_core.shell:Creating environment hook '/home/calafaker/Control-Formation/ws3/install/multi_robot_interfaces/share/multi_robot_interfaces/hook/cmake_prefix_path.sh'
[1.033s] Level 1:colcon.colcon_core.environment:checking '/home/calafaker/Control-Formation/ws3/install/multi_robot_interfaces/lib'
[1.034s] Level 1:colcon.colcon_core.shell:create_environment_hook('multi_robot_interfaces', 'ld_library_path_lib')
[1.034s] INFO:colcon.colcon_core.shell:Creating environment hook '/home/calafaker/Control-Formation/ws3/install/multi_robot_interfaces/share/multi_robot_interfaces/hook/ld_library_path_lib.ps1'
[1.034s] INFO:colcon.colcon_core.shell:Creating environment descriptor '/home/calafaker/Control-Formation/ws3/install/multi_robot_interfaces/share/multi_robot_interfaces/hook/ld_library_path_lib.dsv'
[1.034s] INFO:colcon.colcon_core.shell:Creating environment hook '/home/calafaker/Control-Formation/ws3/install/multi_robot_interfaces/share/multi_robot_interfaces/hook/ld_library_path_lib.sh'
[1.035s] Level 1:colcon.colcon_core.environment:checking '/home/calafaker/Control-Formation/ws3/install/multi_robot_interfaces/bin'
[1.035s] Level 1:colcon.colcon_core.environment:checking '/home/calafaker/Control-Formation/ws3/install/multi_robot_interfaces/lib/pkgconfig/multi_robot_interfaces.pc'
[1.035s] Level 1:colcon.colcon_core.environment:checking '/home/calafaker/Control-Formation/ws3/install/multi_robot_interfaces/lib/python3.10/site-packages'
[1.035s] Level 1:colcon.colcon_core.environment:checking '/home/calafaker/Control-Formation/ws3/install/multi_robot_interfaces/bin'
[1.036s] INFO:colcon.colcon_core.shell:Creating package script '/home/calafaker/Control-Formation/ws3/install/multi_robot_interfaces/share/multi_robot_interfaces/package.ps1'
[1.036s] INFO:colcon.colcon_core.shell:Creating package descriptor '/home/calafaker/Control-Formation/ws3/install/multi_robot_interfaces/share/multi_robot_interfaces/package.dsv'
[1.036s] INFO:colcon.colcon_core.shell:Creating package script '/home/calafaker/Control-Formation/ws3/install/multi_robot_interfaces/share/multi_robot_interfaces/package.sh'
[1.037s] INFO:colcon.colcon_core.shell:Creating package script '/home/calafaker/Control-Formation/ws3/install/multi_robot_interfaces/share/multi_robot_interfaces/package.bash'
[1.037s] INFO:colcon.colcon_core.shell:Creating package script '/home/calafaker/Control-Formation/ws3/install/multi_robot_interfaces/share/multi_robot_interfaces/package.zsh'
[1.037s] Level 1:colcon.colcon_core.environment:create_file_with_runtime_dependencies(/home/calafaker/Control-Formation/ws3/install/multi_robot_interfaces/share/colcon-core/packages/multi_robot_interfaces)
[1.038s] Level 1:colcon.colcon_core.environment:create_environment_scripts_only(multi_robot_interfaces)
[1.038s] Level 1:colcon.colcon_core.environment:checking '/home/calafaker/Control-Formation/ws3/install/multi_robot_interfaces' for CMake module files
[1.038s] Level 1:colcon.colcon_core.environment:checking '/home/calafaker/Control-Formation/ws3/install/multi_robot_interfaces' for CMake config files
[1.039s] Level 1:colcon.colcon_core.shell:create_environment_hook('multi_robot_interfaces', 'cmake_prefix_path')
[1.039s] INFO:colcon.colcon_core.shell:Creating environment hook '/home/calafaker/Control-Formation/ws3/install/multi_robot_interfaces/share/multi_robot_interfaces/hook/cmake_prefix_path.ps1'
[1.039s] INFO:colcon.colcon_core.shell:Creating environment descriptor '/home/calafaker/Control-Formation/ws3/install/multi_robot_interfaces/share/multi_robot_interfaces/hook/cmake_prefix_path.dsv'
[1.039s] INFO:colcon.colcon_core.shell:Creating environment hook '/home/calafaker/Control-Formation/ws3/install/multi_robot_interfaces/share/multi_robot_interfaces/hook/cmake_prefix_path.sh'
[1.040s] Level 1:colcon.colcon_core.environment:checking '/home/calafaker/Control-Formation/ws3/install/multi_robot_interfaces/lib'
[1.040s] Level 1:colcon.colcon_core.shell:create_environment_hook('multi_robot_interfaces', 'ld_library_path_lib')
[1.040s] INFO:colcon.colcon_core.shell:Creating environment hook '/home/calafaker/Control-Formation/ws3/install/multi_robot_interfaces/share/multi_robot_interfaces/hook/ld_library_path_lib.ps1'
[1.040s] INFO:colcon.colcon_core.shell:Creating environment descriptor '/home/calafaker/Control-Formation/ws3/install/multi_robot_interfaces/share/multi_robot_interfaces/hook/ld_library_path_lib.dsv'
[1.041s] INFO:colcon.colcon_core.shell:Creating environment hook '/home/calafaker/Control-Formation/ws3/install/multi_robot_interfaces/share/multi_robot_interfaces/hook/ld_library_path_lib.sh'
[1.041s] Level 1:colcon.colcon_core.environment:checking '/home/calafaker/Control-Formation/ws3/install/multi_robot_interfaces/bin'
[1.041s] Level 1:colcon.colcon_core.environment:checking '/home/calafaker/Control-Formation/ws3/install/multi_robot_interfaces/lib/pkgconfig/multi_robot_interfaces.pc'
[1.041s] Level 1:colcon.colcon_core.environment:checking '/home/calafaker/Control-Formation/ws3/install/multi_robot_interfaces/lib/python3.10/site-packages'
[1.041s] Level 1:colcon.colcon_core.environment:checking '/home/calafaker/Control-Formation/ws3/install/multi_robot_interfaces/bin'
[1.042s] INFO:colcon.colcon_core.shell:Creating package script '/home/calafaker/Control-Formation/ws3/install/multi_robot_interfaces/share/multi_robot_interfaces/package.ps1'
[1.042s] INFO:colcon.colcon_core.shell:Creating package descriptor '/home/calafaker/Control-Formation/ws3/install/multi_robot_interfaces/share/multi_robot_interfaces/package.dsv'
[1.042s] INFO:colcon.colcon_core.shell:Creating package script '/home/calafaker/Control-Formation/ws3/install/multi_robot_interfaces/share/multi_robot_interfaces/package.sh'
[1.043s] INFO:colcon.colcon_core.shell:Creating package script '/home/calafaker/Control-Formation/ws3/install/multi_robot_interfaces/share/multi_robot_interfaces/package.bash'
[1.043s] INFO:colcon.colcon_core.shell:Creating package script '/home/calafaker/Control-Formation/ws3/install/multi_robot_interfaces/share/multi_robot_interfaces/package.zsh'
[1.043s] Level 1:colcon.colcon_core.environment:create_file_with_runtime_dependencies(/home/calafaker/Control-Formation/ws3/install/multi_robot_interfaces/share/colcon-core/packages/multi_robot_interfaces)
[1.044s] INFO:colcon.colcon_ros.task.ament_python.build:Building ROS package in '/home/calafaker/Control-Formation/ws3/src/control_nodes' with build type 'ament_python'
[1.044s] Level 1:colcon.colcon_core.shell:create_environment_hook('control_nodes', 'ament_prefix_path')
[1.045s] INFO:colcon.colcon_core.shell:Creating environment hook '/home/calafaker/Control-Formation/ws3/install/control_nodes/share/control_nodes/hook/ament_prefix_path.ps1'
[1.045s] INFO:colcon.colcon_core.shell:Creating environment descriptor '/home/calafaker/Control-Formation/ws3/install/control_nodes/share/control_nodes/hook/ament_prefix_path.dsv'
[1.046s] INFO:colcon.colcon_core.shell:Creating environment hook '/home/calafaker/Control-Formation/ws3/install/control_nodes/share/control_nodes/hook/ament_prefix_path.sh'
[1.046s] INFO:colcon.colcon_core.shell:Skip shell extension 'powershell' for command environment: Not usable outside of PowerShell
[1.047s] DEBUG:colcon.colcon_core.shell:Skip shell extension 'dsv' for command environment
[1.050s] INFO:colcon.colcon_ros.task.ament_python.build:Building ROS package in '/home/calafaker/Control-Formation/ws3/src/simulador' with build type 'ament_python'
[1.050s] Level 1:colcon.colcon_core.shell:create_environment_hook('simulador', 'ament_prefix_path')
[1.050s] INFO:colcon.colcon_core.shell:Creating environment hook '/home/calafaker/Control-Formation/ws3/install/simulador/share/simulador/hook/ament_prefix_path.ps1'
[1.051s] INFO:colcon.colcon_core.shell:Creating environment descriptor '/home/calafaker/Control-Formation/ws3/install/simulador/share/simulador/hook/ament_prefix_path.dsv'
[1.051s] INFO:colcon.colcon_core.shell:Creating environment hook '/home/calafaker/Control-Formation/ws3/install/simulador/share/simulador/hook/ament_prefix_path.sh'
[1.052s] INFO:colcon.colcon_core.shell:Skip shell extension 'powershell' for command environment: Not usable outside of PowerShell
[1.052s] DEBUG:colcon.colcon_core.shell:Skip shell extension 'dsv' for command environment
[1.464s] INFO:colcon.colcon_core.task.python.build:Building Python package in '/home/calafaker/Control-Formation/ws3/src/control_nodes'
[1.465s] INFO:colcon.colcon_core.shell:Skip shell extension 'powershell' for command environment: Not usable outside of PowerShell
[1.465s] DEBUG:colcon.colcon_core.shell:Skip shell extension 'dsv' for command environment
[1.729s] INFO:colcon.colcon_core.task.python.build:Building Python package in '/home/calafaker/Control-Formation/ws3/src/simulador'
[1.730s] INFO:colcon.colcon_core.shell:Skip shell extension 'powershell' for command environment: Not usable outside of PowerShell
[1.730s] DEBUG:colcon.colcon_core.shell:Skip shell extension 'dsv' for command environment
[2.199s] DEBUG:colcon.colcon_core.event_handler.log_command:Invoking command in '/home/calafaker/Control-Formation/ws3/src/control_nodes': PYTHONPATH=/home/calafaker/Control-Formation/ws3/build/control_nodes/prefix_override:/usr/lib/python3/dist-packages/colcon_core/task/python/colcon_distutils_commands:/home/calafaker/Control-Formation/ws3/install/control_nodes/lib/python3.10/site-packages:${PYTHONPATH} /usr/bin/python3 -W ignore:setup.py install is deprecated -W ignore:easy_install command is deprecated setup.py egg_info --egg-base ../../build/control_nodes build --build-base /home/calafaker/Control-Formation/ws3/build/control_nodes/build install --record /home/calafaker/Control-Formation/ws3/build/control_nodes/install.log --single-version-externally-managed install_data
[2.281s] DEBUG:colcon.colcon_core.event_handler.log_command:Invoking command in '/home/calafaker/Control-Formation/ws3/src/simulador': PYTHONPATH=/home/calafaker/Control-Formation/ws3/build/simulador/prefix_override:/usr/lib/python3/dist-packages/colcon_core/task/python/colcon_distutils_commands:/home/calafaker/Control-Formation/ws3/install/simulador/lib/python3.10/site-packages:${PYTHONPATH} /usr/bin/python3 -W ignore:setup.py install is deprecated -W ignore:easy_install command is deprecated setup.py egg_info --egg-base ../../build/simulador build --build-base /home/calafaker/Control-Formation/ws3/build/simulador/build install --record /home/calafaker/Control-Formation/ws3/build/simulador/install.log --single-version-externally-managed install_data
[2.480s] Level 1:colcon.colcon_core.environment:checking '/home/calafaker/Control-Formation/ws3/install/control_nodes' for CMake module files
[2.481s] DEBUG:colcon.colcon_core.event_handler.log_command:Invoked command in '/home/calafaker/Control-Formation/ws3/src/control_nodes' returned '0': PYTHONPATH=/home/calafaker/Control-Formation/ws3/build/control_nodes/prefix_override:/usr/lib/python3/dist-packages/colcon_core/task/python/colcon_distutils_commands:/home/calafaker/Control-Formation/ws3/install/control_nodes/lib/python3.10/site-packages:${PYTHONPATH} /usr/bin/python3 -W ignore:setup.py install is deprecated -W ignore:easy_install command is deprecated setup.py egg_info --egg-base ../../build/control_nodes build --build-base /home/calafaker/Control-Formation/ws3/build/control_nodes/build install --record /home/calafaker/Control-Formation/ws3/build/control_nodes/install.log --single-version-externally-managed install_data
[2.481s] Level 1:colcon.colcon_core.environment:checking '/home/calafaker/Control-Formation/ws3/install/control_nodes' for CMake config files
[2.482s] Level 1:colcon.colcon_core.environment:checking '/home/calafaker/Control-Formation/ws3/install/control_nodes/lib'
[2.482s] Level 1:colcon.colcon_core.environment:checking '/home/calafaker/Control-Formation/ws3/install/control_nodes/bin'
[2.482s] Level 1:colcon.colcon_core.environment:checking '/home/calafaker/Control-Formation/ws3/install/control_nodes/lib/pkgconfig/control_nodes.pc'
[2.482s] Level 1:colcon.colcon_core.environment:checking '/home/calafaker/Control-Formation/ws3/install/control_nodes/lib/python3.10/site-packages'
[2.482s] Level 1:colcon.colcon_core.shell:create_environment_hook('control_nodes', 'pythonpath')
[2.482s] INFO:colcon.colcon_core.shell:Creating environment hook '/home/calafaker/Control-Formation/ws3/install/control_nodes/share/control_nodes/hook/pythonpath.ps1'
[2.483s] INFO:colcon.colcon_core.shell:Creating environment descriptor '/home/calafaker/Control-Formation/ws3/install/control_nodes/share/control_nodes/hook/pythonpath.dsv'
[2.483s] INFO:colcon.colcon_core.shell:Creating environment hook '/home/calafaker/Control-Formation/ws3/install/control_nodes/share/control_nodes/hook/pythonpath.sh'
[2.483s] Level 1:colcon.colcon_core.environment:checking '/home/calafaker/Control-Formation/ws3/install/control_nodes/bin'
[2.484s] Level 1:colcon.colcon_core.environment:create_environment_scripts_only(control_nodes)
[2.484s] INFO:colcon.colcon_core.shell:Creating package script '/home/calafaker/Control-Formation/ws3/install/control_nodes/share/control_nodes/package.ps1'
[2.484s] INFO:colcon.colcon_core.shell:Creating package descriptor '/home/calafaker/Control-Formation/ws3/install/control_nodes/share/control_nodes/package.dsv'
[2.485s] INFO:colcon.colcon_core.shell:Creating package script '/home/calafaker/Control-Formation/ws3/install/control_nodes/share/control_nodes/package.sh'
[2.485s] INFO:colcon.colcon_core.shell:Creating package script '/home/calafaker/Control-Formation/ws3/install/control_nodes/share/control_nodes/package.bash'
[2.485s] INFO:colcon.colcon_core.shell:Creating package script '/home/calafaker/Control-Formation/ws3/install/control_nodes/share/control_nodes/package.zsh'
[2.486s] Level 1:colcon.colcon_core.environment:create_file_with_runtime_dependencies(/home/calafaker/Control-Formation/ws3/install/control_nodes/share/colcon-core/packages/control_nodes)
[2.544s] Level 1:colcon.colcon_core.environment:checking '/home/calafaker/Control-Formation/ws3/install/simulador' for CMake module files
[2.545s] DEBUG:colcon.colcon_core.event_handler.log_command:Invoked command in '/home/calafaker/Control-Formation/ws3/src/simulador' returned '0': PYTHONPATH=/home/calafaker/Control-Formation/ws3/build/simulador/prefix_override:/usr/lib/python3/dist-packages/colcon_core/task/python/colcon_distutils_commands:/home/calafaker/Control-Formation/ws3/install/simulador/lib/python3.10/site-packages:${PYTHONPATH} /usr/bin/python3 -W ignore:setup.py install is deprecated -W ignore:easy_install command is deprecated setup.py egg_info --egg-base ../../build/simulador build --build-base /home/calafaker/Control-Formation/ws3/build/simulador/build install --record /home/calafaker/Control-Formation/ws3/build/simulador/install.log --single-version-externally-managed install_data
[2.545s] Level 1:colcon.colcon_core.environment:checking '/home/calafaker/Control-Formation/ws3/install/simulador' for CMake config files
[2.546s] Level 1:colcon.colcon_core.environment:checking '/home/calafaker/Control-Formation/ws3/install/simulador/lib'
[2.546s] Level 1:colcon.colcon_core.environment:checking '/home/calafaker/Control-Formation/ws3/install/simulador/bin'
[2.546s] Level 1:colcon.colcon_core.environment:checking '/home/calafaker/Control-Formation/ws3/install/simulador/lib/pkgconfig/simulador.pc'
[2.546s] Level 1:colcon.colcon_core.environment:checking '/home/calafaker/Control-Formation/ws3/install/simulador/lib/python3.10/site-packages'
[2.546s] Level 1:colcon.colcon_core.shell:create_environment_hook('simulador', 'pythonpath')
[2.547s] INFO:colcon.colcon_core.shell:Creating environment hook '/home/calafaker/Control-Formation/ws3/install/simulador/share/simulador/hook/pythonpath.ps1'
[2.547s] INFO:colcon.colcon_core.shell:Creating environment descriptor '/home/calafaker/Control-Formation/ws3/install/simulador/share/simulador/hook/pythonpath.dsv'
[2.547s] INFO:colcon.colcon_core.shell:Creating environment hook '/home/calafaker/Control-Formation/ws3/install/simulador/share/simulador/hook/pythonpath.sh'
[2.548s] Level 1:colcon.colcon_core.environment:checking '/home/calafaker/Control-Formation/ws3/install/simulador/bin'
[2.548s] Level 1:colcon.colcon_core.environment:create_environment_scripts_only(simulador)
[2.548s] INFO:colcon.colcon_core.shell:Creating package script '/home/calafaker/Control-Formation/ws3/install/simulador/share/simulador/package.ps1'
[2.549s] INFO:colcon.colcon_core.shell:Creating package descriptor '/home/calafaker/Control-Formation/ws3/install/simulador/share/simulador/package.dsv'
[2.549s] INFO:colcon.colcon_core.shell:Creating package script '/home/calafaker/Control-Formation/ws3/install/simulador/share/simulador/package.sh'
[2.549s] INFO:colcon.colcon_core.shell:Creating package script '/home/calafaker/Control-Formation/ws3/install/simulador/share/simulador/package.bash'
[2.550s] INFO:colcon.colcon_core.shell:Creating package script '/home/calafaker/Control-Formation/ws3/install/simulador/share/simulador/package.zsh'
[2.550s] Level 1:colcon.colcon_core.environment:create_file_with_runtime_dependencies(/home/calafaker/Control-Formation/ws3/install/simulador/share/colcon-core/packages/simulador)
[2.550s] DEBUG:colcon.colcon_parallel_executor.executor.parallel:closing loop
[2.551s] DEBUG:colcon.colcon_parallel_executor.executor.parallel:loop closed
[2.551s] DEBUG:colcon.colcon_parallel_executor.executor.parallel:run_until_complete finished with '0'
[2.551s] DEBUG:colcon.colcon_core.event_reactor:joining thread
[2.560s] INFO:colcon.colcon_core.plugin_system:Skipping extension 'colcon_notification.desktop_notification.terminal_notifier': Not used on non-Darwin systems
[2.561s] INFO:colcon.colcon_core.plugin_system:Skipping extension 'colcon_notification.desktop_notification.win32': Not used on non-Windows systems
[2.561s] INFO:colcon.colcon_notification.desktop_notification:Sending desktop notification using 'notify2'
[2.562s] DEBUG:colcon.colcon_notification.desktop_notification.notify2:Failed to initialize notify2: org.freedesktop.DBus.Error.ServiceUnknown: The name org.freedesktop.Notifications was not provided by any .service files
[2.563s] DEBUG:colcon.colcon_core.event_reactor:joined thread
[2.563s] INFO:colcon.colcon_core.shell:Creating prefix script '/home/calafaker/Control-Formation/ws3/install/local_setup.ps1'
[2.564s] INFO:colcon.colcon_core.shell:Creating prefix util module '/home/calafaker/Control-Formation/ws3/install/_local_setup_util_ps1.py'
[2.566s] INFO:colcon.colcon_core.shell:Creating prefix chain script '/home/calafaker/Control-Formation/ws3/install/setup.ps1'
[2.567s] INFO:colcon.colcon_core.shell:Creating prefix script '/home/calafaker/Control-Formation/ws3/install/local_setup.sh'
[2.568s] INFO:colcon.colcon_core.shell:Creating prefix util module '/home/calafaker/Control-Formation/ws3/install/_local_setup_util_sh.py'
[2.568s] INFO:colcon.colcon_core.shell:Creating prefix chain script '/home/calafaker/Control-Formation/ws3/install/setup.sh'
[2.570s] INFO:colcon.colcon_core.shell:Creating prefix script '/home/calafaker/Control-Formation/ws3/install/local_setup.bash'
[2.571s] INFO:colcon.colcon_core.shell:Creating prefix chain script '/home/calafaker/Control-Formation/ws3/install/setup.bash'
[2.572s] INFO:colcon.colcon_core.shell:Creating prefix script '/home/calafaker/Control-Formation/ws3/install/local_setup.zsh'
[2.572s] INFO:colcon.colcon_core.shell:Creating prefix chain script '/home/calafaker/Control-Formation/ws3/install/setup.zsh'
