[0.241s] DEBUG:colcon:Command line arguments: ['/usr/bin/colcon', 'build', '--packages-select', 'simulador']
[0.241s] DEBUG:colcon:Parsed command line arguments: Namespace(log_base=None, log_level=None, verb_name='build', build_base='build', install_base='install', merge_install=False, symlink_install=False, test_result_base=None, continue_on_error=False, executor='parallel', parallel_workers=16, event_handlers=None, ignore_user_meta=False, metas=['./colcon.meta'], base_paths=['.'], packages_ignore=None, packages_ignore_regex=None, paths=None, packages_up_to=None, packages_up_to_regex=None, packages_above=None, packages_above_and_dependencies=None, packages_above_depth=None, packages_select_by_dep=None, packages_skip_by_dep=None, packages_skip_up_to=None, packages_select_build_failed=False, packages_skip_build_finished=False, packages_select_test_failures=False, packages_skip_test_passed=False, packages_select=['simulador'], packages_skip=None, packages_select_regex=None, packages_skip_regex=None, packages_start=None, packages_end=None, allow_overriding=[], cmake_args=None, cmake_target=None, cmake_target_skip_unavailable=False, cmake_clean_cache=False, cmake_clean_first=False, cmake_force_configure=False, ament_cmake_args=None, catkin_cmake_args=None, catkin_skip_building_tests=False, verb_parser=<colcon_defaults.argument_parser.defaults.DefaultArgumentsDecorator object at 0x7ab82b7084f0>, verb_extension=<colcon_core.verb.build.BuildVerb object at 0x7ab82b6cfbb0>, main=<bound method BuildVerb.main of <colcon_core.verb.build.BuildVerb object at 0x7ab82b6cfbb0>>)
[0.456s] Level 1:colcon.colcon_core.package_discovery:discover_packages(colcon_meta) check parameters
[0.456s] Level 1:colcon.colcon_core.package_discovery:discover_packages(recursive) check parameters
[0.456s] Level 1:colcon.colcon_core.package_discovery:discover_packages(ignore) check parameters
[0.456s] Level 1:colcon.colcon_core.package_discovery:discover_packages(path) check parameters
[0.456s] Level 1:colcon.colcon_core.package_discovery:discover_packages(colcon_meta) discover
[0.456s] Level 1:colcon.colcon_core.package_discovery:discover_packages(recursive) discover
[0.456s] INFO:colcon.colcon_core.package_discovery:Crawling recursively for packages in '/home/calafaker/Control-Formation'
[0.456s] Level 1:colcon.colcon_core.package_identification:_identify(.) by extensions ['ignore', 'ignore_ament_install']
[0.456s] Level 1:colcon.colcon_core.package_identification:_identify(.) by extension 'ignore'
[0.456s] Level 1:colcon.colcon_core.package_identification:_identify(.) by extension 'ignore_ament_install'
[0.456s] Level 1:colcon.colcon_core.package_identification:_identify(.) by extensions ['colcon_pkg']
[0.456s] Level 1:colcon.colcon_core.package_identification:_identify(.) by extension 'colcon_pkg'
[0.456s] Level 1:colcon.colcon_core.package_identification:_identify(.) by extensions ['colcon_meta']
[0.456s] Level 1:colcon.colcon_core.package_identification:_identify(.) by extension 'colcon_meta'
[0.456s] Level 1:colcon.colcon_core.package_identification:_identify(.) by extensions ['ros']
[0.456s] Level 1:colcon.colcon_core.package_identification:_identify(.) by extension 'ros'
[0.467s] Level 1:colcon.colcon_core.package_identification:_identify(.) by extensions ['cmake', 'python']
[0.468s] Level 1:colcon.colcon_core.package_identification:_identify(.) by extension 'cmake'
[0.468s] Level 1:colcon.colcon_core.package_identification:_identify(.) by extension 'python'
[0.468s] Level 1:colcon.colcon_core.package_identification:_identify(.) by extensions ['python_setup_py']
[0.468s] Level 1:colcon.colcon_core.package_identification:_identify(.) by extension 'python_setup_py'
[0.468s] Level 1:colcon.colcon_core.package_identification:_identify(Reporte) by extensions ['ignore', 'ignore_ament_install']
[0.468s] Level 1:colcon.colcon_core.package_identification:_identify(Reporte) by extension 'ignore'
[0.468s] Level 1:colcon.colcon_core.package_identification:_identify(Reporte) by extension 'ignore_ament_install'
[0.468s] Level 1:colcon.colcon_core.package_identification:_identify(Reporte) by extensions ['colcon_pkg']
[0.468s] Level 1:colcon.colcon_core.package_identification:_identify(Reporte) by extension 'colcon_pkg'
[0.468s] Level 1:colcon.colcon_core.package_identification:_identify(Reporte) by extensions ['colcon_meta']
[0.468s] Level 1:colcon.colcon_core.package_identification:_identify(Reporte) by extension 'colcon_meta'
[0.468s] Level 1:colcon.colcon_core.package_identification:_identify(Reporte) by extensions ['ros']
[0.468s] Level 1:colcon.colcon_core.package_identification:_identify(Reporte) by extension 'ros'
[0.468s] Level 1:colcon.colcon_core.package_identification:_identify(Reporte) by extensions ['cmake', 'python']
[0.468s] Level 1:colcon.colcon_core.package_identification:_identify(Reporte) by extension 'cmake'
[0.468s] Level 1:colcon.colcon_core.package_identification:_identify(Reporte) by extension 'python'
[0.468s] Level 1:colcon.colcon_core.package_identification:_identify(Reporte) by extensions ['python_setup_py']
[0.468s] Level 1:colcon.colcon_core.package_identification:_identify(Reporte) by extension 'python_setup_py'
[0.468s] Level 1:colcon.colcon_core.package_identification:_identify(build) by extensions ['ignore', 'ignore_ament_install']
[0.468s] Level 1:colcon.colcon_core.package_identification:_identify(build) by extension 'ignore'
[0.469s] Level 1:colcon.colcon_core.package_identification:_identify(build) ignored
[0.469s] Level 1:colcon.colcon_core.package_identification:_identify(documentacion) by extensions ['ignore', 'ignore_ament_install']
[0.469s] Level 1:colcon.colcon_core.package_identification:_identify(documentacion) by extension 'ignore'
[0.469s] Level 1:colcon.colcon_core.package_identification:_identify(documentacion) by extension 'ignore_ament_install'
[0.469s] Level 1:colcon.colcon_core.package_identification:_identify(documentacion) by extensions ['colcon_pkg']
[0.469s] Level 1:colcon.colcon_core.package_identification:_identify(documentacion) by extension 'colcon_pkg'
[0.469s] Level 1:colcon.colcon_core.package_identification:_identify(documentacion) by extensions ['colcon_meta']
[0.469s] Level 1:colcon.colcon_core.package_identification:_identify(documentacion) by extension 'colcon_meta'
[0.469s] Level 1:colcon.colcon_core.package_identification:_identify(documentacion) by extensions ['ros']
[0.469s] Level 1:colcon.colcon_core.package_identification:_identify(documentacion) by extension 'ros'
[0.469s] Level 1:colcon.colcon_core.package_identification:_identify(documentacion) by extensions ['cmake', 'python']
[0.469s] Level 1:colcon.colcon_core.package_identification:_identify(documentacion) by extension 'cmake'
[0.469s] Level 1:colcon.colcon_core.package_identification:_identify(documentacion) by extension 'python'
[0.469s] Level 1:colcon.colcon_core.package_identification:_identify(documentacion) by extensions ['python_setup_py']
[0.469s] Level 1:colcon.colcon_core.package_identification:_identify(documentacion) by extension 'python_setup_py'
[0.469s] Level 1:colcon.colcon_core.package_identification:_identify(documentacion/docs) by extensions ['ignore', 'ignore_ament_install']
[0.469s] Level 1:colcon.colcon_core.package_identification:_identify(documentacion/docs) by extension 'ignore'
[0.469s] Level 1:colcon.colcon_core.package_identification:_identify(documentacion/docs) by extension 'ignore_ament_install'
[0.469s] Level 1:colcon.colcon_core.package_identification:_identify(documentacion/docs) by extensions ['colcon_pkg']
[0.469s] Level 1:colcon.colcon_core.package_identification:_identify(documentacion/docs) by extension 'colcon_pkg'
[0.469s] Level 1:colcon.colcon_core.package_identification:_identify(documentacion/docs) by extensions ['colcon_meta']
[0.469s] Level 1:colcon.colcon_core.package_identification:_identify(documentacion/docs) by extension 'colcon_meta'
[0.469s] Level 1:colcon.colcon_core.package_identification:_identify(documentacion/docs) by extensions ['ros']
[0.470s] Level 1:colcon.colcon_core.package_identification:_identify(documentacion/docs) by extension 'ros'
[0.470s] Level 1:colcon.colcon_core.package_identification:_identify(documentacion/docs) by extensions ['cmake', 'python']
[0.470s] Level 1:colcon.colcon_core.package_identification:_identify(documentacion/docs) by extension 'cmake'
[0.470s] Level 1:colcon.colcon_core.package_identification:_identify(documentacion/docs) by extension 'python'
[0.470s] Level 1:colcon.colcon_core.package_identification:_identify(documentacion/docs) by extensions ['python_setup_py']
[0.470s] Level 1:colcon.colcon_core.package_identification:_identify(documentacion/docs) by extension 'python_setup_py'
[0.470s] Level 1:colcon.colcon_core.package_identification:_identify(documentacion/docs/composicion_launch) by extensions ['ignore', 'ignore_ament_install']
[0.470s] Level 1:colcon.colcon_core.package_identification:_identify(documentacion/docs/composicion_launch) by extension 'ignore'
[0.470s] Level 1:colcon.colcon_core.package_identification:_identify(documentacion/docs/composicion_launch) by extension 'ignore_ament_install'
[0.470s] Level 1:colcon.colcon_core.package_identification:_identify(documentacion/docs/composicion_launch) by extensions ['colcon_pkg']
[0.470s] Level 1:colcon.colcon_core.package_identification:_identify(documentacion/docs/composicion_launch) by extension 'colcon_pkg'
[0.470s] Level 1:colcon.colcon_core.package_identification:_identify(documentacion/docs/composicion_launch) by extensions ['colcon_meta']
[0.470s] Level 1:colcon.colcon_core.package_identification:_identify(documentacion/docs/composicion_launch) by extension 'colcon_meta'
[0.470s] Level 1:colcon.colcon_core.package_identification:_identify(documentacion/docs/composicion_launch) by extensions ['ros']
[0.470s] Level 1:colcon.colcon_core.package_identification:_identify(documentacion/docs/composicion_launch) by extension 'ros'
[0.470s] Level 1:colcon.colcon_core.package_identification:_identify(documentacion/docs/composicion_launch) by extensions ['cmake', 'python']
[0.470s] Level 1:colcon.colcon_core.package_identification:_identify(documentacion/docs/composicion_launch) by extension 'cmake'
[0.470s] Level 1:colcon.colcon_core.package_identification:_identify(documentacion/docs/composicion_launch) by extension 'python'
[0.470s] Level 1:colcon.colcon_core.package_identification:_identify(documentacion/docs/composicion_launch) by extensions ['python_setup_py']
[0.470s] Level 1:colcon.colcon_core.package_identification:_identify(documentacion/docs/composicion_launch) by extension 'python_setup_py'
[0.470s] Level 1:colcon.colcon_core.package_identification:_identify(documentacion/docs/composicion_launch/Codes) by extensions ['ignore', 'ignore_ament_install']
[0.470s] Level 1:colcon.colcon_core.package_identification:_identify(documentacion/docs/composicion_launch/Codes) by extension 'ignore'
[0.470s] Level 1:colcon.colcon_core.package_identification:_identify(documentacion/docs/composicion_launch/Codes) by extension 'ignore_ament_install'
[0.470s] Level 1:colcon.colcon_core.package_identification:_identify(documentacion/docs/composicion_launch/Codes) by extensions ['colcon_pkg']
[0.470s] Level 1:colcon.colcon_core.package_identification:_identify(documentacion/docs/composicion_launch/Codes) by extension 'colcon_pkg'
[0.470s] Level 1:colcon.colcon_core.package_identification:_identify(documentacion/docs/composicion_launch/Codes) by extensions ['colcon_meta']
[0.470s] Level 1:colcon.colcon_core.package_identification:_identify(documentacion/docs/composicion_launch/Codes) by extension 'colcon_meta'
[0.471s] Level 1:colcon.colcon_core.package_identification:_identify(documentacion/docs/composicion_launch/Codes) by extensions ['ros']
[0.471s] Level 1:colcon.colcon_core.package_identification:_identify(documentacion/docs/composicion_launch/Codes) by extension 'ros'
[0.471s] Level 1:colcon.colcon_core.package_identification:_identify(documentacion/docs/composicion_launch/Codes) by extensions ['cmake', 'python']
[0.471s] Level 1:colcon.colcon_core.package_identification:_identify(documentacion/docs/composicion_launch/Codes) by extension 'cmake'
[0.471s] Level 1:colcon.colcon_core.package_identification:_identify(documentacion/docs/composicion_launch/Codes) by extension 'python'
[0.471s] Level 1:colcon.colcon_core.package_identification:_identify(documentacion/docs/composicion_launch/Codes) by extensions ['python_setup_py']
[0.471s] Level 1:colcon.colcon_core.package_identification:_identify(documentacion/docs/composicion_launch/Codes) by extension 'python_setup_py'
[0.471s] Level 1:colcon.colcon_core.package_identification:_identify(documentacion/docs/composicion_launch/Sections) by extensions ['ignore', 'ignore_ament_install']
[0.471s] Level 1:colcon.colcon_core.package_identification:_identify(documentacion/docs/composicion_launch/Sections) by extension 'ignore'
[0.471s] Level 1:colcon.colcon_core.package_identification:_identify(documentacion/docs/composicion_launch/Sections) by extension 'ignore_ament_install'
[0.471s] Level 1:colcon.colcon_core.package_identification:_identify(documentacion/docs/composicion_launch/Sections) by extensions ['colcon_pkg']
[0.471s] Level 1:colcon.colcon_core.package_identification:_identify(documentacion/docs/composicion_launch/Sections) by extension 'colcon_pkg'
[0.471s] Level 1:colcon.colcon_core.package_identification:_identify(documentacion/docs/composicion_launch/Sections) by extensions ['colcon_meta']
[0.471s] Level 1:colcon.colcon_core.package_identification:_identify(documentacion/docs/composicion_launch/Sections) by extension 'colcon_meta'
[0.471s] Level 1:colcon.colcon_core.package_identification:_identify(documentacion/docs/composicion_launch/Sections) by extensions ['ros']
[0.471s] Level 1:colcon.colcon_core.package_identification:_identify(documentacion/docs/composicion_launch/Sections) by extension 'ros'
[0.471s] Level 1:colcon.colcon_core.package_identification:_identify(documentacion/docs/composicion_launch/Sections) by extensions ['cmake', 'python']
[0.471s] Level 1:colcon.colcon_core.package_identification:_identify(documentacion/docs/composicion_launch/Sections) by extension 'cmake'
[0.471s] Level 1:colcon.colcon_core.package_identification:_identify(documentacion/docs/composicion_launch/Sections) by extension 'python'
[0.471s] Level 1:colcon.colcon_core.package_identification:_identify(documentacion/docs/composicion_launch/Sections) by extensions ['python_setup_py']
[0.471s] Level 1:colcon.colcon_core.package_identification:_identify(documentacion/docs/composicion_launch/Sections) by extension 'python_setup_py'
[0.471s] Level 1:colcon.colcon_core.package_identification:_identify(documentacion/docs/congreso_template) by extensions ['ignore', 'ignore_ament_install']
[0.471s] Level 1:colcon.colcon_core.package_identification:_identify(documentacion/docs/congreso_template) by extension 'ignore'
[0.471s] Level 1:colcon.colcon_core.package_identification:_identify(documentacion/docs/congreso_template) by extension 'ignore_ament_install'
[0.472s] Level 1:colcon.colcon_core.package_identification:_identify(documentacion/docs/congreso_template) by extensions ['colcon_pkg']
[0.472s] Level 1:colcon.colcon_core.package_identification:_identify(documentacion/docs/congreso_template) by extension 'colcon_pkg'
[0.472s] Level 1:colcon.colcon_core.package_identification:_identify(documentacion/docs/congreso_template) by extensions ['colcon_meta']
[0.472s] Level 1:colcon.colcon_core.package_identification:_identify(documentacion/docs/congreso_template) by extension 'colcon_meta'
[0.472s] Level 1:colcon.colcon_core.package_identification:_identify(documentacion/docs/congreso_template) by extensions ['ros']
[0.472s] Level 1:colcon.colcon_core.package_identification:_identify(documentacion/docs/congreso_template) by extension 'ros'
[0.472s] Level 1:colcon.colcon_core.package_identification:_identify(documentacion/docs/congreso_template) by extensions ['cmake', 'python']
[0.472s] Level 1:colcon.colcon_core.package_identification:_identify(documentacion/docs/congreso_template) by extension 'cmake'
[0.472s] Level 1:colcon.colcon_core.package_identification:_identify(documentacion/docs/congreso_template) by extension 'python'
[0.472s] Level 1:colcon.colcon_core.package_identification:_identify(documentacion/docs/congreso_template) by extensions ['python_setup_py']
[0.472s] Level 1:colcon.colcon_core.package_identification:_identify(documentacion/docs/congreso_template) by extension 'python_setup_py'
[0.472s] Level 1:colcon.colcon_core.package_identification:_identify(documentacion/docs/congreso_template/Pics) by extensions ['ignore', 'ignore_ament_install']
[0.472s] Level 1:colcon.colcon_core.package_identification:_identify(documentacion/docs/congreso_template/Pics) by extension 'ignore'
[0.472s] Level 1:colcon.colcon_core.package_identification:_identify(documentacion/docs/congreso_template/Pics) by extension 'ignore_ament_install'
[0.472s] Level 1:colcon.colcon_core.package_identification:_identify(documentacion/docs/congreso_template/Pics) by extensions ['colcon_pkg']
[0.472s] Level 1:colcon.colcon_core.package_identification:_identify(documentacion/docs/congreso_template/Pics) by extension 'colcon_pkg'
[0.472s] Level 1:colcon.colcon_core.package_identification:_identify(documentacion/docs/congreso_template/Pics) by extensions ['colcon_meta']
[0.472s] Level 1:colcon.colcon_core.package_identification:_identify(documentacion/docs/congreso_template/Pics) by extension 'colcon_meta'
[0.472s] Level 1:colcon.colcon_core.package_identification:_identify(documentacion/docs/congreso_template/Pics) by extensions ['ros']
[0.472s] Level 1:colcon.colcon_core.package_identification:_identify(documentacion/docs/congreso_template/Pics) by extension 'ros'
[0.473s] Level 1:colcon.colcon_core.package_identification:_identify(documentacion/docs/congreso_template/Pics) by extensions ['cmake', 'python']
[0.473s] Level 1:colcon.colcon_core.package_identification:_identify(documentacion/docs/congreso_template/Pics) by extension 'cmake'
[0.473s] Level 1:colcon.colcon_core.package_identification:_identify(documentacion/docs/congreso_template/Pics) by extension 'python'
[0.473s] Level 1:colcon.colcon_core.package_identification:_identify(documentacion/docs/congreso_template/Pics) by extensions ['python_setup_py']
[0.473s] Level 1:colcon.colcon_core.package_identification:_identify(documentacion/docs/congreso_template/Pics) by extension 'python_setup_py'
[0.473s] Level 1:colcon.colcon_core.package_identification:_identify(documentacion/docs/congreso_template/Sections) by extensions ['ignore', 'ignore_ament_install']
[0.473s] Level 1:colcon.colcon_core.package_identification:_identify(documentacion/docs/congreso_template/Sections) by extension 'ignore'
[0.473s] Level 1:colcon.colcon_core.package_identification:_identify(documentacion/docs/congreso_template/Sections) by extension 'ignore_ament_install'
[0.473s] Level 1:colcon.colcon_core.package_identification:_identify(documentacion/docs/congreso_template/Sections) by extensions ['colcon_pkg']
[0.473s] Level 1:colcon.colcon_core.package_identification:_identify(documentacion/docs/congreso_template/Sections) by extension 'colcon_pkg'
[0.473s] Level 1:colcon.colcon_core.package_identification:_identify(documentacion/docs/congreso_template/Sections) by extensions ['colcon_meta']
[0.473s] Level 1:colcon.colcon_core.package_identification:_identify(documentacion/docs/congreso_template/Sections) by extension 'colcon_meta'
[0.473s] Level 1:colcon.colcon_core.package_identification:_identify(documentacion/docs/congreso_template/Sections) by extensions ['ros']
[0.473s] Level 1:colcon.colcon_core.package_identification:_identify(documentacion/docs/congreso_template/Sections) by extension 'ros'
[0.473s] Level 1:colcon.colcon_core.package_identification:_identify(documentacion/docs/congreso_template/Sections) by extensions ['cmake', 'python']
[0.473s] Level 1:colcon.colcon_core.package_identification:_identify(documentacion/docs/congreso_template/Sections) by extension 'cmake'
[0.473s] Level 1:colcon.colcon_core.package_identification:_identify(documentacion/docs/congreso_template/Sections) by extension 'python'
[0.473s] Level 1:colcon.colcon_core.package_identification:_identify(documentacion/docs/congreso_template/Sections) by extensions ['python_setup_py']
[0.473s] Level 1:colcon.colcon_core.package_identification:_identify(documentacion/docs/congreso_template/Sections) by extension 'python_setup_py'
[0.473s] Level 1:colcon.colcon_core.package_identification:_identify(documentacion/docs/experimentaciones) by extensions ['ignore', 'ignore_ament_install']
[0.474s] Level 1:colcon.colcon_core.package_identification:_identify(documentacion/docs/experimentaciones) by extension 'ignore'
[0.474s] Level 1:colcon.colcon_core.package_identification:_identify(documentacion/docs/experimentaciones) by extension 'ignore_ament_install'
[0.474s] Level 1:colcon.colcon_core.package_identification:_identify(documentacion/docs/experimentaciones) by extensions ['colcon_pkg']
[0.474s] Level 1:colcon.colcon_core.package_identification:_identify(documentacion/docs/experimentaciones) by extension 'colcon_pkg'
[0.474s] Level 1:colcon.colcon_core.package_identification:_identify(documentacion/docs/experimentaciones) by extensions ['colcon_meta']
[0.474s] Level 1:colcon.colcon_core.package_identification:_identify(documentacion/docs/experimentaciones) by extension 'colcon_meta'
[0.474s] Level 1:colcon.colcon_core.package_identification:_identify(documentacion/docs/experimentaciones) by extensions ['ros']
[0.474s] Level 1:colcon.colcon_core.package_identification:_identify(documentacion/docs/experimentaciones) by extension 'ros'
[0.474s] Level 1:colcon.colcon_core.package_identification:_identify(documentacion/docs/experimentaciones) by extensions ['cmake', 'python']
[0.474s] Level 1:colcon.colcon_core.package_identification:_identify(documentacion/docs/experimentaciones) by extension 'cmake'
[0.474s] Level 1:colcon.colcon_core.package_identification:_identify(documentacion/docs/experimentaciones) by extension 'python'
[0.474s] Level 1:colcon.colcon_core.package_identification:_identify(documentacion/docs/experimentaciones) by extensions ['python_setup_py']
[0.474s] Level 1:colcon.colcon_core.package_identification:_identify(documentacion/docs/experimentaciones) by extension 'python_setup_py'
[0.474s] Level 1:colcon.colcon_core.package_identification:_identify(documentacion/docs/experimentaciones/Pics) by extensions ['ignore', 'ignore_ament_install']
[0.474s] Level 1:colcon.colcon_core.package_identification:_identify(documentacion/docs/experimentaciones/Pics) by extension 'ignore'
[0.474s] Level 1:colcon.colcon_core.package_identification:_identify(documentacion/docs/experimentaciones/Pics) by extension 'ignore_ament_install'
[0.474s] Level 1:colcon.colcon_core.package_identification:_identify(documentacion/docs/experimentaciones/Pics) by extensions ['colcon_pkg']
[0.474s] Level 1:colcon.colcon_core.package_identification:_identify(documentacion/docs/experimentaciones/Pics) by extension 'colcon_pkg'
[0.474s] Level 1:colcon.colcon_core.package_identification:_identify(documentacion/docs/experimentaciones/Pics) by extensions ['colcon_meta']
[0.474s] Level 1:colcon.colcon_core.package_identification:_identify(documentacion/docs/experimentaciones/Pics) by extension 'colcon_meta'
[0.474s] Level 1:colcon.colcon_core.package_identification:_identify(documentacion/docs/experimentaciones/Pics) by extensions ['ros']
[0.474s] Level 1:colcon.colcon_core.package_identification:_identify(documentacion/docs/experimentaciones/Pics) by extension 'ros'
[0.474s] Level 1:colcon.colcon_core.package_identification:_identify(documentacion/docs/experimentaciones/Pics) by extensions ['cmake', 'python']
[0.474s] Level 1:colcon.colcon_core.package_identification:_identify(documentacion/docs/experimentaciones/Pics) by extension 'cmake'
[0.474s] Level 1:colcon.colcon_core.package_identification:_identify(documentacion/docs/experimentaciones/Pics) by extension 'python'
[0.475s] Level 1:colcon.colcon_core.package_identification:_identify(documentacion/docs/experimentaciones/Pics) by extensions ['python_setup_py']
[0.475s] Level 1:colcon.colcon_core.package_identification:_identify(documentacion/docs/experimentaciones/Pics) by extension 'python_setup_py'
[0.475s] Level 1:colcon.colcon_core.package_identification:_identify(documentacion/docs/experimentaciones/Sections) by extensions ['ignore', 'ignore_ament_install']
[0.475s] Level 1:colcon.colcon_core.package_identification:_identify(documentacion/docs/experimentaciones/Sections) by extension 'ignore'
[0.475s] Level 1:colcon.colcon_core.package_identification:_identify(documentacion/docs/experimentaciones/Sections) by extension 'ignore_ament_install'
[0.475s] Level 1:colcon.colcon_core.package_identification:_identify(documentacion/docs/experimentaciones/Sections) by extensions ['colcon_pkg']
[0.475s] Level 1:colcon.colcon_core.package_identification:_identify(documentacion/docs/experimentaciones/Sections) by extension 'colcon_pkg'
[0.475s] Level 1:colcon.colcon_core.package_identification:_identify(documentacion/docs/experimentaciones/Sections) by extensions ['colcon_meta']
[0.475s] Level 1:colcon.colcon_core.package_identification:_identify(documentacion/docs/experimentaciones/Sections) by extension 'colcon_meta'
[0.475s] Level 1:colcon.colcon_core.package_identification:_identify(documentacion/docs/experimentaciones/Sections) by extensions ['ros']
[0.475s] Level 1:colcon.colcon_core.package_identification:_identify(documentacion/docs/experimentaciones/Sections) by extension 'ros'
[0.475s] Level 1:colcon.colcon_core.package_identification:_identify(documentacion/docs/experimentaciones/Sections) by extensions ['cmake', 'python']
[0.475s] Level 1:colcon.colcon_core.package_identification:_identify(documentacion/docs/experimentaciones/Sections) by extension 'cmake'
[0.475s] Level 1:colcon.colcon_core.package_identification:_identify(documentacion/docs/experimentaciones/Sections) by extension 'python'
[0.475s] Level 1:colcon.colcon_core.package_identification:_identify(documentacion/docs/experimentaciones/Sections) by extensions ['python_setup_py']
[0.475s] Level 1:colcon.colcon_core.package_identification:_identify(documentacion/docs/experimentaciones/Sections) by extension 'python_setup_py'
[0.475s] Level 1:colcon.colcon_core.package_identification:_identify(documentacion/docs/ros2_arquitectura) by extensions ['ignore', 'ignore_ament_install']
[0.475s] Level 1:colcon.colcon_core.package_identification:_identify(documentacion/docs/ros2_arquitectura) by extension 'ignore'
[0.476s] Level 1:colcon.colcon_core.package_identification:_identify(documentacion/docs/ros2_arquitectura) by extension 'ignore_ament_install'
[0.476s] Level 1:colcon.colcon_core.package_identification:_identify(documentacion/docs/ros2_arquitectura) by extensions ['colcon_pkg']
[0.476s] Level 1:colcon.colcon_core.package_identification:_identify(documentacion/docs/ros2_arquitectura) by extension 'colcon_pkg'
[0.476s] Level 1:colcon.colcon_core.package_identification:_identify(documentacion/docs/ros2_arquitectura) by extensions ['colcon_meta']
[0.476s] Level 1:colcon.colcon_core.package_identification:_identify(documentacion/docs/ros2_arquitectura) by extension 'colcon_meta'
[0.476s] Level 1:colcon.colcon_core.package_identification:_identify(documentacion/docs/ros2_arquitectura) by extensions ['ros']
[0.476s] Level 1:colcon.colcon_core.package_identification:_identify(documentacion/docs/ros2_arquitectura) by extension 'ros'
[0.476s] Level 1:colcon.colcon_core.package_identification:_identify(documentacion/docs/ros2_arquitectura) by extensions ['cmake', 'python']
[0.476s] Level 1:colcon.colcon_core.package_identification:_identify(documentacion/docs/ros2_arquitectura) by extension 'cmake'
[0.476s] Level 1:colcon.colcon_core.package_identification:_identify(documentacion/docs/ros2_arquitectura) by extension 'python'
[0.476s] Level 1:colcon.colcon_core.package_identification:_identify(documentacion/docs/ros2_arquitectura) by extensions ['python_setup_py']
[0.476s] Level 1:colcon.colcon_core.package_identification:_identify(documentacion/docs/ros2_arquitectura) by extension 'python_setup_py'
[0.476s] Level 1:colcon.colcon_core.package_identification:_identify(documentacion/docs/ros2_arquitectura/Pics) by extensions ['ignore', 'ignore_ament_install']
[0.476s] Level 1:colcon.colcon_core.package_identification:_identify(documentacion/docs/ros2_arquitectura/Pics) by extension 'ignore'
[0.476s] Level 1:colcon.colcon_core.package_identification:_identify(documentacion/docs/ros2_arquitectura/Pics) by extension 'ignore_ament_install'
[0.476s] Level 1:colcon.colcon_core.package_identification:_identify(documentacion/docs/ros2_arquitectura/Pics) by extensions ['colcon_pkg']
[0.476s] Level 1:colcon.colcon_core.package_identification:_identify(documentacion/docs/ros2_arquitectura/Pics) by extension 'colcon_pkg'
[0.476s] Level 1:colcon.colcon_core.package_identification:_identify(documentacion/docs/ros2_arquitectura/Pics) by extensions ['colcon_meta']
[0.476s] Level 1:colcon.colcon_core.package_identification:_identify(documentacion/docs/ros2_arquitectura/Pics) by extension 'colcon_meta'
[0.476s] Level 1:colcon.colcon_core.package_identification:_identify(documentacion/docs/ros2_arquitectura/Pics) by extensions ['ros']
[0.476s] Level 1:colcon.colcon_core.package_identification:_identify(documentacion/docs/ros2_arquitectura/Pics) by extension 'ros'
[0.476s] Level 1:colcon.colcon_core.package_identification:_identify(documentacion/docs/ros2_arquitectura/Pics) by extensions ['cmake', 'python']
[0.476s] Level 1:colcon.colcon_core.package_identification:_identify(documentacion/docs/ros2_arquitectura/Pics) by extension 'cmake'
[0.477s] Level 1:colcon.colcon_core.package_identification:_identify(documentacion/docs/ros2_arquitectura/Pics) by extension 'python'
[0.477s] Level 1:colcon.colcon_core.package_identification:_identify(documentacion/docs/ros2_arquitectura/Pics) by extensions ['python_setup_py']
[0.477s] Level 1:colcon.colcon_core.package_identification:_identify(documentacion/docs/ros2_arquitectura/Pics) by extension 'python_setup_py'
[0.477s] Level 1:colcon.colcon_core.package_identification:_identify(documentacion/docs/ros2_arquitectura/Sections) by extensions ['ignore', 'ignore_ament_install']
[0.477s] Level 1:colcon.colcon_core.package_identification:_identify(documentacion/docs/ros2_arquitectura/Sections) by extension 'ignore'
[0.477s] Level 1:colcon.colcon_core.package_identification:_identify(documentacion/docs/ros2_arquitectura/Sections) by extension 'ignore_ament_install'
[0.477s] Level 1:colcon.colcon_core.package_identification:_identify(documentacion/docs/ros2_arquitectura/Sections) by extensions ['colcon_pkg']
[0.477s] Level 1:colcon.colcon_core.package_identification:_identify(documentacion/docs/ros2_arquitectura/Sections) by extension 'colcon_pkg'
[0.477s] Level 1:colcon.colcon_core.package_identification:_identify(documentacion/docs/ros2_arquitectura/Sections) by extensions ['colcon_meta']
[0.477s] Level 1:colcon.colcon_core.package_identification:_identify(documentacion/docs/ros2_arquitectura/Sections) by extension 'colcon_meta'
[0.477s] Level 1:colcon.colcon_core.package_identification:_identify(documentacion/docs/ros2_arquitectura/Sections) by extensions ['ros']
[0.477s] Level 1:colcon.colcon_core.package_identification:_identify(documentacion/docs/ros2_arquitectura/Sections) by extension 'ros'
[0.477s] Level 1:colcon.colcon_core.package_identification:_identify(documentacion/docs/ros2_arquitectura/Sections) by extensions ['cmake', 'python']
[0.477s] Level 1:colcon.colcon_core.package_identification:_identify(documentacion/docs/ros2_arquitectura/Sections) by extension 'cmake'
[0.477s] Level 1:colcon.colcon_core.package_identification:_identify(documentacion/docs/ros2_arquitectura/Sections) by extension 'python'
[0.477s] Level 1:colcon.colcon_core.package_identification:_identify(documentacion/docs/ros2_arquitectura/Sections) by extensions ['python_setup_py']
[0.477s] Level 1:colcon.colcon_core.package_identification:_identify(documentacion/docs/ros2_arquitectura/Sections) by extension 'python_setup_py'
[0.477s] Level 1:colcon.colcon_core.package_identification:_identify(documentacion/docs/seminario_iv) by extensions ['ignore', 'ignore_ament_install']
[0.477s] Level 1:colcon.colcon_core.package_identification:_identify(documentacion/docs/seminario_iv) by extension 'ignore'
[0.477s] Level 1:colcon.colcon_core.package_identification:_identify(documentacion/docs/seminario_iv) by extension 'ignore_ament_install'
[0.477s] Level 1:colcon.colcon_core.package_identification:_identify(documentacion/docs/seminario_iv) by extensions ['colcon_pkg']
[0.477s] Level 1:colcon.colcon_core.package_identification:_identify(documentacion/docs/seminario_iv) by extension 'colcon_pkg'
[0.477s] Level 1:colcon.colcon_core.package_identification:_identify(documentacion/docs/seminario_iv) by extensions ['colcon_meta']
[0.477s] Level 1:colcon.colcon_core.package_identification:_identify(documentacion/docs/seminario_iv) by extension 'colcon_meta'
[0.477s] Level 1:colcon.colcon_core.package_identification:_identify(documentacion/docs/seminario_iv) by extensions ['ros']
[0.478s] Level 1:colcon.colcon_core.package_identification:_identify(documentacion/docs/seminario_iv) by extension 'ros'
[0.478s] Level 1:colcon.colcon_core.package_identification:_identify(documentacion/docs/seminario_iv) by extensions ['cmake', 'python']
[0.478s] Level 1:colcon.colcon_core.package_identification:_identify(documentacion/docs/seminario_iv) by extension 'cmake'
[0.478s] Level 1:colcon.colcon_core.package_identification:_identify(documentacion/docs/seminario_iv) by extension 'python'
[0.478s] Level 1:colcon.colcon_core.package_identification:_identify(documentacion/docs/seminario_iv) by extensions ['python_setup_py']
[0.478s] Level 1:colcon.colcon_core.package_identification:_identify(documentacion/docs/seminario_iv) by extension 'python_setup_py'
[0.478s] Level 1:colcon.colcon_core.package_identification:_identify(documentacion/docs/seminario_iv/Pics) by extensions ['ignore', 'ignore_ament_install']
[0.478s] Level 1:colcon.colcon_core.package_identification:_identify(documentacion/docs/seminario_iv/Pics) by extension 'ignore'
[0.478s] Level 1:colcon.colcon_core.package_identification:_identify(documentacion/docs/seminario_iv/Pics) by extension 'ignore_ament_install'
[0.478s] Level 1:colcon.colcon_core.package_identification:_identify(documentacion/docs/seminario_iv/Pics) by extensions ['colcon_pkg']
[0.478s] Level 1:colcon.colcon_core.package_identification:_identify(documentacion/docs/seminario_iv/Pics) by extension 'colcon_pkg'
[0.478s] Level 1:colcon.colcon_core.package_identification:_identify(documentacion/docs/seminario_iv/Pics) by extensions ['colcon_meta']
[0.478s] Level 1:colcon.colcon_core.package_identification:_identify(documentacion/docs/seminario_iv/Pics) by extension 'colcon_meta'
[0.478s] Level 1:colcon.colcon_core.package_identification:_identify(documentacion/docs/seminario_iv/Pics) by extensions ['ros']
[0.478s] Level 1:colcon.colcon_core.package_identification:_identify(documentacion/docs/seminario_iv/Pics) by extension 'ros'
[0.478s] Level 1:colcon.colcon_core.package_identification:_identify(documentacion/docs/seminario_iv/Pics) by extensions ['cmake', 'python']
[0.478s] Level 1:colcon.colcon_core.package_identification:_identify(documentacion/docs/seminario_iv/Pics) by extension 'cmake'
[0.478s] Level 1:colcon.colcon_core.package_identification:_identify(documentacion/docs/seminario_iv/Pics) by extension 'python'
[0.478s] Level 1:colcon.colcon_core.package_identification:_identify(documentacion/docs/seminario_iv/Pics) by extensions ['python_setup_py']
[0.478s] Level 1:colcon.colcon_core.package_identification:_identify(documentacion/docs/seminario_iv/Pics) by extension 'python_setup_py'
[0.478s] Level 1:colcon.colcon_core.package_identification:_identify(documentacion/docs/seminario_iv/Pics/logos) by extensions ['ignore', 'ignore_ament_install']
[0.478s] Level 1:colcon.colcon_core.package_identification:_identify(documentacion/docs/seminario_iv/Pics/logos) by extension 'ignore'
[0.478s] Level 1:colcon.colcon_core.package_identification:_identify(documentacion/docs/seminario_iv/Pics/logos) by extension 'ignore_ament_install'
[0.478s] Level 1:colcon.colcon_core.package_identification:_identify(documentacion/docs/seminario_iv/Pics/logos) by extensions ['colcon_pkg']
[0.478s] Level 1:colcon.colcon_core.package_identification:_identify(documentacion/docs/seminario_iv/Pics/logos) by extension 'colcon_pkg'
[0.478s] Level 1:colcon.colcon_core.package_identification:_identify(documentacion/docs/seminario_iv/Pics/logos) by extensions ['colcon_meta']
[0.478s] Level 1:colcon.colcon_core.package_identification:_identify(documentacion/docs/seminario_iv/Pics/logos) by extension 'colcon_meta'
[0.479s] Level 1:colcon.colcon_core.package_identification:_identify(documentacion/docs/seminario_iv/Pics/logos) by extensions ['ros']
[0.479s] Level 1:colcon.colcon_core.package_identification:_identify(documentacion/docs/seminario_iv/Pics/logos) by extension 'ros'
[0.479s] Level 1:colcon.colcon_core.package_identification:_identify(documentacion/docs/seminario_iv/Pics/logos) by extensions ['cmake', 'python']
[0.479s] Level 1:colcon.colcon_core.package_identification:_identify(documentacion/docs/seminario_iv/Pics/logos) by extension 'cmake'
[0.479s] Level 1:colcon.colcon_core.package_identification:_identify(documentacion/docs/seminario_iv/Pics/logos) by extension 'python'
[0.479s] Level 1:colcon.colcon_core.package_identification:_identify(documentacion/docs/seminario_iv/Pics/logos) by extensions ['python_setup_py']
[0.479s] Level 1:colcon.colcon_core.package_identification:_identify(documentacion/docs/seminario_iv/Pics/logos) by extension 'python_setup_py'
[0.479s] Level 1:colcon.colcon_core.package_identification:_identify(documentacion/docs/seminario_iv/Sections) by extensions ['ignore', 'ignore_ament_install']
[0.479s] Level 1:colcon.colcon_core.package_identification:_identify(documentacion/docs/seminario_iv/Sections) by extension 'ignore'
[0.479s] Level 1:colcon.colcon_core.package_identification:_identify(documentacion/docs/seminario_iv/Sections) by extension 'ignore_ament_install'
[0.479s] Level 1:colcon.colcon_core.package_identification:_identify(documentacion/docs/seminario_iv/Sections) by extensions ['colcon_pkg']
[0.479s] Level 1:colcon.colcon_core.package_identification:_identify(documentacion/docs/seminario_iv/Sections) by extension 'colcon_pkg'
[0.479s] Level 1:colcon.colcon_core.package_identification:_identify(documentacion/docs/seminario_iv/Sections) by extensions ['colcon_meta']
[0.479s] Level 1:colcon.colcon_core.package_identification:_identify(documentacion/docs/seminario_iv/Sections) by extension 'colcon_meta'
[0.479s] Level 1:colcon.colcon_core.package_identification:_identify(documentacion/docs/seminario_iv/Sections) by extensions ['ros']
[0.479s] Level 1:colcon.colcon_core.package_identification:_identify(documentacion/docs/seminario_iv/Sections) by extension 'ros'
[0.479s] Level 1:colcon.colcon_core.package_identification:_identify(documentacion/docs/seminario_iv/Sections) by extensions ['cmake', 'python']
[0.479s] Level 1:colcon.colcon_core.package_identification:_identify(documentacion/docs/seminario_iv/Sections) by extension 'cmake'
[0.479s] Level 1:colcon.colcon_core.package_identification:_identify(documentacion/docs/seminario_iv/Sections) by extension 'python'
[0.479s] Level 1:colcon.colcon_core.package_identification:_identify(documentacion/docs/seminario_iv/Sections) by extensions ['python_setup_py']
[0.479s] Level 1:colcon.colcon_core.package_identification:_identify(documentacion/docs/seminario_iv/Sections) by extension 'python_setup_py'
[0.479s] Level 1:colcon.colcon_core.package_identification:_identify(documentacion/docs/seminario_iv/algoritmos) by extensions ['ignore', 'ignore_ament_install']
[0.479s] Level 1:colcon.colcon_core.package_identification:_identify(documentacion/docs/seminario_iv/algoritmos) by extension 'ignore'
[0.479s] Level 1:colcon.colcon_core.package_identification:_identify(documentacion/docs/seminario_iv/algoritmos) by extension 'ignore_ament_install'
[0.479s] Level 1:colcon.colcon_core.package_identification:_identify(documentacion/docs/seminario_iv/algoritmos) by extensions ['colcon_pkg']
[0.480s] Level 1:colcon.colcon_core.package_identification:_identify(documentacion/docs/seminario_iv/algoritmos) by extension 'colcon_pkg'
[0.480s] Level 1:colcon.colcon_core.package_identification:_identify(documentacion/docs/seminario_iv/algoritmos) by extensions ['colcon_meta']
[0.480s] Level 1:colcon.colcon_core.package_identification:_identify(documentacion/docs/seminario_iv/algoritmos) by extension 'colcon_meta'
[0.480s] Level 1:colcon.colcon_core.package_identification:_identify(documentacion/docs/seminario_iv/algoritmos) by extensions ['ros']
[0.480s] Level 1:colcon.colcon_core.package_identification:_identify(documentacion/docs/seminario_iv/algoritmos) by extension 'ros'
[0.480s] Level 1:colcon.colcon_core.package_identification:_identify(documentacion/docs/seminario_iv/algoritmos) by extensions ['cmake', 'python']
[0.480s] Level 1:colcon.colcon_core.package_identification:_identify(documentacion/docs/seminario_iv/algoritmos) by extension 'cmake'
[0.480s] Level 1:colcon.colcon_core.package_identification:_identify(documentacion/docs/seminario_iv/algoritmos) by extension 'python'
[0.480s] Level 1:colcon.colcon_core.package_identification:_identify(documentacion/docs/seminario_iv/algoritmos) by extensions ['python_setup_py']
[0.480s] Level 1:colcon.colcon_core.package_identification:_identify(documentacion/docs/seminario_iv/algoritmos) by extension 'python_setup_py'
[0.480s] Level 1:colcon.colcon_core.package_identification:_identify(documentacion/figuras) by extensions ['ignore', 'ignore_ament_install']
[0.480s] Level 1:colcon.colcon_core.package_identification:_identify(documentacion/figuras) by extension 'ignore'
[0.480s] Level 1:colcon.colcon_core.package_identification:_identify(documentacion/figuras) by extension 'ignore_ament_install'
[0.480s] Level 1:colcon.colcon_core.package_identification:_identify(documentacion/figuras) by extensions ['colcon_pkg']
[0.480s] Level 1:colcon.colcon_core.package_identification:_identify(documentacion/figuras) by extension 'colcon_pkg'
[0.480s] Level 1:colcon.colcon_core.package_identification:_identify(documentacion/figuras) by extensions ['colcon_meta']
[0.480s] Level 1:colcon.colcon_core.package_identification:_identify(documentacion/figuras) by extension 'colcon_meta'
[0.480s] Level 1:colcon.colcon_core.package_identification:_identify(documentacion/figuras) by extensions ['ros']
[0.480s] Level 1:colcon.colcon_core.package_identification:_identify(documentacion/figuras) by extension 'ros'
[0.480s] Level 1:colcon.colcon_core.package_identification:_identify(documentacion/figuras) by extensions ['cmake', 'python']
[0.480s] Level 1:colcon.colcon_core.package_identification:_identify(documentacion/figuras) by extension 'cmake'
[0.480s] Level 1:colcon.colcon_core.package_identification:_identify(documentacion/figuras) by extension 'python'
[0.480s] Level 1:colcon.colcon_core.package_identification:_identify(documentacion/figuras) by extensions ['python_setup_py']
[0.480s] Level 1:colcon.colcon_core.package_identification:_identify(documentacion/figuras) by extension 'python_setup_py'
[0.480s] Level 1:colcon.colcon_core.package_identification:_identify(documentacion/figuras/circular) by extensions ['ignore', 'ignore_ament_install']
[0.481s] Level 1:colcon.colcon_core.package_identification:_identify(documentacion/figuras/circular) by extension 'ignore'
[0.481s] Level 1:colcon.colcon_core.package_identification:_identify(documentacion/figuras/circular) by extension 'ignore_ament_install'
[0.481s] Level 1:colcon.colcon_core.package_identification:_identify(documentacion/figuras/circular) by extensions ['colcon_pkg']
[0.481s] Level 1:colcon.colcon_core.package_identification:_identify(documentacion/figuras/circular) by extension 'colcon_pkg'
[0.481s] Level 1:colcon.colcon_core.package_identification:_identify(documentacion/figuras/circular) by extensions ['colcon_meta']
[0.481s] Level 1:colcon.colcon_core.package_identification:_identify(documentacion/figuras/circular) by extension 'colcon_meta'
[0.481s] Level 1:colcon.colcon_core.package_identification:_identify(documentacion/figuras/circular) by extensions ['ros']
[0.481s] Level 1:colcon.colcon_core.package_identification:_identify(documentacion/figuras/circular) by extension 'ros'
[0.481s] Level 1:colcon.colcon_core.package_identification:_identify(documentacion/figuras/circular) by extensions ['cmake', 'python']
[0.481s] Level 1:colcon.colcon_core.package_identification:_identify(documentacion/figuras/circular) by extension 'cmake'
[0.481s] Level 1:colcon.colcon_core.package_identification:_identify(documentacion/figuras/circular) by extension 'python'
[0.481s] Level 1:colcon.colcon_core.package_identification:_identify(documentacion/figuras/circular) by extensions ['python_setup_py']
[0.481s] Level 1:colcon.colcon_core.package_identification:_identify(documentacion/figuras/circular) by extension 'python_setup_py'
[0.481s] Level 1:colcon.colcon_core.package_identification:_identify(documentacion/figuras/circulo_pivote) by extensions ['ignore', 'ignore_ament_install']
[0.481s] Level 1:colcon.colcon_core.package_identification:_identify(documentacion/figuras/circulo_pivote) by extension 'ignore'
[0.481s] Level 1:colcon.colcon_core.package_identification:_identify(documentacion/figuras/circulo_pivote) by extension 'ignore_ament_install'
[0.481s] Level 1:colcon.colcon_core.package_identification:_identify(documentacion/figuras/circulo_pivote) by extensions ['colcon_pkg']
[0.481s] Level 1:colcon.colcon_core.package_identification:_identify(documentacion/figuras/circulo_pivote) by extension 'colcon_pkg'
[0.481s] Level 1:colcon.colcon_core.package_identification:_identify(documentacion/figuras/circulo_pivote) by extensions ['colcon_meta']
[0.481s] Level 1:colcon.colcon_core.package_identification:_identify(documentacion/figuras/circulo_pivote) by extension 'colcon_meta'
[0.481s] Level 1:colcon.colcon_core.package_identification:_identify(documentacion/figuras/circulo_pivote) by extensions ['ros']
[0.481s] Level 1:colcon.colcon_core.package_identification:_identify(documentacion/figuras/circulo_pivote) by extension 'ros'
[0.481s] Level 1:colcon.colcon_core.package_identification:_identify(documentacion/figuras/circulo_pivote) by extensions ['cmake', 'python']
[0.481s] Level 1:colcon.colcon_core.package_identification:_identify(documentacion/figuras/circulo_pivote) by extension 'cmake'
[0.481s] Level 1:colcon.colcon_core.package_identification:_identify(documentacion/figuras/circulo_pivote) by extension 'python'
[0.481s] Level 1:colcon.colcon_core.package_identification:_identify(documentacion/figuras/circulo_pivote) by extensions ['python_setup_py']
[0.481s] Level 1:colcon.colcon_core.package_identification:_identify(documentacion/figuras/circulo_pivote) by extension 'python_setup_py'
[0.482s] Level 1:colcon.colcon_core.package_identification:_identify(documentacion/figuras/consenso_lider) by extensions ['ignore', 'ignore_ament_install']
[0.482s] Level 1:colcon.colcon_core.package_identification:_identify(documentacion/figuras/consenso_lider) by extension 'ignore'
[0.482s] Level 1:colcon.colcon_core.package_identification:_identify(documentacion/figuras/consenso_lider) by extension 'ignore_ament_install'
[0.482s] Level 1:colcon.colcon_core.package_identification:_identify(documentacion/figuras/consenso_lider) by extensions ['colcon_pkg']
[0.482s] Level 1:colcon.colcon_core.package_identification:_identify(documentacion/figuras/consenso_lider) by extension 'colcon_pkg'
[0.482s] Level 1:colcon.colcon_core.package_identification:_identify(documentacion/figuras/consenso_lider) by extensions ['colcon_meta']
[0.482s] Level 1:colcon.colcon_core.package_identification:_identify(documentacion/figuras/consenso_lider) by extension 'colcon_meta'
[0.482s] Level 1:colcon.colcon_core.package_identification:_identify(documentacion/figuras/consenso_lider) by extensions ['ros']
[0.482s] Level 1:colcon.colcon_core.package_identification:_identify(documentacion/figuras/consenso_lider) by extension 'ros'
[0.482s] Level 1:colcon.colcon_core.package_identification:_identify(documentacion/figuras/consenso_lider) by extensions ['cmake', 'python']
[0.482s] Level 1:colcon.colcon_core.package_identification:_identify(documentacion/figuras/consenso_lider) by extension 'cmake'
[0.482s] Level 1:colcon.colcon_core.package_identification:_identify(documentacion/figuras/consenso_lider) by extension 'python'
[0.482s] Level 1:colcon.colcon_core.package_identification:_identify(documentacion/figuras/consenso_lider) by extensions ['python_setup_py']
[0.482s] Level 1:colcon.colcon_core.package_identification:_identify(documentacion/figuras/consenso_lider) by extension 'python_setup_py'
[0.482s] Level 1:colcon.colcon_core.package_identification:_identify(documentacion/figuras/consenso_prom) by extensions ['ignore', 'ignore_ament_install']
[0.482s] Level 1:colcon.colcon_core.package_identification:_identify(documentacion/figuras/consenso_prom) by extension 'ignore'
[0.482s] Level 1:colcon.colcon_core.package_identification:_identify(documentacion/figuras/consenso_prom) by extension 'ignore_ament_install'
[0.482s] Level 1:colcon.colcon_core.package_identification:_identify(documentacion/figuras/consenso_prom) by extensions ['colcon_pkg']
[0.482s] Level 1:colcon.colcon_core.package_identification:_identify(documentacion/figuras/consenso_prom) by extension 'colcon_pkg'
[0.482s] Level 1:colcon.colcon_core.package_identification:_identify(documentacion/figuras/consenso_prom) by extensions ['colcon_meta']
[0.482s] Level 1:colcon.colcon_core.package_identification:_identify(documentacion/figuras/consenso_prom) by extension 'colcon_meta'
[0.482s] Level 1:colcon.colcon_core.package_identification:_identify(documentacion/figuras/consenso_prom) by extensions ['ros']
[0.482s] Level 1:colcon.colcon_core.package_identification:_identify(documentacion/figuras/consenso_prom) by extension 'ros'
[0.482s] Level 1:colcon.colcon_core.package_identification:_identify(documentacion/figuras/consenso_prom) by extensions ['cmake', 'python']
[0.482s] Level 1:colcon.colcon_core.package_identification:_identify(documentacion/figuras/consenso_prom) by extension 'cmake'
[0.482s] Level 1:colcon.colcon_core.package_identification:_identify(documentacion/figuras/consenso_prom) by extension 'python'
[0.482s] Level 1:colcon.colcon_core.package_identification:_identify(documentacion/figuras/consenso_prom) by extensions ['python_setup_py']
[0.482s] Level 1:colcon.colcon_core.package_identification:_identify(documentacion/figuras/consenso_prom) by extension 'python_setup_py'
[0.483s] Level 1:colcon.colcon_core.package_identification:_identify(documentacion/figuras/esferas) by extensions ['ignore', 'ignore_ament_install']
[0.483s] Level 1:colcon.colcon_core.package_identification:_identify(documentacion/figuras/esferas) by extension 'ignore'
[0.483s] Level 1:colcon.colcon_core.package_identification:_identify(documentacion/figuras/esferas) by extension 'ignore_ament_install'
[0.483s] Level 1:colcon.colcon_core.package_identification:_identify(documentacion/figuras/esferas) by extensions ['colcon_pkg']
[0.483s] Level 1:colcon.colcon_core.package_identification:_identify(documentacion/figuras/esferas) by extension 'colcon_pkg'
[0.483s] Level 1:colcon.colcon_core.package_identification:_identify(documentacion/figuras/esferas) by extensions ['colcon_meta']
[0.483s] Level 1:colcon.colcon_core.package_identification:_identify(documentacion/figuras/esferas) by extension 'colcon_meta'
[0.483s] Level 1:colcon.colcon_core.package_identification:_identify(documentacion/figuras/esferas) by extensions ['ros']
[0.483s] Level 1:colcon.colcon_core.package_identification:_identify(documentacion/figuras/esferas) by extension 'ros'
[0.483s] Level 1:colcon.colcon_core.package_identification:_identify(documentacion/figuras/esferas) by extensions ['cmake', 'python']
[0.483s] Level 1:colcon.colcon_core.package_identification:_identify(documentacion/figuras/esferas) by extension 'cmake'
[0.483s] Level 1:colcon.colcon_core.package_identification:_identify(documentacion/figuras/esferas) by extension 'python'
[0.483s] Level 1:colcon.colcon_core.package_identification:_identify(documentacion/figuras/esferas) by extensions ['python_setup_py']
[0.483s] Level 1:colcon.colcon_core.package_identification:_identify(documentacion/figuras/esferas) by extension 'python_setup_py'
[0.484s] Level 1:colcon.colcon_core.package_identification:_identify(documentacion/figuras/esferas/frames) by extensions ['ignore', 'ignore_ament_install']
[0.484s] Level 1:colcon.colcon_core.package_identification:_identify(documentacion/figuras/esferas/frames) by extension 'ignore'
[0.484s] Level 1:colcon.colcon_core.package_identification:_identify(documentacion/figuras/esferas/frames) by extension 'ignore_ament_install'
[0.484s] Level 1:colcon.colcon_core.package_identification:_identify(documentacion/figuras/esferas/frames) by extensions ['colcon_pkg']
[0.484s] Level 1:colcon.colcon_core.package_identification:_identify(documentacion/figuras/esferas/frames) by extension 'colcon_pkg'
[0.484s] Level 1:colcon.colcon_core.package_identification:_identify(documentacion/figuras/esferas/frames) by extensions ['colcon_meta']
[0.484s] Level 1:colcon.colcon_core.package_identification:_identify(documentacion/figuras/esferas/frames) by extension 'colcon_meta'
[0.484s] Level 1:colcon.colcon_core.package_identification:_identify(documentacion/figuras/esferas/frames) by extensions ['ros']
[0.484s] Level 1:colcon.colcon_core.package_identification:_identify(documentacion/figuras/esferas/frames) by extension 'ros'
[0.484s] Level 1:colcon.colcon_core.package_identification:_identify(documentacion/figuras/esferas/frames) by extensions ['cmake', 'python']
[0.484s] Level 1:colcon.colcon_core.package_identification:_identify(documentacion/figuras/esferas/frames) by extension 'cmake'
[0.484s] Level 1:colcon.colcon_core.package_identification:_identify(documentacion/figuras/esferas/frames) by extension 'python'
[0.484s] Level 1:colcon.colcon_core.package_identification:_identify(documentacion/figuras/esferas/frames) by extensions ['python_setup_py']
[0.484s] Level 1:colcon.colcon_core.package_identification:_identify(documentacion/figuras/esferas/frames) by extension 'python_setup_py'
[0.484s] Level 1:colcon.colcon_core.package_identification:_identify(documentacion/figuras/esferas/gifs) by extensions ['ignore', 'ignore_ament_install']
[0.484s] Level 1:colcon.colcon_core.package_identification:_identify(documentacion/figuras/esferas/gifs) by extension 'ignore'
[0.484s] Level 1:colcon.colcon_core.package_identification:_identify(documentacion/figuras/esferas/gifs) by extension 'ignore_ament_install'
[0.484s] Level 1:colcon.colcon_core.package_identification:_identify(documentacion/figuras/esferas/gifs) by extensions ['colcon_pkg']
[0.485s] Level 1:colcon.colcon_core.package_identification:_identify(documentacion/figuras/esferas/gifs) by extension 'colcon_pkg'
[0.485s] Level 1:colcon.colcon_core.package_identification:_identify(documentacion/figuras/esferas/gifs) by extensions ['colcon_meta']
[0.485s] Level 1:colcon.colcon_core.package_identification:_identify(documentacion/figuras/esferas/gifs) by extension 'colcon_meta'
[0.485s] Level 1:colcon.colcon_core.package_identification:_identify(documentacion/figuras/esferas/gifs) by extensions ['ros']
[0.485s] Level 1:colcon.colcon_core.package_identification:_identify(documentacion/figuras/esferas/gifs) by extension 'ros'
[0.485s] Level 1:colcon.colcon_core.package_identification:_identify(documentacion/figuras/esferas/gifs) by extensions ['cmake', 'python']
[0.485s] Level 1:colcon.colcon_core.package_identification:_identify(documentacion/figuras/esferas/gifs) by extension 'cmake'
[0.485s] Level 1:colcon.colcon_core.package_identification:_identify(documentacion/figuras/esferas/gifs) by extension 'python'
[0.485s] Level 1:colcon.colcon_core.package_identification:_identify(documentacion/figuras/esferas/gifs) by extensions ['python_setup_py']
[0.485s] Level 1:colcon.colcon_core.package_identification:_identify(documentacion/figuras/esferas/gifs) by extension 'python_setup_py'
[0.485s] Level 1:colcon.colcon_core.package_identification:_identify(documentacion/figuras/formacion) by extensions ['ignore', 'ignore_ament_install']
[0.485s] Level 1:colcon.colcon_core.package_identification:_identify(documentacion/figuras/formacion) by extension 'ignore'
[0.485s] Level 1:colcon.colcon_core.package_identification:_identify(documentacion/figuras/formacion) by extension 'ignore_ament_install'
[0.485s] Level 1:colcon.colcon_core.package_identification:_identify(documentacion/figuras/formacion) by extensions ['colcon_pkg']
[0.485s] Level 1:colcon.colcon_core.package_identification:_identify(documentacion/figuras/formacion) by extension 'colcon_pkg'
[0.485s] Level 1:colcon.colcon_core.package_identification:_identify(documentacion/figuras/formacion) by extensions ['colcon_meta']
[0.485s] Level 1:colcon.colcon_core.package_identification:_identify(documentacion/figuras/formacion) by extension 'colcon_meta'
[0.485s] Level 1:colcon.colcon_core.package_identification:_identify(documentacion/figuras/formacion) by extensions ['ros']
[0.485s] Level 1:colcon.colcon_core.package_identification:_identify(documentacion/figuras/formacion) by extension 'ros'
[0.485s] Level 1:colcon.colcon_core.package_identification:_identify(documentacion/figuras/formacion) by extensions ['cmake', 'python']
[0.485s] Level 1:colcon.colcon_core.package_identification:_identify(documentacion/figuras/formacion) by extension 'cmake'
[0.485s] Level 1:colcon.colcon_core.package_identification:_identify(documentacion/figuras/formacion) by extension 'python'
[0.485s] Level 1:colcon.colcon_core.package_identification:_identify(documentacion/figuras/formacion) by extensions ['python_setup_py']
[0.485s] Level 1:colcon.colcon_core.package_identification:_identify(documentacion/figuras/formacion) by extension 'python_setup_py'
[0.485s] Level 1:colcon.colcon_core.package_identification:_identify(documentacion/figuras/formacion/frames) by extensions ['ignore', 'ignore_ament_install']
[0.485s] Level 1:colcon.colcon_core.package_identification:_identify(documentacion/figuras/formacion/frames) by extension 'ignore'
[0.485s] Level 1:colcon.colcon_core.package_identification:_identify(documentacion/figuras/formacion/frames) by extension 'ignore_ament_install'
[0.485s] Level 1:colcon.colcon_core.package_identification:_identify(documentacion/figuras/formacion/frames) by extensions ['colcon_pkg']
[0.486s] Level 1:colcon.colcon_core.package_identification:_identify(documentacion/figuras/formacion/frames) by extension 'colcon_pkg'
[0.486s] Level 1:colcon.colcon_core.package_identification:_identify(documentacion/figuras/formacion/frames) by extensions ['colcon_meta']
[0.486s] Level 1:colcon.colcon_core.package_identification:_identify(documentacion/figuras/formacion/frames) by extension 'colcon_meta'
[0.486s] Level 1:colcon.colcon_core.package_identification:_identify(documentacion/figuras/formacion/frames) by extensions ['ros']
[0.486s] Level 1:colcon.colcon_core.package_identification:_identify(documentacion/figuras/formacion/frames) by extension 'ros'
[0.486s] Level 1:colcon.colcon_core.package_identification:_identify(documentacion/figuras/formacion/frames) by extensions ['cmake', 'python']
[0.486s] Level 1:colcon.colcon_core.package_identification:_identify(documentacion/figuras/formacion/frames) by extension 'cmake'
[0.486s] Level 1:colcon.colcon_core.package_identification:_identify(documentacion/figuras/formacion/frames) by extension 'python'
[0.486s] Level 1:colcon.colcon_core.package_identification:_identify(documentacion/figuras/formacion/frames) by extensions ['python_setup_py']
[0.486s] Level 1:colcon.colcon_core.package_identification:_identify(documentacion/figuras/formacion/frames) by extension 'python_setup_py'
[0.486s] Level 1:colcon.colcon_core.package_identification:_identify(documentacion/figuras/formacion/gifs) by extensions ['ignore', 'ignore_ament_install']
[0.486s] Level 1:colcon.colcon_core.package_identification:_identify(documentacion/figuras/formacion/gifs) by extension 'ignore'
[0.486s] Level 1:colcon.colcon_core.package_identification:_identify(documentacion/figuras/formacion/gifs) by extension 'ignore_ament_install'
[0.486s] Level 1:colcon.colcon_core.package_identification:_identify(documentacion/figuras/formacion/gifs) by extensions ['colcon_pkg']
[0.486s] Level 1:colcon.colcon_core.package_identification:_identify(documentacion/figuras/formacion/gifs) by extension 'colcon_pkg'
[0.486s] Level 1:colcon.colcon_core.package_identification:_identify(documentacion/figuras/formacion/gifs) by extensions ['colcon_meta']
[0.486s] Level 1:colcon.colcon_core.package_identification:_identify(documentacion/figuras/formacion/gifs) by extension 'colcon_meta'
[0.486s] Level 1:colcon.colcon_core.package_identification:_identify(documentacion/figuras/formacion/gifs) by extensions ['ros']
[0.486s] Level 1:colcon.colcon_core.package_identification:_identify(documentacion/figuras/formacion/gifs) by extension 'ros'
[0.486s] Level 1:colcon.colcon_core.package_identification:_identify(documentacion/figuras/formacion/gifs) by extensions ['cmake', 'python']
[0.486s] Level 1:colcon.colcon_core.package_identification:_identify(documentacion/figuras/formacion/gifs) by extension 'cmake'
[0.486s] Level 1:colcon.colcon_core.package_identification:_identify(documentacion/figuras/formacion/gifs) by extension 'python'
[0.486s] Level 1:colcon.colcon_core.package_identification:_identify(documentacion/figuras/formacion/gifs) by extensions ['python_setup_py']
[0.486s] Level 1:colcon.colcon_core.package_identification:_identify(documentacion/figuras/formacion/gifs) by extension 'python_setup_py'
[0.486s] Level 1:colcon.colcon_core.package_identification:_identify(documentacion/figuras/formacion2) by extensions ['ignore', 'ignore_ament_install']
[0.486s] Level 1:colcon.colcon_core.package_identification:_identify(documentacion/figuras/formacion2) by extension 'ignore'
[0.486s] Level 1:colcon.colcon_core.package_identification:_identify(documentacion/figuras/formacion2) by extension 'ignore_ament_install'
[0.486s] Level 1:colcon.colcon_core.package_identification:_identify(documentacion/figuras/formacion2) by extensions ['colcon_pkg']
[0.486s] Level 1:colcon.colcon_core.package_identification:_identify(documentacion/figuras/formacion2) by extension 'colcon_pkg'
[0.487s] Level 1:colcon.colcon_core.package_identification:_identify(documentacion/figuras/formacion2) by extensions ['colcon_meta']
[0.487s] Level 1:colcon.colcon_core.package_identification:_identify(documentacion/figuras/formacion2) by extension 'colcon_meta'
[0.487s] Level 1:colcon.colcon_core.package_identification:_identify(documentacion/figuras/formacion2) by extensions ['ros']
[0.487s] Level 1:colcon.colcon_core.package_identification:_identify(documentacion/figuras/formacion2) by extension 'ros'
[0.487s] Level 1:colcon.colcon_core.package_identification:_identify(documentacion/figuras/formacion2) by extensions ['cmake', 'python']
[0.487s] Level 1:colcon.colcon_core.package_identification:_identify(documentacion/figuras/formacion2) by extension 'cmake'
[0.487s] Level 1:colcon.colcon_core.package_identification:_identify(documentacion/figuras/formacion2) by extension 'python'
[0.487s] Level 1:colcon.colcon_core.package_identification:_identify(documentacion/figuras/formacion2) by extensions ['python_setup_py']
[0.487s] Level 1:colcon.colcon_core.package_identification:_identify(documentacion/figuras/formacion2) by extension 'python_setup_py'
[0.487s] Level 1:colcon.colcon_core.package_identification:_identify(documentacion/figuras/vs_formacion) by extensions ['ignore', 'ignore_ament_install']
[0.487s] Level 1:colcon.colcon_core.package_identification:_identify(documentacion/figuras/vs_formacion) by extension 'ignore'
[0.487s] Level 1:colcon.colcon_core.package_identification:_identify(documentacion/figuras/vs_formacion) by extension 'ignore_ament_install'
[0.487s] Level 1:colcon.colcon_core.package_identification:_identify(documentacion/figuras/vs_formacion) by extensions ['colcon_pkg']
[0.487s] Level 1:colcon.colcon_core.package_identification:_identify(documentacion/figuras/vs_formacion) by extension 'colcon_pkg'
[0.487s] Level 1:colcon.colcon_core.package_identification:_identify(documentacion/figuras/vs_formacion) by extensions ['colcon_meta']
[0.487s] Level 1:colcon.colcon_core.package_identification:_identify(documentacion/figuras/vs_formacion) by extension 'colcon_meta'
[0.487s] Level 1:colcon.colcon_core.package_identification:_identify(documentacion/figuras/vs_formacion) by extensions ['ros']
[0.487s] Level 1:colcon.colcon_core.package_identification:_identify(documentacion/figuras/vs_formacion) by extension 'ros'
[0.487s] Level 1:colcon.colcon_core.package_identification:_identify(documentacion/figuras/vs_formacion) by extensions ['cmake', 'python']
[0.487s] Level 1:colcon.colcon_core.package_identification:_identify(documentacion/figuras/vs_formacion) by extension 'cmake'
[0.487s] Level 1:colcon.colcon_core.package_identification:_identify(documentacion/figuras/vs_formacion) by extension 'python'
[0.487s] Level 1:colcon.colcon_core.package_identification:_identify(documentacion/figuras/vs_formacion) by extensions ['python_setup_py']
[0.487s] Level 1:colcon.colcon_core.package_identification:_identify(documentacion/figuras/vs_formacion) by extension 'python_setup_py'
[0.488s] Level 1:colcon.colcon_core.package_identification:_identify(documentacion/figuras/vs_formacion/frames) by extensions ['ignore', 'ignore_ament_install']
[0.488s] Level 1:colcon.colcon_core.package_identification:_identify(documentacion/figuras/vs_formacion/frames) by extension 'ignore'
[0.488s] Level 1:colcon.colcon_core.package_identification:_identify(documentacion/figuras/vs_formacion/frames) by extension 'ignore_ament_install'
[0.488s] Level 1:colcon.colcon_core.package_identification:_identify(documentacion/figuras/vs_formacion/frames) by extensions ['colcon_pkg']
[0.488s] Level 1:colcon.colcon_core.package_identification:_identify(documentacion/figuras/vs_formacion/frames) by extension 'colcon_pkg'
[0.488s] Level 1:colcon.colcon_core.package_identification:_identify(documentacion/figuras/vs_formacion/frames) by extensions ['colcon_meta']
[0.488s] Level 1:colcon.colcon_core.package_identification:_identify(documentacion/figuras/vs_formacion/frames) by extension 'colcon_meta'
[0.488s] Level 1:colcon.colcon_core.package_identification:_identify(documentacion/figuras/vs_formacion/frames) by extensions ['ros']
[0.488s] Level 1:colcon.colcon_core.package_identification:_identify(documentacion/figuras/vs_formacion/frames) by extension 'ros'
[0.488s] Level 1:colcon.colcon_core.package_identification:_identify(documentacion/figuras/vs_formacion/frames) by extensions ['cmake', 'python']
[0.488s] Level 1:colcon.colcon_core.package_identification:_identify(documentacion/figuras/vs_formacion/frames) by extension 'cmake'
[0.488s] Level 1:colcon.colcon_core.package_identification:_identify(documentacion/figuras/vs_formacion/frames) by extension 'python'
[0.488s] Level 1:colcon.colcon_core.package_identification:_identify(documentacion/figuras/vs_formacion/frames) by extensions ['python_setup_py']
[0.488s] Level 1:colcon.colcon_core.package_identification:_identify(documentacion/figuras/vs_formacion/frames) by extension 'python_setup_py'
[0.488s] Level 1:colcon.colcon_core.package_identification:_identify(documentacion/figuras/vs_formacion/gifs) by extensions ['ignore', 'ignore_ament_install']
[0.488s] Level 1:colcon.colcon_core.package_identification:_identify(documentacion/figuras/vs_formacion/gifs) by extension 'ignore'
[0.488s] Level 1:colcon.colcon_core.package_identification:_identify(documentacion/figuras/vs_formacion/gifs) by extension 'ignore_ament_install'
[0.488s] Level 1:colcon.colcon_core.package_identification:_identify(documentacion/figuras/vs_formacion/gifs) by extensions ['colcon_pkg']
[0.488s] Level 1:colcon.colcon_core.package_identification:_identify(documentacion/figuras/vs_formacion/gifs) by extension 'colcon_pkg'
[0.488s] Level 1:colcon.colcon_core.package_identification:_identify(documentacion/figuras/vs_formacion/gifs) by extensions ['colcon_meta']
[0.488s] Level 1:colcon.colcon_core.package_identification:_identify(documentacion/figuras/vs_formacion/gifs) by extension 'colcon_meta'
[0.488s] Level 1:colcon.colcon_core.package_identification:_identify(documentacion/figuras/vs_formacion/gifs) by extensions ['ros']
[0.488s] Level 1:colcon.colcon_core.package_identification:_identify(documentacion/figuras/vs_formacion/gifs) by extension 'ros'
[0.488s] Level 1:colcon.colcon_core.package_identification:_identify(documentacion/figuras/vs_formacion/gifs) by extensions ['cmake', 'python']
[0.489s] Level 1:colcon.colcon_core.package_identification:_identify(documentacion/figuras/vs_formacion/gifs) by extension 'cmake'
[0.489s] Level 1:colcon.colcon_core.package_identification:_identify(documentacion/figuras/vs_formacion/gifs) by extension 'python'
[0.489s] Level 1:colcon.colcon_core.package_identification:_identify(documentacion/figuras/vs_formacion/gifs) by extensions ['python_setup_py']
[0.489s] Level 1:colcon.colcon_core.package_identification:_identify(documentacion/figuras/vs_formacion/gifs) by extension 'python_setup_py'
[0.489s] Level 1:colcon.colcon_core.package_identification:_identify(documentacion/figures_pva) by extensions ['ignore', 'ignore_ament_install']
[0.489s] Level 1:colcon.colcon_core.package_identification:_identify(documentacion/figures_pva) by extension 'ignore'
[0.489s] Level 1:colcon.colcon_core.package_identification:_identify(documentacion/figures_pva) by extension 'ignore_ament_install'
[0.489s] Level 1:colcon.colcon_core.package_identification:_identify(documentacion/figures_pva) by extensions ['colcon_pkg']
[0.489s] Level 1:colcon.colcon_core.package_identification:_identify(documentacion/figures_pva) by extension 'colcon_pkg'
[0.489s] Level 1:colcon.colcon_core.package_identification:_identify(documentacion/figures_pva) by extensions ['colcon_meta']
[0.489s] Level 1:colcon.colcon_core.package_identification:_identify(documentacion/figures_pva) by extension 'colcon_meta'
[0.489s] Level 1:colcon.colcon_core.package_identification:_identify(documentacion/figures_pva) by extensions ['ros']
[0.489s] Level 1:colcon.colcon_core.package_identification:_identify(documentacion/figures_pva) by extension 'ros'
[0.489s] Level 1:colcon.colcon_core.package_identification:_identify(documentacion/figures_pva) by extensions ['cmake', 'python']
[0.489s] Level 1:colcon.colcon_core.package_identification:_identify(documentacion/figures_pva) by extension 'cmake'
[0.489s] Level 1:colcon.colcon_core.package_identification:_identify(documentacion/figures_pva) by extension 'python'
[0.489s] Level 1:colcon.colcon_core.package_identification:_identify(documentacion/figures_pva) by extensions ['python_setup_py']
[0.489s] Level 1:colcon.colcon_core.package_identification:_identify(documentacion/figures_pva) by extension 'python_setup_py'
[0.489s] Level 1:colcon.colcon_core.package_identification:_identify(install) by extensions ['ignore', 'ignore_ament_install']
[0.489s] Level 1:colcon.colcon_core.package_identification:_identify(install) by extension 'ignore'
[0.490s] Level 1:colcon.colcon_core.package_identification:_identify(install) ignored
[0.490s] Level 1:colcon.colcon_core.package_identification:_identify(log) by extensions ['ignore', 'ignore_ament_install']
[0.490s] Level 1:colcon.colcon_core.package_identification:_identify(log) by extension 'ignore'
[0.490s] Level 1:colcon.colcon_core.package_identification:_identify(log) ignored
[0.490s] Level 1:colcon.colcon_core.package_identification:_identify(ws3) by extensions ['ignore', 'ignore_ament_install']
[0.490s] Level 1:colcon.colcon_core.package_identification:_identify(ws3) by extension 'ignore'
[0.490s] Level 1:colcon.colcon_core.package_identification:_identify(ws3) by extension 'ignore_ament_install'
[0.490s] Level 1:colcon.colcon_core.package_identification:_identify(ws3) by extensions ['colcon_pkg']
[0.490s] Level 1:colcon.colcon_core.package_identification:_identify(ws3) by extension 'colcon_pkg'
[0.490s] Level 1:colcon.colcon_core.package_identification:_identify(ws3) by extensions ['colcon_meta']
[0.490s] Level 1:colcon.colcon_core.package_identification:_identify(ws3) by extension 'colcon_meta'
[0.490s] Level 1:colcon.colcon_core.package_identification:_identify(ws3) by extensions ['ros']
[0.490s] Level 1:colcon.colcon_core.package_identification:_identify(ws3) by extension 'ros'
[0.490s] Level 1:colcon.colcon_core.package_identification:_identify(ws3) by extensions ['cmake', 'python']
[0.490s] Level 1:colcon.colcon_core.package_identification:_identify(ws3) by extension 'cmake'
[0.490s] Level 1:colcon.colcon_core.package_identification:_identify(ws3) by extension 'python'
[0.490s] Level 1:colcon.colcon_core.package_identification:_identify(ws3) by extensions ['python_setup_py']
[0.490s] Level 1:colcon.colcon_core.package_identification:_identify(ws3) by extension 'python_setup_py'
[0.490s] Level 1:colcon.colcon_core.package_identification:_identify(ws3/build) by extensions ['ignore', 'ignore_ament_install']
[0.491s] Level 1:colcon.colcon_core.package_identification:_identify(ws3/build) by extension 'ignore'
[0.491s] Level 1:colcon.colcon_core.package_identification:_identify(ws3/build) ignored
[0.491s] Level 1:colcon.colcon_core.package_identification:_identify(ws3/figuras) by extensions ['ignore', 'ignore_ament_install']
[0.491s] Level 1:colcon.colcon_core.package_identification:_identify(ws3/figuras) by extension 'ignore'
[0.491s] Level 1:colcon.colcon_core.package_identification:_identify(ws3/figuras) by extension 'ignore_ament_install'
[0.491s] Level 1:colcon.colcon_core.package_identification:_identify(ws3/figuras) by extensions ['colcon_pkg']
[0.491s] Level 1:colcon.colcon_core.package_identification:_identify(ws3/figuras) by extension 'colcon_pkg'
[0.491s] Level 1:colcon.colcon_core.package_identification:_identify(ws3/figuras) by extensions ['colcon_meta']
[0.491s] Level 1:colcon.colcon_core.package_identification:_identify(ws3/figuras) by extension 'colcon_meta'
[0.491s] Level 1:colcon.colcon_core.package_identification:_identify(ws3/figuras) by extensions ['ros']
[0.491s] Level 1:colcon.colcon_core.package_identification:_identify(ws3/figuras) by extension 'ros'
[0.491s] Level 1:colcon.colcon_core.package_identification:_identify(ws3/figuras) by extensions ['cmake', 'python']
[0.491s] Level 1:colcon.colcon_core.package_identification:_identify(ws3/figuras) by extension 'cmake'
[0.491s] Level 1:colcon.colcon_core.package_identification:_identify(ws3/figuras) by extension 'python'
[0.491s] Level 1:colcon.colcon_core.package_identification:_identify(ws3/figuras) by extensions ['python_setup_py']
[0.491s] Level 1:colcon.colcon_core.package_identification:_identify(ws3/figuras) by extension 'python_setup_py'
[0.491s] Level 1:colcon.colcon_core.package_identification:_identify(ws3/figuras/demo_pva) by extensions ['ignore', 'ignore_ament_install']
[0.491s] Level 1:colcon.colcon_core.package_identification:_identify(ws3/figuras/demo_pva) by extension 'ignore'
[0.491s] Level 1:colcon.colcon_core.package_identification:_identify(ws3/figuras/demo_pva) by extension 'ignore_ament_install'
[0.491s] Level 1:colcon.colcon_core.package_identification:_identify(ws3/figuras/demo_pva) by extensions ['colcon_pkg']
[0.491s] Level 1:colcon.colcon_core.package_identification:_identify(ws3/figuras/demo_pva) by extension 'colcon_pkg'
[0.491s] Level 1:colcon.colcon_core.package_identification:_identify(ws3/figuras/demo_pva) by extensions ['colcon_meta']
[0.491s] Level 1:colcon.colcon_core.package_identification:_identify(ws3/figuras/demo_pva) by extension 'colcon_meta'
[0.492s] Level 1:colcon.colcon_core.package_identification:_identify(ws3/figuras/demo_pva) by extensions ['ros']
[0.492s] Level 1:colcon.colcon_core.package_identification:_identify(ws3/figuras/demo_pva) by extension 'ros'
[0.492s] Level 1:colcon.colcon_core.package_identification:_identify(ws3/figuras/demo_pva) by extensions ['cmake', 'python']
[0.492s] Level 1:colcon.colcon_core.package_identification:_identify(ws3/figuras/demo_pva) by extension 'cmake'
[0.492s] Level 1:colcon.colcon_core.package_identification:_identify(ws3/figuras/demo_pva) by extension 'python'
[0.492s] Level 1:colcon.colcon_core.package_identification:_identify(ws3/figuras/demo_pva) by extensions ['python_setup_py']
[0.492s] Level 1:colcon.colcon_core.package_identification:_identify(ws3/figuras/demo_pva) by extension 'python_setup_py'
[0.492s] Level 1:colcon.colcon_core.package_identification:_identify(ws3/figuras/demo_pva/frames) by extensions ['ignore', 'ignore_ament_install']
[0.492s] Level 1:colcon.colcon_core.package_identification:_identify(ws3/figuras/demo_pva/frames) by extension 'ignore'
[0.492s] Level 1:colcon.colcon_core.package_identification:_identify(ws3/figuras/demo_pva/frames) by extension 'ignore_ament_install'
[0.492s] Level 1:colcon.colcon_core.package_identification:_identify(ws3/figuras/demo_pva/frames) by extensions ['colcon_pkg']
[0.492s] Level 1:colcon.colcon_core.package_identification:_identify(ws3/figuras/demo_pva/frames) by extension 'colcon_pkg'
[0.492s] Level 1:colcon.colcon_core.package_identification:_identify(ws3/figuras/demo_pva/frames) by extensions ['colcon_meta']
[0.492s] Level 1:colcon.colcon_core.package_identification:_identify(ws3/figuras/demo_pva/frames) by extension 'colcon_meta'
[0.492s] Level 1:colcon.colcon_core.package_identification:_identify(ws3/figuras/demo_pva/frames) by extensions ['ros']
[0.492s] Level 1:colcon.colcon_core.package_identification:_identify(ws3/figuras/demo_pva/frames) by extension 'ros'
[0.492s] Level 1:colcon.colcon_core.package_identification:_identify(ws3/figuras/demo_pva/frames) by extensions ['cmake', 'python']
[0.492s] Level 1:colcon.colcon_core.package_identification:_identify(ws3/figuras/demo_pva/frames) by extension 'cmake'
[0.492s] Level 1:colcon.colcon_core.package_identification:_identify(ws3/figuras/demo_pva/frames) by extension 'python'
[0.492s] Level 1:colcon.colcon_core.package_identification:_identify(ws3/figuras/demo_pva/frames) by extensions ['python_setup_py']
[0.492s] Level 1:colcon.colcon_core.package_identification:_identify(ws3/figuras/demo_pva/frames) by extension 'python_setup_py'
[0.492s] Level 1:colcon.colcon_core.package_identification:_identify(ws3/figuras/demo_pva/gifs) by extensions ['ignore', 'ignore_ament_install']
[0.493s] Level 1:colcon.colcon_core.package_identification:_identify(ws3/figuras/demo_pva/gifs) by extension 'ignore'
[0.493s] Level 1:colcon.colcon_core.package_identification:_identify(ws3/figuras/demo_pva/gifs) by extension 'ignore_ament_install'
[0.493s] Level 1:colcon.colcon_core.package_identification:_identify(ws3/figuras/demo_pva/gifs) by extensions ['colcon_pkg']
[0.493s] Level 1:colcon.colcon_core.package_identification:_identify(ws3/figuras/demo_pva/gifs) by extension 'colcon_pkg'
[0.493s] Level 1:colcon.colcon_core.package_identification:_identify(ws3/figuras/demo_pva/gifs) by extensions ['colcon_meta']
[0.493s] Level 1:colcon.colcon_core.package_identification:_identify(ws3/figuras/demo_pva/gifs) by extension 'colcon_meta'
[0.493s] Level 1:colcon.colcon_core.package_identification:_identify(ws3/figuras/demo_pva/gifs) by extensions ['ros']
[0.493s] Level 1:colcon.colcon_core.package_identification:_identify(ws3/figuras/demo_pva/gifs) by extension 'ros'
[0.493s] Level 1:colcon.colcon_core.package_identification:_identify(ws3/figuras/demo_pva/gifs) by extensions ['cmake', 'python']
[0.493s] Level 1:colcon.colcon_core.package_identification:_identify(ws3/figuras/demo_pva/gifs) by extension 'cmake'
[0.493s] Level 1:colcon.colcon_core.package_identification:_identify(ws3/figuras/demo_pva/gifs) by extension 'python'
[0.493s] Level 1:colcon.colcon_core.package_identification:_identify(ws3/figuras/demo_pva/gifs) by extensions ['python_setup_py']
[0.493s] Level 1:colcon.colcon_core.package_identification:_identify(ws3/figuras/demo_pva/gifs) by extension 'python_setup_py'
[0.493s] Level 1:colcon.colcon_core.package_identification:_identify(ws3/figuras/formacion) by extensions ['ignore', 'ignore_ament_install']
[0.493s] Level 1:colcon.colcon_core.package_identification:_identify(ws3/figuras/formacion) by extension 'ignore'
[0.493s] Level 1:colcon.colcon_core.package_identification:_identify(ws3/figuras/formacion) by extension 'ignore_ament_install'
[0.493s] Level 1:colcon.colcon_core.package_identification:_identify(ws3/figuras/formacion) by extensions ['colcon_pkg']
[0.493s] Level 1:colcon.colcon_core.package_identification:_identify(ws3/figuras/formacion) by extension 'colcon_pkg'
[0.493s] Level 1:colcon.colcon_core.package_identification:_identify(ws3/figuras/formacion) by extensions ['colcon_meta']
[0.493s] Level 1:colcon.colcon_core.package_identification:_identify(ws3/figuras/formacion) by extension 'colcon_meta'
[0.493s] Level 1:colcon.colcon_core.package_identification:_identify(ws3/figuras/formacion) by extensions ['ros']
[0.493s] Level 1:colcon.colcon_core.package_identification:_identify(ws3/figuras/formacion) by extension 'ros'
[0.493s] Level 1:colcon.colcon_core.package_identification:_identify(ws3/figuras/formacion) by extensions ['cmake', 'python']
[0.493s] Level 1:colcon.colcon_core.package_identification:_identify(ws3/figuras/formacion) by extension 'cmake'
[0.493s] Level 1:colcon.colcon_core.package_identification:_identify(ws3/figuras/formacion) by extension 'python'
[0.493s] Level 1:colcon.colcon_core.package_identification:_identify(ws3/figuras/formacion) by extensions ['python_setup_py']
[0.493s] Level 1:colcon.colcon_core.package_identification:_identify(ws3/figuras/formacion) by extension 'python_setup_py'
[0.493s] Level 1:colcon.colcon_core.package_identification:_identify(ws3/figures_pva) by extensions ['ignore', 'ignore_ament_install']
[0.494s] Level 1:colcon.colcon_core.package_identification:_identify(ws3/figures_pva) by extension 'ignore'
[0.494s] Level 1:colcon.colcon_core.package_identification:_identify(ws3/figures_pva) by extension 'ignore_ament_install'
[0.494s] Level 1:colcon.colcon_core.package_identification:_identify(ws3/figures_pva) by extensions ['colcon_pkg']
[0.494s] Level 1:colcon.colcon_core.package_identification:_identify(ws3/figures_pva) by extension 'colcon_pkg'
[0.494s] Level 1:colcon.colcon_core.package_identification:_identify(ws3/figures_pva) by extensions ['colcon_meta']
[0.494s] Level 1:colcon.colcon_core.package_identification:_identify(ws3/figures_pva) by extension 'colcon_meta'
[0.494s] Level 1:colcon.colcon_core.package_identification:_identify(ws3/figures_pva) by extensions ['ros']
[0.494s] Level 1:colcon.colcon_core.package_identification:_identify(ws3/figures_pva) by extension 'ros'
[0.494s] Level 1:colcon.colcon_core.package_identification:_identify(ws3/figures_pva) by extensions ['cmake', 'python']
[0.494s] Level 1:colcon.colcon_core.package_identification:_identify(ws3/figures_pva) by extension 'cmake'
[0.494s] Level 1:colcon.colcon_core.package_identification:_identify(ws3/figures_pva) by extension 'python'
[0.494s] Level 1:colcon.colcon_core.package_identification:_identify(ws3/figures_pva) by extensions ['python_setup_py']
[0.494s] Level 1:colcon.colcon_core.package_identification:_identify(ws3/figures_pva) by extension 'python_setup_py'
[0.494s] Level 1:colcon.colcon_core.package_identification:_identify(ws3/install) by extensions ['ignore', 'ignore_ament_install']
[0.494s] Level 1:colcon.colcon_core.package_identification:_identify(ws3/install) by extension 'ignore'
[0.494s] Level 1:colcon.colcon_core.package_identification:_identify(ws3/install) ignored
[0.494s] Level 1:colcon.colcon_core.package_identification:_identify(ws3/log) by extensions ['ignore', 'ignore_ament_install']
[0.494s] Level 1:colcon.colcon_core.package_identification:_identify(ws3/log) by extension 'ignore'
[0.494s] Level 1:colcon.colcon_core.package_identification:_identify(ws3/log) ignored
[0.494s] Level 1:colcon.colcon_core.package_identification:_identify(ws3/src) by extensions ['ignore', 'ignore_ament_install']
[0.495s] Level 1:colcon.colcon_core.package_identification:_identify(ws3/src) by extension 'ignore'
[0.495s] Level 1:colcon.colcon_core.package_identification:_identify(ws3/src) by extension 'ignore_ament_install'
[0.495s] Level 1:colcon.colcon_core.package_identification:_identify(ws3/src) by extensions ['colcon_pkg']
[0.495s] Level 1:colcon.colcon_core.package_identification:_identify(ws3/src) by extension 'colcon_pkg'
[0.495s] Level 1:colcon.colcon_core.package_identification:_identify(ws3/src) by extensions ['colcon_meta']
[0.495s] Level 1:colcon.colcon_core.package_identification:_identify(ws3/src) by extension 'colcon_meta'
[0.495s] Level 1:colcon.colcon_core.package_identification:_identify(ws3/src) by extensions ['ros']
[0.495s] Level 1:colcon.colcon_core.package_identification:_identify(ws3/src) by extension 'ros'
[0.495s] Level 1:colcon.colcon_core.package_identification:_identify(ws3/src) by extensions ['cmake', 'python']
[0.495s] Level 1:colcon.colcon_core.package_identification:_identify(ws3/src) by extension 'cmake'
[0.495s] Level 1:colcon.colcon_core.package_identification:_identify(ws3/src) by extension 'python'
[0.495s] Level 1:colcon.colcon_core.package_identification:_identify(ws3/src) by extensions ['python_setup_py']
[0.495s] Level 1:colcon.colcon_core.package_identification:_identify(ws3/src) by extension 'python_setup_py'
[0.495s] Level 1:colcon.colcon_core.package_identification:_identify(ws3/src/articubot_one) by extensions ['ignore', 'ignore_ament_install']
[0.495s] Level 1:colcon.colcon_core.package_identification:_identify(ws3/src/articubot_one) by extension 'ignore'
[0.495s] Level 1:colcon.colcon_core.package_identification:_identify(ws3/src/articubot_one) by extension 'ignore_ament_install'
[0.495s] Level 1:colcon.colcon_core.package_identification:_identify(ws3/src/articubot_one) by extensions ['colcon_pkg']
[0.495s] Level 1:colcon.colcon_core.package_identification:_identify(ws3/src/articubot_one) by extension 'colcon_pkg'
[0.495s] Level 1:colcon.colcon_core.package_identification:_identify(ws3/src/articubot_one) by extensions ['colcon_meta']
[0.495s] Level 1:colcon.colcon_core.package_identification:_identify(ws3/src/articubot_one) by extension 'colcon_meta'
[0.495s] Level 1:colcon.colcon_core.package_identification:_identify(ws3/src/articubot_one) by extensions ['ros']
[0.495s] Level 1:colcon.colcon_core.package_identification:_identify(ws3/src/articubot_one) by extension 'ros'
[0.498s] DEBUG:colcon.colcon_core.package_identification:Package 'ws3/src/articubot_one' with type 'ros.ament_cmake' and name 'articubot_one'
[0.498s] Level 1:colcon.colcon_core.package_identification:_identify(ws3/src/control_nodes) by extensions ['ignore', 'ignore_ament_install']
[0.498s] Level 1:colcon.colcon_core.package_identification:_identify(ws3/src/control_nodes) by extension 'ignore'
[0.498s] Level 1:colcon.colcon_core.package_identification:_identify(ws3/src/control_nodes) by extension 'ignore_ament_install'
[0.498s] Level 1:colcon.colcon_core.package_identification:_identify(ws3/src/control_nodes) by extensions ['colcon_pkg']
[0.498s] Level 1:colcon.colcon_core.package_identification:_identify(ws3/src/control_nodes) by extension 'colcon_pkg'
[0.498s] Level 1:colcon.colcon_core.package_identification:_identify(ws3/src/control_nodes) by extensions ['colcon_meta']
[0.498s] Level 1:colcon.colcon_core.package_identification:_identify(ws3/src/control_nodes) by extension 'colcon_meta'
[0.498s] Level 1:colcon.colcon_core.package_identification:_identify(ws3/src/control_nodes) by extensions ['ros']
[0.498s] Level 1:colcon.colcon_core.package_identification:_identify(ws3/src/control_nodes) by extension 'ros'
[0.499s] DEBUG:colcon.colcon_core.package_identification:Package 'ws3/src/control_nodes' with type 'ros.ament_python' and name 'control_nodes'
[0.499s] Level 1:colcon.colcon_core.package_identification:_identify(ws3/src/multi_robot_interfaces) by extensions ['ignore', 'ignore_ament_install']
[0.499s] Level 1:colcon.colcon_core.package_identification:_identify(ws3/src/multi_robot_interfaces) by extension 'ignore'
[0.499s] Level 1:colcon.colcon_core.package_identification:_identify(ws3/src/multi_robot_interfaces) by extension 'ignore_ament_install'
[0.499s] Level 1:colcon.colcon_core.package_identification:_identify(ws3/src/multi_robot_interfaces) by extensions ['colcon_pkg']
[0.499s] Level 1:colcon.colcon_core.package_identification:_identify(ws3/src/multi_robot_interfaces) by extension 'colcon_pkg'
[0.499s] Level 1:colcon.colcon_core.package_identification:_identify(ws3/src/multi_robot_interfaces) by extensions ['colcon_meta']
[0.499s] Level 1:colcon.colcon_core.package_identification:_identify(ws3/src/multi_robot_interfaces) by extension 'colcon_meta'
[0.499s] Level 1:colcon.colcon_core.package_identification:_identify(ws3/src/multi_robot_interfaces) by extensions ['ros']
[0.499s] Level 1:colcon.colcon_core.package_identification:_identify(ws3/src/multi_robot_interfaces) by extension 'ros'
[0.500s] DEBUG:colcon.colcon_core.package_identification:Package 'ws3/src/multi_robot_interfaces' with type 'ros.ament_cmake' and name 'multi_robot_interfaces'
[0.500s] Level 1:colcon.colcon_core.package_identification:_identify(ws3/src/simulador) by extensions ['ignore', 'ignore_ament_install']
[0.500s] Level 1:colcon.colcon_core.package_identification:_identify(ws3/src/simulador) by extension 'ignore'
[0.500s] Level 1:colcon.colcon_core.package_identification:_identify(ws3/src/simulador) by extension 'ignore_ament_install'
[0.500s] Level 1:colcon.colcon_core.package_identification:_identify(ws3/src/simulador) by extensions ['colcon_pkg']
[0.500s] Level 1:colcon.colcon_core.package_identification:_identify(ws3/src/simulador) by extension 'colcon_pkg'
[0.500s] Level 1:colcon.colcon_core.package_identification:_identify(ws3/src/simulador) by extensions ['colcon_meta']
[0.500s] Level 1:colcon.colcon_core.package_identification:_identify(ws3/src/simulador) by extension 'colcon_meta'
[0.500s] Level 1:colcon.colcon_core.package_identification:_identify(ws3/src/simulador) by extensions ['ros']
[0.500s] Level 1:colcon.colcon_core.package_identification:_identify(ws3/src/simulador) by extension 'ros'
[0.501s] DEBUG:colcon.colcon_core.package_identification:Package 'ws3/src/simulador' with type 'ros.ament_python' and name 'simulador'
[0.501s] Level 1:colcon.colcon_core.package_identification:_identify(ws3/ws3_p) by extensions ['ignore', 'ignore_ament_install']
[0.501s] Level 1:colcon.colcon_core.package_identification:_identify(ws3/ws3_p) by extension 'ignore'
[0.501s] Level 1:colcon.colcon_core.package_identification:_identify(ws3/ws3_p) by extension 'ignore_ament_install'
[0.501s] Level 1:colcon.colcon_core.package_identification:_identify(ws3/ws3_p) by extensions ['colcon_pkg']
[0.501s] Level 1:colcon.colcon_core.package_identification:_identify(ws3/ws3_p) by extension 'colcon_pkg'
[0.501s] Level 1:colcon.colcon_core.package_identification:_identify(ws3/ws3_p) by extensions ['colcon_meta']
[0.501s] Level 1:colcon.colcon_core.package_identification:_identify(ws3/ws3_p) by extension 'colcon_meta'
[0.501s] Level 1:colcon.colcon_core.package_identification:_identify(ws3/ws3_p) by extensions ['ros']
[0.501s] Level 1:colcon.colcon_core.package_identification:_identify(ws3/ws3_p) by extension 'ros'
[0.501s] Level 1:colcon.colcon_core.package_identification:_identify(ws3/ws3_p) by extensions ['cmake', 'python']
[0.501s] Level 1:colcon.colcon_core.package_identification:_identify(ws3/ws3_p) by extension 'cmake'
[0.501s] Level 1:colcon.colcon_core.package_identification:_identify(ws3/ws3_p) by extension 'python'
[0.501s] Level 1:colcon.colcon_core.package_identification:_identify(ws3/ws3_p) by extensions ['python_setup_py']
[0.501s] Level 1:colcon.colcon_core.package_identification:_identify(ws3/ws3_p) by extension 'python_setup_py'
[0.502s] Level 1:colcon.colcon_core.package_identification:_identify(ws3/ws3_p/algorithms) by extensions ['ignore', 'ignore_ament_install']
[0.502s] Level 1:colcon.colcon_core.package_identification:_identify(ws3/ws3_p/algorithms) by extension 'ignore'
[0.502s] Level 1:colcon.colcon_core.package_identification:_identify(ws3/ws3_p/algorithms) by extension 'ignore_ament_install'
[0.502s] Level 1:colcon.colcon_core.package_identification:_identify(ws3/ws3_p/algorithms) by extensions ['colcon_pkg']
[0.502s] Level 1:colcon.colcon_core.package_identification:_identify(ws3/ws3_p/algorithms) by extension 'colcon_pkg'
[0.502s] Level 1:colcon.colcon_core.package_identification:_identify(ws3/ws3_p/algorithms) by extensions ['colcon_meta']
[0.502s] Level 1:colcon.colcon_core.package_identification:_identify(ws3/ws3_p/algorithms) by extension 'colcon_meta'
[0.502s] Level 1:colcon.colcon_core.package_identification:_identify(ws3/ws3_p/algorithms) by extensions ['ros']
[0.502s] Level 1:colcon.colcon_core.package_identification:_identify(ws3/ws3_p/algorithms) by extension 'ros'
[0.502s] Level 1:colcon.colcon_core.package_identification:_identify(ws3/ws3_p/algorithms) by extensions ['cmake', 'python']
[0.502s] Level 1:colcon.colcon_core.package_identification:_identify(ws3/ws3_p/algorithms) by extension 'cmake'
[0.502s] Level 1:colcon.colcon_core.package_identification:_identify(ws3/ws3_p/algorithms) by extension 'python'
[0.502s] Level 1:colcon.colcon_core.package_identification:_identify(ws3/ws3_p/algorithms) by extensions ['python_setup_py']
[0.502s] Level 1:colcon.colcon_core.package_identification:_identify(ws3/ws3_p/algorithms) by extension 'python_setup_py'
[0.502s] Level 1:colcon.colcon_core.package_identification:_identify(ws3/ws3_p/algorithms/__pycache__) by extensions ['ignore', 'ignore_ament_install']
[0.502s] Level 1:colcon.colcon_core.package_identification:_identify(ws3/ws3_p/algorithms/__pycache__) by extension 'ignore'
[0.502s] Level 1:colcon.colcon_core.package_identification:_identify(ws3/ws3_p/algorithms/__pycache__) by extension 'ignore_ament_install'
[0.502s] Level 1:colcon.colcon_core.package_identification:_identify(ws3/ws3_p/algorithms/__pycache__) by extensions ['colcon_pkg']
[0.502s] Level 1:colcon.colcon_core.package_identification:_identify(ws3/ws3_p/algorithms/__pycache__) by extension 'colcon_pkg'
[0.502s] Level 1:colcon.colcon_core.package_identification:_identify(ws3/ws3_p/algorithms/__pycache__) by extensions ['colcon_meta']
[0.502s] Level 1:colcon.colcon_core.package_identification:_identify(ws3/ws3_p/algorithms/__pycache__) by extension 'colcon_meta'
[0.502s] Level 1:colcon.colcon_core.package_identification:_identify(ws3/ws3_p/algorithms/__pycache__) by extensions ['ros']
[0.502s] Level 1:colcon.colcon_core.package_identification:_identify(ws3/ws3_p/algorithms/__pycache__) by extension 'ros'
[0.502s] Level 1:colcon.colcon_core.package_identification:_identify(ws3/ws3_p/algorithms/__pycache__) by extensions ['cmake', 'python']
[0.502s] Level 1:colcon.colcon_core.package_identification:_identify(ws3/ws3_p/algorithms/__pycache__) by extension 'cmake'
[0.502s] Level 1:colcon.colcon_core.package_identification:_identify(ws3/ws3_p/algorithms/__pycache__) by extension 'python'
[0.502s] Level 1:colcon.colcon_core.package_identification:_identify(ws3/ws3_p/algorithms/__pycache__) by extensions ['python_setup_py']
[0.502s] Level 1:colcon.colcon_core.package_identification:_identify(ws3/ws3_p/algorithms/__pycache__) by extension 'python_setup_py'
[0.503s] Level 1:colcon.colcon_core.package_identification:_identify(ws3/ws3_p/figuras) by extensions ['ignore', 'ignore_ament_install']
[0.503s] Level 1:colcon.colcon_core.package_identification:_identify(ws3/ws3_p/figuras) by extension 'ignore'
[0.503s] Level 1:colcon.colcon_core.package_identification:_identify(ws3/ws3_p/figuras) by extension 'ignore_ament_install'
[0.503s] Level 1:colcon.colcon_core.package_identification:_identify(ws3/ws3_p/figuras) by extensions ['colcon_pkg']
[0.503s] Level 1:colcon.colcon_core.package_identification:_identify(ws3/ws3_p/figuras) by extension 'colcon_pkg'
[0.503s] Level 1:colcon.colcon_core.package_identification:_identify(ws3/ws3_p/figuras) by extensions ['colcon_meta']
[0.503s] Level 1:colcon.colcon_core.package_identification:_identify(ws3/ws3_p/figuras) by extension 'colcon_meta'
[0.503s] Level 1:colcon.colcon_core.package_identification:_identify(ws3/ws3_p/figuras) by extensions ['ros']
[0.503s] Level 1:colcon.colcon_core.package_identification:_identify(ws3/ws3_p/figuras) by extension 'ros'
[0.503s] Level 1:colcon.colcon_core.package_identification:_identify(ws3/ws3_p/figuras) by extensions ['cmake', 'python']
[0.503s] Level 1:colcon.colcon_core.package_identification:_identify(ws3/ws3_p/figuras) by extension 'cmake'
[0.503s] Level 1:colcon.colcon_core.package_identification:_identify(ws3/ws3_p/figuras) by extension 'python'
[0.503s] Level 1:colcon.colcon_core.package_identification:_identify(ws3/ws3_p/figuras) by extensions ['python_setup_py']
[0.503s] Level 1:colcon.colcon_core.package_identification:_identify(ws3/ws3_p/figuras) by extension 'python_setup_py'
[0.503s] Level 1:colcon.colcon_core.package_identification:_identify(ws3/ws3_p/figuras/s02b_radio_scan) by extensions ['ignore', 'ignore_ament_install']
[0.503s] Level 1:colcon.colcon_core.package_identification:_identify(ws3/ws3_p/figuras/s02b_radio_scan) by extension 'ignore'
[0.503s] Level 1:colcon.colcon_core.package_identification:_identify(ws3/ws3_p/figuras/s02b_radio_scan) by extension 'ignore_ament_install'
[0.503s] Level 1:colcon.colcon_core.package_identification:_identify(ws3/ws3_p/figuras/s02b_radio_scan) by extensions ['colcon_pkg']
[0.503s] Level 1:colcon.colcon_core.package_identification:_identify(ws3/ws3_p/figuras/s02b_radio_scan) by extension 'colcon_pkg'
[0.503s] Level 1:colcon.colcon_core.package_identification:_identify(ws3/ws3_p/figuras/s02b_radio_scan) by extensions ['colcon_meta']
[0.503s] Level 1:colcon.colcon_core.package_identification:_identify(ws3/ws3_p/figuras/s02b_radio_scan) by extension 'colcon_meta'
[0.503s] Level 1:colcon.colcon_core.package_identification:_identify(ws3/ws3_p/figuras/s02b_radio_scan) by extensions ['ros']
[0.503s] Level 1:colcon.colcon_core.package_identification:_identify(ws3/ws3_p/figuras/s02b_radio_scan) by extension 'ros'
[0.503s] Level 1:colcon.colcon_core.package_identification:_identify(ws3/ws3_p/figuras/s02b_radio_scan) by extensions ['cmake', 'python']
[0.503s] Level 1:colcon.colcon_core.package_identification:_identify(ws3/ws3_p/figuras/s02b_radio_scan) by extension 'cmake'
[0.503s] Level 1:colcon.colcon_core.package_identification:_identify(ws3/ws3_p/figuras/s02b_radio_scan) by extension 'python'
[0.503s] Level 1:colcon.colcon_core.package_identification:_identify(ws3/ws3_p/figuras/s02b_radio_scan) by extensions ['python_setup_py']
[0.503s] Level 1:colcon.colcon_core.package_identification:_identify(ws3/ws3_p/figuras/s02b_radio_scan) by extension 'python_setup_py'
[0.504s] Level 1:colcon.colcon_core.package_identification:_identify(ws3/ws3_p/figuras/s03_pivot_90) by extensions ['ignore', 'ignore_ament_install']
[0.504s] Level 1:colcon.colcon_core.package_identification:_identify(ws3/ws3_p/figuras/s03_pivot_90) by extension 'ignore'
[0.504s] Level 1:colcon.colcon_core.package_identification:_identify(ws3/ws3_p/figuras/s03_pivot_90) by extension 'ignore_ament_install'
[0.504s] Level 1:colcon.colcon_core.package_identification:_identify(ws3/ws3_p/figuras/s03_pivot_90) by extensions ['colcon_pkg']
[0.504s] Level 1:colcon.colcon_core.package_identification:_identify(ws3/ws3_p/figuras/s03_pivot_90) by extension 'colcon_pkg'
[0.504s] Level 1:colcon.colcon_core.package_identification:_identify(ws3/ws3_p/figuras/s03_pivot_90) by extensions ['colcon_meta']
[0.504s] Level 1:colcon.colcon_core.package_identification:_identify(ws3/ws3_p/figuras/s03_pivot_90) by extension 'colcon_meta'
[0.504s] Level 1:colcon.colcon_core.package_identification:_identify(ws3/ws3_p/figuras/s03_pivot_90) by extensions ['ros']
[0.504s] Level 1:colcon.colcon_core.package_identification:_identify(ws3/ws3_p/figuras/s03_pivot_90) by extension 'ros'
[0.504s] Level 1:colcon.colcon_core.package_identification:_identify(ws3/ws3_p/figuras/s03_pivot_90) by extensions ['cmake', 'python']
[0.504s] Level 1:colcon.colcon_core.package_identification:_identify(ws3/ws3_p/figuras/s03_pivot_90) by extension 'cmake'
[0.504s] Level 1:colcon.colcon_core.package_identification:_identify(ws3/ws3_p/figuras/s03_pivot_90) by extension 'python'
[0.504s] Level 1:colcon.colcon_core.package_identification:_identify(ws3/ws3_p/figuras/s03_pivot_90) by extensions ['python_setup_py']
[0.504s] Level 1:colcon.colcon_core.package_identification:_identify(ws3/ws3_p/figuras/s03_pivot_90) by extension 'python_setup_py'
[0.504s] Level 1:colcon.colcon_core.package_identification:_identify(ws3/ws3_p/figuras/s03_scan) by extensions ['ignore', 'ignore_ament_install']
[0.504s] Level 1:colcon.colcon_core.package_identification:_identify(ws3/ws3_p/figuras/s03_scan) by extension 'ignore'
[0.504s] Level 1:colcon.colcon_core.package_identification:_identify(ws3/ws3_p/figuras/s03_scan) by extension 'ignore_ament_install'
[0.504s] Level 1:colcon.colcon_core.package_identification:_identify(ws3/ws3_p/figuras/s03_scan) by extensions ['colcon_pkg']
[0.504s] Level 1:colcon.colcon_core.package_identification:_identify(ws3/ws3_p/figuras/s03_scan) by extension 'colcon_pkg'
[0.504s] Level 1:colcon.colcon_core.package_identification:_identify(ws3/ws3_p/figuras/s03_scan) by extensions ['colcon_meta']
[0.504s] Level 1:colcon.colcon_core.package_identification:_identify(ws3/ws3_p/figuras/s03_scan) by extension 'colcon_meta'
[0.504s] Level 1:colcon.colcon_core.package_identification:_identify(ws3/ws3_p/figuras/s03_scan) by extensions ['ros']
[0.504s] Level 1:colcon.colcon_core.package_identification:_identify(ws3/ws3_p/figuras/s03_scan) by extension 'ros'
[0.505s] Level 1:colcon.colcon_core.package_identification:_identify(ws3/ws3_p/figuras/s03_scan) by extensions ['cmake', 'python']
[0.505s] Level 1:colcon.colcon_core.package_identification:_identify(ws3/ws3_p/figuras/s03_scan) by extension 'cmake'
[0.505s] Level 1:colcon.colcon_core.package_identification:_identify(ws3/ws3_p/figuras/s03_scan) by extension 'python'
[0.505s] Level 1:colcon.colcon_core.package_identification:_identify(ws3/ws3_p/figuras/s03_scan) by extensions ['python_setup_py']
[0.505s] Level 1:colcon.colcon_core.package_identification:_identify(ws3/ws3_p/figuras/s03_scan) by extension 'python_setup_py'
[0.505s] Level 1:colcon.colcon_core.package_identification:_identify(ws3/ws3_p/figuras/s04_circulo_pivote) by extensions ['ignore', 'ignore_ament_install']
[0.505s] Level 1:colcon.colcon_core.package_identification:_identify(ws3/ws3_p/figuras/s04_circulo_pivote) by extension 'ignore'
[0.505s] Level 1:colcon.colcon_core.package_identification:_identify(ws3/ws3_p/figuras/s04_circulo_pivote) by extension 'ignore_ament_install'
[0.505s] Level 1:colcon.colcon_core.package_identification:_identify(ws3/ws3_p/figuras/s04_circulo_pivote) by extensions ['colcon_pkg']
[0.505s] Level 1:colcon.colcon_core.package_identification:_identify(ws3/ws3_p/figuras/s04_circulo_pivote) by extension 'colcon_pkg'
[0.505s] Level 1:colcon.colcon_core.package_identification:_identify(ws3/ws3_p/figuras/s04_circulo_pivote) by extensions ['colcon_meta']
[0.505s] Level 1:colcon.colcon_core.package_identification:_identify(ws3/ws3_p/figuras/s04_circulo_pivote) by extension 'colcon_meta'
[0.505s] Level 1:colcon.colcon_core.package_identification:_identify(ws3/ws3_p/figuras/s04_circulo_pivote) by extensions ['ros']
[0.505s] Level 1:colcon.colcon_core.package_identification:_identify(ws3/ws3_p/figuras/s04_circulo_pivote) by extension 'ros'
[0.505s] Level 1:colcon.colcon_core.package_identification:_identify(ws3/ws3_p/figuras/s04_circulo_pivote) by extensions ['cmake', 'python']
[0.505s] Level 1:colcon.colcon_core.package_identification:_identify(ws3/ws3_p/figuras/s04_circulo_pivote) by extension 'cmake'
[0.505s] Level 1:colcon.colcon_core.package_identification:_identify(ws3/ws3_p/figuras/s04_circulo_pivote) by extension 'python'
[0.505s] Level 1:colcon.colcon_core.package_identification:_identify(ws3/ws3_p/figuras/s04_circulo_pivote) by extensions ['python_setup_py']
[0.505s] Level 1:colcon.colcon_core.package_identification:_identify(ws3/ws3_p/figuras/s04_circulo_pivote) by extension 'python_setup_py'
[0.505s] Level 1:colcon.colcon_core.package_identification:_identify(ws3/ws3_p/figuras/s05_circulo) by extensions ['ignore', 'ignore_ament_install']
[0.505s] Level 1:colcon.colcon_core.package_identification:_identify(ws3/ws3_p/figuras/s05_circulo) by extension 'ignore'
[0.505s] Level 1:colcon.colcon_core.package_identification:_identify(ws3/ws3_p/figuras/s05_circulo) by extension 'ignore_ament_install'
[0.505s] Level 1:colcon.colcon_core.package_identification:_identify(ws3/ws3_p/figuras/s05_circulo) by extensions ['colcon_pkg']
[0.505s] Level 1:colcon.colcon_core.package_identification:_identify(ws3/ws3_p/figuras/s05_circulo) by extension 'colcon_pkg'
[0.505s] Level 1:colcon.colcon_core.package_identification:_identify(ws3/ws3_p/figuras/s05_circulo) by extensions ['colcon_meta']
[0.505s] Level 1:colcon.colcon_core.package_identification:_identify(ws3/ws3_p/figuras/s05_circulo) by extension 'colcon_meta'
[0.505s] Level 1:colcon.colcon_core.package_identification:_identify(ws3/ws3_p/figuras/s05_circulo) by extensions ['ros']
[0.505s] Level 1:colcon.colcon_core.package_identification:_identify(ws3/ws3_p/figuras/s05_circulo) by extension 'ros'
[0.506s] Level 1:colcon.colcon_core.package_identification:_identify(ws3/ws3_p/figuras/s05_circulo) by extensions ['cmake', 'python']
[0.506s] Level 1:colcon.colcon_core.package_identification:_identify(ws3/ws3_p/figuras/s05_circulo) by extension 'cmake'
[0.506s] Level 1:colcon.colcon_core.package_identification:_identify(ws3/ws3_p/figuras/s05_circulo) by extension 'python'
[0.506s] Level 1:colcon.colcon_core.package_identification:_identify(ws3/ws3_p/figuras/s05_circulo) by extensions ['python_setup_py']
[0.506s] Level 1:colcon.colcon_core.package_identification:_identify(ws3/ws3_p/figuras/s05_circulo) by extension 'python_setup_py'
[0.506s] Level 1:colcon.colcon_core.package_identification:_identify(ws3/ws3_p/figuras/s05_formacion_inicial) by extensions ['ignore', 'ignore_ament_install']
[0.506s] Level 1:colcon.colcon_core.package_identification:_identify(ws3/ws3_p/figuras/s05_formacion_inicial) by extension 'ignore'
[0.506s] Level 1:colcon.colcon_core.package_identification:_identify(ws3/ws3_p/figuras/s05_formacion_inicial) by extension 'ignore_ament_install'
[0.506s] Level 1:colcon.colcon_core.package_identification:_identify(ws3/ws3_p/figuras/s05_formacion_inicial) by extensions ['colcon_pkg']
[0.506s] Level 1:colcon.colcon_core.package_identification:_identify(ws3/ws3_p/figuras/s05_formacion_inicial) by extension 'colcon_pkg'
[0.506s] Level 1:colcon.colcon_core.package_identification:_identify(ws3/ws3_p/figuras/s05_formacion_inicial) by extensions ['colcon_meta']
[0.506s] Level 1:colcon.colcon_core.package_identification:_identify(ws3/ws3_p/figuras/s05_formacion_inicial) by extension 'colcon_meta'
[0.506s] Level 1:colcon.colcon_core.package_identification:_identify(ws3/ws3_p/figuras/s05_formacion_inicial) by extensions ['ros']
[0.506s] Level 1:colcon.colcon_core.package_identification:_identify(ws3/ws3_p/figuras/s05_formacion_inicial) by extension 'ros'
[0.506s] Level 1:colcon.colcon_core.package_identification:_identify(ws3/ws3_p/figuras/s05_formacion_inicial) by extensions ['cmake', 'python']
[0.506s] Level 1:colcon.colcon_core.package_identification:_identify(ws3/ws3_p/figuras/s05_formacion_inicial) by extension 'cmake'
[0.506s] Level 1:colcon.colcon_core.package_identification:_identify(ws3/ws3_p/figuras/s05_formacion_inicial) by extension 'python'
[0.506s] Level 1:colcon.colcon_core.package_identification:_identify(ws3/ws3_p/figuras/s05_formacion_inicial) by extensions ['python_setup_py']
[0.506s] Level 1:colcon.colcon_core.package_identification:_identify(ws3/ws3_p/figuras/s05_formacion_inicial) by extension 'python_setup_py'
[0.506s] Level 1:colcon.colcon_core.package_identification:_identify(ws3/ws3_p/robots) by extensions ['ignore', 'ignore_ament_install']
[0.506s] Level 1:colcon.colcon_core.package_identification:_identify(ws3/ws3_p/robots) by extension 'ignore'
[0.506s] Level 1:colcon.colcon_core.package_identification:_identify(ws3/ws3_p/robots) by extension 'ignore_ament_install'
[0.506s] Level 1:colcon.colcon_core.package_identification:_identify(ws3/ws3_p/robots) by extensions ['colcon_pkg']
[0.506s] Level 1:colcon.colcon_core.package_identification:_identify(ws3/ws3_p/robots) by extension 'colcon_pkg'
[0.506s] Level 1:colcon.colcon_core.package_identification:_identify(ws3/ws3_p/robots) by extensions ['colcon_meta']
[0.506s] Level 1:colcon.colcon_core.package_identification:_identify(ws3/ws3_p/robots) by extension 'colcon_meta'
[0.506s] Level 1:colcon.colcon_core.package_identification:_identify(ws3/ws3_p/robots) by extensions ['ros']
[0.506s] Level 1:colcon.colcon_core.package_identification:_identify(ws3/ws3_p/robots) by extension 'ros'
[0.507s] Level 1:colcon.colcon_core.package_identification:_identify(ws3/ws3_p/robots) by extensions ['cmake', 'python']
[0.507s] Level 1:colcon.colcon_core.package_identification:_identify(ws3/ws3_p/robots) by extension 'cmake'
[0.507s] Level 1:colcon.colcon_core.package_identification:_identify(ws3/ws3_p/robots) by extension 'python'
[0.507s] Level 1:colcon.colcon_core.package_identification:_identify(ws3/ws3_p/robots) by extensions ['python_setup_py']
[0.507s] Level 1:colcon.colcon_core.package_identification:_identify(ws3/ws3_p/robots) by extension 'python_setup_py'
[0.507s] Level 1:colcon.colcon_core.package_identification:_identify(ws3/ws3_p/scenarios) by extensions ['ignore', 'ignore_ament_install']
[0.507s] Level 1:colcon.colcon_core.package_identification:_identify(ws3/ws3_p/scenarios) by extension 'ignore'
[0.507s] Level 1:colcon.colcon_core.package_identification:_identify(ws3/ws3_p/scenarios) by extension 'ignore_ament_install'
[0.507s] Level 1:colcon.colcon_core.package_identification:_identify(ws3/ws3_p/scenarios) by extensions ['colcon_pkg']
[0.507s] Level 1:colcon.colcon_core.package_identification:_identify(ws3/ws3_p/scenarios) by extension 'colcon_pkg'
[0.507s] Level 1:colcon.colcon_core.package_identification:_identify(ws3/ws3_p/scenarios) by extensions ['colcon_meta']
[0.507s] Level 1:colcon.colcon_core.package_identification:_identify(ws3/ws3_p/scenarios) by extension 'colcon_meta'
[0.507s] Level 1:colcon.colcon_core.package_identification:_identify(ws3/ws3_p/scenarios) by extensions ['ros']
[0.507s] Level 1:colcon.colcon_core.package_identification:_identify(ws3/ws3_p/scenarios) by extension 'ros'
[0.507s] Level 1:colcon.colcon_core.package_identification:_identify(ws3/ws3_p/scenarios) by extensions ['cmake', 'python']
[0.507s] Level 1:colcon.colcon_core.package_identification:_identify(ws3/ws3_p/scenarios) by extension 'cmake'
[0.507s] Level 1:colcon.colcon_core.package_identification:_identify(ws3/ws3_p/scenarios) by extension 'python'
[0.507s] Level 1:colcon.colcon_core.package_identification:_identify(ws3/ws3_p/scenarios) by extensions ['python_setup_py']
[0.507s] Level 1:colcon.colcon_core.package_identification:_identify(ws3/ws3_p/scenarios) by extension 'python_setup_py'
[0.507s] Level 1:colcon.colcon_core.package_identification:_identify(ws3/ws3_p/sim) by extensions ['ignore', 'ignore_ament_install']
[0.507s] Level 1:colcon.colcon_core.package_identification:_identify(ws3/ws3_p/sim) by extension 'ignore'
[0.507s] Level 1:colcon.colcon_core.package_identification:_identify(ws3/ws3_p/sim) by extension 'ignore_ament_install'
[0.508s] Level 1:colcon.colcon_core.package_identification:_identify(ws3/ws3_p/sim) by extensions ['colcon_pkg']
[0.508s] Level 1:colcon.colcon_core.package_identification:_identify(ws3/ws3_p/sim) by extension 'colcon_pkg'
[0.508s] Level 1:colcon.colcon_core.package_identification:_identify(ws3/ws3_p/sim) by extensions ['colcon_meta']
[0.508s] Level 1:colcon.colcon_core.package_identification:_identify(ws3/ws3_p/sim) by extension 'colcon_meta'
[0.508s] Level 1:colcon.colcon_core.package_identification:_identify(ws3/ws3_p/sim) by extensions ['ros']
[0.508s] Level 1:colcon.colcon_core.package_identification:_identify(ws3/ws3_p/sim) by extension 'ros'
[0.508s] Level 1:colcon.colcon_core.package_identification:_identify(ws3/ws3_p/sim) by extensions ['cmake', 'python']
[0.508s] Level 1:colcon.colcon_core.package_identification:_identify(ws3/ws3_p/sim) by extension 'cmake'
[0.508s] Level 1:colcon.colcon_core.package_identification:_identify(ws3/ws3_p/sim) by extension 'python'
[0.508s] Level 1:colcon.colcon_core.package_identification:_identify(ws3/ws3_p/sim) by extensions ['python_setup_py']
[0.508s] Level 1:colcon.colcon_core.package_identification:_identify(ws3/ws3_p/sim) by extension 'python_setup_py'
[0.508s] Level 1:colcon.colcon_core.package_identification:_identify(ws3/ws3_p/viz) by extensions ['ignore', 'ignore_ament_install']
[0.508s] Level 1:colcon.colcon_core.package_identification:_identify(ws3/ws3_p/viz) by extension 'ignore'
[0.508s] Level 1:colcon.colcon_core.package_identification:_identify(ws3/ws3_p/viz) by extension 'ignore_ament_install'
[0.508s] Level 1:colcon.colcon_core.package_identification:_identify(ws3/ws3_p/viz) by extensions ['colcon_pkg']
[0.508s] Level 1:colcon.colcon_core.package_identification:_identify(ws3/ws3_p/viz) by extension 'colcon_pkg'
[0.508s] Level 1:colcon.colcon_core.package_identification:_identify(ws3/ws3_p/viz) by extensions ['colcon_meta']
[0.508s] Level 1:colcon.colcon_core.package_identification:_identify(ws3/ws3_p/viz) by extension 'colcon_meta'
[0.508s] Level 1:colcon.colcon_core.package_identification:_identify(ws3/ws3_p/viz) by extensions ['ros']
[0.508s] Level 1:colcon.colcon_core.package_identification:_identify(ws3/ws3_p/viz) by extension 'ros'
[0.508s] Level 1:colcon.colcon_core.package_identification:_identify(ws3/ws3_p/viz) by extensions ['cmake', 'python']
[0.508s] Level 1:colcon.colcon_core.package_identification:_identify(ws3/ws3_p/viz) by extension 'cmake'
[0.508s] Level 1:colcon.colcon_core.package_identification:_identify(ws3/ws3_p/viz) by extension 'python'
[0.508s] Level 1:colcon.colcon_core.package_identification:_identify(ws3/ws3_p/viz) by extensions ['python_setup_py']
[0.508s] Level 1:colcon.colcon_core.package_identification:_identify(ws3/ws3_p/viz) by extension 'python_setup_py'
[0.508s] Level 1:colcon.colcon_core.package_identification:_identify(ws3/ws3_p/viz/__pycache__) by extensions ['ignore', 'ignore_ament_install']
[0.509s] Level 1:colcon.colcon_core.package_identification:_identify(ws3/ws3_p/viz/__pycache__) by extension 'ignore'
[0.509s] Level 1:colcon.colcon_core.package_identification:_identify(ws3/ws3_p/viz/__pycache__) by extension 'ignore_ament_install'
[0.509s] Level 1:colcon.colcon_core.package_identification:_identify(ws3/ws3_p/viz/__pycache__) by extensions ['colcon_pkg']
[0.509s] Level 1:colcon.colcon_core.package_identification:_identify(ws3/ws3_p/viz/__pycache__) by extension 'colcon_pkg'
[0.509s] Level 1:colcon.colcon_core.package_identification:_identify(ws3/ws3_p/viz/__pycache__) by extensions ['colcon_meta']
[0.509s] Level 1:colcon.colcon_core.package_identification:_identify(ws3/ws3_p/viz/__pycache__) by extension 'colcon_meta'
[0.509s] Level 1:colcon.colcon_core.package_identification:_identify(ws3/ws3_p/viz/__pycache__) by extensions ['ros']
[0.509s] Level 1:colcon.colcon_core.package_identification:_identify(ws3/ws3_p/viz/__pycache__) by extension 'ros'
[0.509s] Level 1:colcon.colcon_core.package_identification:_identify(ws3/ws3_p/viz/__pycache__) by extensions ['cmake', 'python']
[0.509s] Level 1:colcon.colcon_core.package_identification:_identify(ws3/ws3_p/viz/__pycache__) by extension 'cmake'
[0.509s] Level 1:colcon.colcon_core.package_identification:_identify(ws3/ws3_p/viz/__pycache__) by extension 'python'
[0.509s] Level 1:colcon.colcon_core.package_identification:_identify(ws3/ws3_p/viz/__pycache__) by extensions ['python_setup_py']
[0.509s] Level 1:colcon.colcon_core.package_identification:_identify(ws3/ws3_p/viz/__pycache__) by extension 'python_setup_py'
[0.509s] Level 1:colcon.colcon_core.package_discovery:discover_packages(recursive) using defaults
[0.509s] Level 1:colcon.colcon_core.package_discovery:discover_packages(ignore) discover
[0.509s] Level 1:colcon.colcon_core.package_discovery:discover_packages(ignore) using defaults
[0.509s] Level 1:colcon.colcon_core.package_discovery:discover_packages(path) discover
[0.509s] Level 1:colcon.colcon_core.package_discovery:discover_packages(path) using defaults
[0.537s] INFO:colcon.colcon_core.package_selection:Skipping not selected package 'articubot_one' in 'ws3/src/articubot_one'
[0.537s] INFO:colcon.colcon_core.package_selection:Skipping not selected package 'multi_robot_interfaces' in 'ws3/src/multi_robot_interfaces'
[0.537s] INFO:colcon.colcon_core.package_selection:Skipping not selected package 'control_nodes' in 'ws3/src/control_nodes'
[0.538s] Level 1:colcon.colcon_core.package_discovery:discover_packages(prefix_path) check parameters
[0.538s] Level 1:colcon.colcon_core.package_discovery:discover_packages(prefix_path) discover
[0.541s] DEBUG:colcon.colcon_installed_package_information.package_discovery:Found 282 installed packages in /opt/ros/humble
[0.542s] Level 1:colcon.colcon_core.package_discovery:discover_packages(prefix_path) using defaults
[0.565s] Level 5:colcon.colcon_core.verb:set package 'simulador' build argument 'cmake_args' from command line to 'None'
[0.566s] Level 5:colcon.colcon_core.verb:set package 'simulador' build argument 'cmake_target' from command line to 'None'
[0.566s] Level 5:colcon.colcon_core.verb:set package 'simulador' build argument 'cmake_target_skip_unavailable' from command line to 'False'
[0.566s] Level 5:colcon.colcon_core.verb:set package 'simulador' build argument 'cmake_clean_cache' from command line to 'False'
[0.566s] Level 5:colcon.colcon_core.verb:set package 'simulador' build argument 'cmake_clean_first' from command line to 'False'
[0.566s] Level 5:colcon.colcon_core.verb:set package 'simulador' build argument 'cmake_force_configure' from command line to 'False'
[0.566s] Level 5:colcon.colcon_core.verb:set package 'simulador' build argument 'ament_cmake_args' from command line to 'None'
[0.566s] Level 5:colcon.colcon_core.verb:set package 'simulador' build argument 'catkin_cmake_args' from command line to 'None'
[0.566s] Level 5:colcon.colcon_core.verb:set package 'simulador' build argument 'catkin_skip_building_tests' from command line to 'False'
[0.566s] DEBUG:colcon.colcon_core.verb:Building package 'simulador' with the following arguments: {'ament_cmake_args': None, 'build_base': '/home/calafaker/Control-Formation/build/simulador', 'catkin_cmake_args': None, 'catkin_skip_building_tests': False, 'cmake_args': None, 'cmake_clean_cache': False, 'cmake_clean_first': False, 'cmake_force_configure': False, 'cmake_target': None, 'cmake_target_skip_unavailable': False, 'install_base': '/home/calafaker/Control-Formation/install/simulador', 'merge_install': False, 'path': '/home/calafaker/Control-Formation/ws3/src/simulador', 'symlink_install': False, 'test_result_base': None}
[0.566s] INFO:colcon.colcon_core.executor:Executing jobs using 'parallel' executor
[0.567s] DEBUG:colcon.colcon_parallel_executor.executor.parallel:run_until_complete
[0.567s] INFO:colcon.colcon_ros.task.ament_python.build:Building ROS package in '/home/calafaker/Control-Formation/ws3/src/simulador' with build type 'ament_python'
[0.567s] Level 1:colcon.colcon_core.shell:create_environment_hook('simulador', 'ament_prefix_path')
[0.571s] INFO:colcon.colcon_core.plugin_system:Skipping extension 'colcon_core.shell.bat': Not used on non-Windows systems
[0.571s] INFO:colcon.colcon_core.shell:Creating environment hook '/home/calafaker/Control-Formation/install/simulador/share/simulador/hook/ament_prefix_path.ps1'
[0.572s] INFO:colcon.colcon_core.shell:Creating environment descriptor '/home/calafaker/Control-Formation/install/simulador/share/simulador/hook/ament_prefix_path.dsv'
[0.573s] INFO:colcon.colcon_core.shell:Creating environment hook '/home/calafaker/Control-Formation/install/simulador/share/simulador/hook/ament_prefix_path.sh'
[0.574s] INFO:colcon.colcon_core.shell:Skip shell extension 'powershell' for command environment: Not usable outside of PowerShell
[0.574s] DEBUG:colcon.colcon_core.shell:Skip shell extension 'dsv' for command environment
[0.575s] ERROR:colcon.colcon_ros.task.ament_python.build:Failed to find the following files:
- /home/calafaker/Control-Formation/install/multi_robot_interfaces/share/multi_robot_interfaces/package.sh
Check that the following packages have been built:
- multi_robot_interfaces
[0.585s] DEBUG:colcon.colcon_parallel_executor.executor.parallel:closing loop
[0.586s] DEBUG:colcon.colcon_parallel_executor.executor.parallel:loop closed
[0.586s] DEBUG:colcon.colcon_parallel_executor.executor.parallel:run_until_complete finished with '1'
[0.586s] DEBUG:colcon.colcon_core.event_reactor:joining thread
[0.594s] INFO:colcon.colcon_core.plugin_system:Skipping extension 'colcon_notification.desktop_notification.terminal_notifier': Not used on non-Darwin systems
[0.594s] INFO:colcon.colcon_core.plugin_system:Skipping extension 'colcon_notification.desktop_notification.win32': Not used on non-Windows systems
[0.594s] INFO:colcon.colcon_notification.desktop_notification:Sending desktop notification using 'notify2'
[0.595s] DEBUG:colcon.colcon_notification.desktop_notification.notify2:Failed to initialize notify2: org.freedesktop.DBus.Error.ServiceUnknown: The name org.freedesktop.Notifications was not provided by any .service files
[0.595s] DEBUG:colcon.colcon_core.event_reactor:joined thread
[0.595s] INFO:colcon.colcon_core.shell:Creating prefix script '/home/calafaker/Control-Formation/install/local_setup.ps1'
[0.596s] INFO:colcon.colcon_core.shell:Creating prefix util module '/home/calafaker/Control-Formation/install/_local_setup_util_ps1.py'
[0.598s] INFO:colcon.colcon_core.shell:Creating prefix chain script '/home/calafaker/Control-Formation/install/setup.ps1'
[0.599s] INFO:colcon.colcon_core.shell:Creating prefix script '/home/calafaker/Control-Formation/install/local_setup.sh'
[0.599s] INFO:colcon.colcon_core.shell:Creating prefix util module '/home/calafaker/Control-Formation/install/_local_setup_util_sh.py'
[0.599s] INFO:colcon.colcon_core.shell:Creating prefix chain script '/home/calafaker/Control-Formation/install/setup.sh'
[0.600s] INFO:colcon.colcon_core.shell:Creating prefix script '/home/calafaker/Control-Formation/install/local_setup.bash'
[0.601s] INFO:colcon.colcon_core.shell:Creating prefix chain script '/home/calafaker/Control-Formation/install/setup.bash'
[0.601s] INFO:colcon.colcon_core.shell:Creating prefix script '/home/calafaker/Control-Formation/install/local_setup.zsh'
[0.602s] INFO:colcon.colcon_core.shell:Creating prefix chain script '/home/calafaker/Control-Formation/install/setup.zsh'
