[0.155s] DEBUG:colcon:Command line arguments: ['/usr/bin/colcon', 'build', '--packages-select', 'control_nodes', 'simulador', 'multi_robot_interfaces']
[0.155s] DEBUG:colcon:Parsed command line arguments: Namespace(log_base=None, log_level=None, verb_name='build', build_base='build', install_base='install', merge_install=False, symlink_install=False, test_result_base=None, continue_on_error=False, executor='parallel', parallel_workers=16, event_handlers=None, ignore_user_meta=False, metas=['./colcon.meta'], base_paths=['.'], packages_ignore=None, packages_ignore_regex=None, paths=None, packages_up_to=None, packages_up_to_regex=None, packages_above=None, packages_above_and_dependencies=None, packages_above_depth=None, packages_select_by_dep=None, packages_skip_by_dep=None, packages_skip_up_to=None, packages_select_build_failed=False, packages_skip_build_finished=False, packages_select_test_failures=False, packages_skip_test_passed=False, packages_select=['control_nodes', 'simulador', 'multi_robot_interfaces'], packages_skip=None, packages_select_regex=None, packages_skip_regex=None, packages_start=None, packages_end=None, allow_overriding=[], cmake_args=None, cmake_target=None, cmake_target_skip_unavailable=False, cmake_clean_cache=False, cmake_clean_first=False, cmake_force_configure=False, ament_cmake_args=None, catkin_cmake_args=None, catkin_skip_building_tests=False, verb_parser=<colcon_defaults.argument_parser.defaults.DefaultArgumentsDecorator object at 0x78ad28860f70>, verb_extension=<colcon_core.verb.build.BuildVerb object at 0x78ad28860a60>, main=<bound method BuildVerb.main of <colcon_core.verb.build.BuildVerb object at 0x78ad28860a60>>)
[0.264s] Level 1:colcon.colcon_core.package_discovery:discover_packages(colcon_meta) check parameters
[0.265s] Level 1:colcon.colcon_core.package_discovery:discover_packages(recursive) check parameters
[0.265s] Level 1:colcon.colcon_core.package_discovery:discover_packages(ignore) check parameters
[0.265s] Level 1:colcon.colcon_core.package_discovery:discover_packages(path) check parameters
[0.265s] Level 1:colcon.colcon_core.package_discovery:discover_packages(colcon_meta) discover
[0.265s] Level 1:colcon.colcon_core.package_discovery:discover_packages(recursive) discover
[0.265s] INFO:colcon.colcon_core.package_discovery:Crawling recursively for packages in '/home/calafaker/Control-Formation/ws3'
[0.265s] Level 1:colcon.colcon_core.package_identification:_identify(.) by extensions ['ignore', 'ignore_ament_install']
[0.265s] Level 1:colcon.colcon_core.package_identification:_identify(.) by extension 'ignore'
[0.265s] Level 1:colcon.colcon_core.package_identification:_identify(.) by extension 'ignore_ament_install'
[0.265s] Level 1:colcon.colcon_core.package_identification:_identify(.) by extensions ['colcon_pkg']
[0.265s] Level 1:colcon.colcon_core.package_identification:_identify(.) by extension 'colcon_pkg'
[0.265s] Level 1:colcon.colcon_core.package_identification:_identify(.) by extensions ['colcon_meta']
[0.265s] Level 1:colcon.colcon_core.package_identification:_identify(.) by extension 'colcon_meta'
[0.265s] Level 1:colcon.colcon_core.package_identification:_identify(.) by extensions ['ros']
[0.265s] Level 1:colcon.colcon_core.package_identification:_identify(.) by extension 'ros'
[0.272s] Level 1:colcon.colcon_core.package_identification:_identify(.) by extensions ['cmake', 'python']
[0.272s] Level 1:colcon.colcon_core.package_identification:_identify(.) by extension 'cmake'
[0.272s] Level 1:colcon.colcon_core.package_identification:_identify(.) by extension 'python'
[0.272s] Level 1:colcon.colcon_core.package_identification:_identify(.) by extensions ['python_setup_py']
[0.272s] Level 1:colcon.colcon_core.package_identification:_identify(.) by extension 'python_setup_py'
[0.272s] Level 1:colcon.colcon_core.package_identification:_identify(build) by extensions ['ignore', 'ignore_ament_install']
[0.272s] Level 1:colcon.colcon_core.package_identification:_identify(build) by extension 'ignore'
[0.272s] Level 1:colcon.colcon_core.package_identification:_identify(build) ignored
[0.272s] Level 1:colcon.colcon_core.package_identification:_identify(figuras) by extensions ['ignore', 'ignore_ament_install']
[0.272s] Level 1:colcon.colcon_core.package_identification:_identify(figuras) by extension 'ignore'
[0.273s] Level 1:colcon.colcon_core.package_identification:_identify(figuras) by extension 'ignore_ament_install'
[0.273s] Level 1:colcon.colcon_core.package_identification:_identify(figuras) by extensions ['colcon_pkg']
[0.273s] Level 1:colcon.colcon_core.package_identification:_identify(figuras) by extension 'colcon_pkg'
[0.273s] Level 1:colcon.colcon_core.package_identification:_identify(figuras) by extensions ['colcon_meta']
[0.273s] Level 1:colcon.colcon_core.package_identification:_identify(figuras) by extension 'colcon_meta'
[0.273s] Level 1:colcon.colcon_core.package_identification:_identify(figuras) by extensions ['ros']
[0.273s] Level 1:colcon.colcon_core.package_identification:_identify(figuras) by extension 'ros'
[0.273s] Level 1:colcon.colcon_core.package_identification:_identify(figuras) by extensions ['cmake', 'python']
[0.273s] Level 1:colcon.colcon_core.package_identification:_identify(figuras) by extension 'cmake'
[0.273s] Level 1:colcon.colcon_core.package_identification:_identify(figuras) by extension 'python'
[0.273s] Level 1:colcon.colcon_core.package_identification:_identify(figuras) by extensions ['python_setup_py']
[0.273s] Level 1:colcon.colcon_core.package_identification:_identify(figuras) by extension 'python_setup_py'
[0.273s] Level 1:colcon.colcon_core.package_identification:_identify(figuras/demo_pva) by extensions ['ignore', 'ignore_ament_install']
[0.273s] Level 1:colcon.colcon_core.package_identification:_identify(figuras/demo_pva) by extension 'ignore'
[0.273s] Level 1:colcon.colcon_core.package_identification:_identify(figuras/demo_pva) by extension 'ignore_ament_install'
[0.273s] Level 1:colcon.colcon_core.package_identification:_identify(figuras/demo_pva) by extensions ['colcon_pkg']
[0.273s] Level 1:colcon.colcon_core.package_identification:_identify(figuras/demo_pva) by extension 'colcon_pkg'
[0.273s] Level 1:colcon.colcon_core.package_identification:_identify(figuras/demo_pva) by extensions ['colcon_meta']
[0.273s] Level 1:colcon.colcon_core.package_identification:_identify(figuras/demo_pva) by extension 'colcon_meta'
[0.273s] Level 1:colcon.colcon_core.package_identification:_identify(figuras/demo_pva) by extensions ['ros']
[0.273s] Level 1:colcon.colcon_core.package_identification:_identify(figuras/demo_pva) by extension 'ros'
[0.273s] Level 1:colcon.colcon_core.package_identification:_identify(figuras/demo_pva) by extensions ['cmake', 'python']
[0.273s] Level 1:colcon.colcon_core.package_identification:_identify(figuras/demo_pva) by extension 'cmake'
[0.273s] Level 1:colcon.colcon_core.package_identification:_identify(figuras/demo_pva) by extension 'python'
[0.273s] Level 1:colcon.colcon_core.package_identification:_identify(figuras/demo_pva) by extensions ['python_setup_py']
[0.273s] Level 1:colcon.colcon_core.package_identification:_identify(figuras/demo_pva) by extension 'python_setup_py'
[0.273s] Level 1:colcon.colcon_core.package_identification:_identify(figuras/demo_pva/frames) by extensions ['ignore', 'ignore_ament_install']
[0.273s] Level 1:colcon.colcon_core.package_identification:_identify(figuras/demo_pva/frames) by extension 'ignore'
[0.274s] Level 1:colcon.colcon_core.package_identification:_identify(figuras/demo_pva/frames) by extension 'ignore_ament_install'
[0.274s] Level 1:colcon.colcon_core.package_identification:_identify(figuras/demo_pva/frames) by extensions ['colcon_pkg']
[0.274s] Level 1:colcon.colcon_core.package_identification:_identify(figuras/demo_pva/frames) by extension 'colcon_pkg'
[0.274s] Level 1:colcon.colcon_core.package_identification:_identify(figuras/demo_pva/frames) by extensions ['colcon_meta']
[0.274s] Level 1:colcon.colcon_core.package_identification:_identify(figuras/demo_pva/frames) by extension 'colcon_meta'
[0.274s] Level 1:colcon.colcon_core.package_identification:_identify(figuras/demo_pva/frames) by extensions ['ros']
[0.274s] Level 1:colcon.colcon_core.package_identification:_identify(figuras/demo_pva/frames) by extension 'ros'
[0.274s] Level 1:colcon.colcon_core.package_identification:_identify(figuras/demo_pva/frames) by extensions ['cmake', 'python']
[0.274s] Level 1:colcon.colcon_core.package_identification:_identify(figuras/demo_pva/frames) by extension 'cmake'
[0.274s] Level 1:colcon.colcon_core.package_identification:_identify(figuras/demo_pva/frames) by extension 'python'
[0.274s] Level 1:colcon.colcon_core.package_identification:_identify(figuras/demo_pva/frames) by extensions ['python_setup_py']
[0.274s] Level 1:colcon.colcon_core.package_identification:_identify(figuras/demo_pva/frames) by extension 'python_setup_py'
[0.274s] Level 1:colcon.colcon_core.package_identification:_identify(figuras/demo_pva/gifs) by extensions ['ignore', 'ignore_ament_install']
[0.274s] Level 1:colcon.colcon_core.package_identification:_identify(figuras/demo_pva/gifs) by extension 'ignore'
[0.274s] Level 1:colcon.colcon_core.package_identification:_identify(figuras/demo_pva/gifs) by extension 'ignore_ament_install'
[0.274s] Level 1:colcon.colcon_core.package_identification:_identify(figuras/demo_pva/gifs) by extensions ['colcon_pkg']
[0.274s] Level 1:colcon.colcon_core.package_identification:_identify(figuras/demo_pva/gifs) by extension 'colcon_pkg'
[0.274s] Level 1:colcon.colcon_core.package_identification:_identify(figuras/demo_pva/gifs) by extensions ['colcon_meta']
[0.274s] Level 1:colcon.colcon_core.package_identification:_identify(figuras/demo_pva/gifs) by extension 'colcon_meta'
[0.274s] Level 1:colcon.colcon_core.package_identification:_identify(figuras/demo_pva/gifs) by extensions ['ros']
[0.274s] Level 1:colcon.colcon_core.package_identification:_identify(figuras/demo_pva/gifs) by extension 'ros'
[0.274s] Level 1:colcon.colcon_core.package_identification:_identify(figuras/demo_pva/gifs) by extensions ['cmake', 'python']
[0.274s] Level 1:colcon.colcon_core.package_identification:_identify(figuras/demo_pva/gifs) by extension 'cmake'
[0.274s] Level 1:colcon.colcon_core.package_identification:_identify(figuras/demo_pva/gifs) by extension 'python'
[0.274s] Level 1:colcon.colcon_core.package_identification:_identify(figuras/demo_pva/gifs) by extensions ['python_setup_py']
[0.274s] Level 1:colcon.colcon_core.package_identification:_identify(figuras/demo_pva/gifs) by extension 'python_setup_py'
[0.274s] Level 1:colcon.colcon_core.package_identification:_identify(figuras/demo_pva/pva_evolution) by extensions ['ignore', 'ignore_ament_install']
[0.274s] Level 1:colcon.colcon_core.package_identification:_identify(figuras/demo_pva/pva_evolution) by extension 'ignore'
[0.274s] Level 1:colcon.colcon_core.package_identification:_identify(figuras/demo_pva/pva_evolution) by extension 'ignore_ament_install'
[0.274s] Level 1:colcon.colcon_core.package_identification:_identify(figuras/demo_pva/pva_evolution) by extensions ['colcon_pkg']
[0.274s] Level 1:colcon.colcon_core.package_identification:_identify(figuras/demo_pva/pva_evolution) by extension 'colcon_pkg'
[0.274s] Level 1:colcon.colcon_core.package_identification:_identify(figuras/demo_pva/pva_evolution) by extensions ['colcon_meta']
[0.274s] Level 1:colcon.colcon_core.package_identification:_identify(figuras/demo_pva/pva_evolution) by extension 'colcon_meta'
[0.274s] Level 1:colcon.colcon_core.package_identification:_identify(figuras/demo_pva/pva_evolution) by extensions ['ros']
[0.274s] Level 1:colcon.colcon_core.package_identification:_identify(figuras/demo_pva/pva_evolution) by extension 'ros'
[0.275s] Level 1:colcon.colcon_core.package_identification:_identify(figuras/demo_pva/pva_evolution) by extensions ['cmake', 'python']
[0.275s] Level 1:colcon.colcon_core.package_identification:_identify(figuras/demo_pva/pva_evolution) by extension 'cmake'
[0.275s] Level 1:colcon.colcon_core.package_identification:_identify(figuras/demo_pva/pva_evolution) by extension 'python'
[0.275s] Level 1:colcon.colcon_core.package_identification:_identify(figuras/demo_pva/pva_evolution) by extensions ['python_setup_py']
[0.275s] Level 1:colcon.colcon_core.package_identification:_identify(figuras/demo_pva/pva_evolution) by extension 'python_setup_py'
[0.275s] Level 1:colcon.colcon_core.package_identification:_identify(figuras/demo_pva/pva_evolution/frames) by extensions ['ignore', 'ignore_ament_install']
[0.275s] Level 1:colcon.colcon_core.package_identification:_identify(figuras/demo_pva/pva_evolution/frames) by extension 'ignore'
[0.275s] Level 1:colcon.colcon_core.package_identification:_identify(figuras/demo_pva/pva_evolution/frames) by extension 'ignore_ament_install'
[0.275s] Level 1:colcon.colcon_core.package_identification:_identify(figuras/demo_pva/pva_evolution/frames) by extensions ['colcon_pkg']
[0.275s] Level 1:colcon.colcon_core.package_identification:_identify(figuras/demo_pva/pva_evolution/frames) by extension 'colcon_pkg'
[0.275s] Level 1:colcon.colcon_core.package_identification:_identify(figuras/demo_pva/pva_evolution/frames) by extensions ['colcon_meta']
[0.275s] Level 1:colcon.colcon_core.package_identification:_identify(figuras/demo_pva/pva_evolution/frames) by extension 'colcon_meta'
[0.275s] Level 1:colcon.colcon_core.package_identification:_identify(figuras/demo_pva/pva_evolution/frames) by extensions ['ros']
[0.275s] Level 1:colcon.colcon_core.package_identification:_identify(figuras/demo_pva/pva_evolution/frames) by extension 'ros'
[0.275s] Level 1:colcon.colcon_core.package_identification:_identify(figuras/demo_pva/pva_evolution/frames) by extensions ['cmake', 'python']
[0.275s] Level 1:colcon.colcon_core.package_identification:_identify(figuras/demo_pva/pva_evolution/frames) by extension 'cmake'
[0.275s] Level 1:colcon.colcon_core.package_identification:_identify(figuras/demo_pva/pva_evolution/frames) by extension 'python'
[0.275s] Level 1:colcon.colcon_core.package_identification:_identify(figuras/demo_pva/pva_evolution/frames) by extensions ['python_setup_py']
[0.275s] Level 1:colcon.colcon_core.package_identification:_identify(figuras/demo_pva/pva_evolution/frames) by extension 'python_setup_py'
[0.275s] Level 1:colcon.colcon_core.package_identification:_identify(figuras/demo_pva/pva_evolution/gifs) by extensions ['ignore', 'ignore_ament_install']
[0.275s] Level 1:colcon.colcon_core.package_identification:_identify(figuras/demo_pva/pva_evolution/gifs) by extension 'ignore'
[0.275s] Level 1:colcon.colcon_core.package_identification:_identify(figuras/demo_pva/pva_evolution/gifs) by extension 'ignore_ament_install'
[0.275s] Level 1:colcon.colcon_core.package_identification:_identify(figuras/demo_pva/pva_evolution/gifs) by extensions ['colcon_pkg']
[0.275s] Level 1:colcon.colcon_core.package_identification:_identify(figuras/demo_pva/pva_evolution/gifs) by extension 'colcon_pkg'
[0.275s] Level 1:colcon.colcon_core.package_identification:_identify(figuras/demo_pva/pva_evolution/gifs) by extensions ['colcon_meta']
[0.275s] Level 1:colcon.colcon_core.package_identification:_identify(figuras/demo_pva/pva_evolution/gifs) by extension 'colcon_meta'
[0.275s] Level 1:colcon.colcon_core.package_identification:_identify(figuras/demo_pva/pva_evolution/gifs) by extensions ['ros']
[0.275s] Level 1:colcon.colcon_core.package_identification:_identify(figuras/demo_pva/pva_evolution/gifs) by extension 'ros'
[0.275s] Level 1:colcon.colcon_core.package_identification:_identify(figuras/demo_pva/pva_evolution/gifs) by extensions ['cmake', 'python']
[0.275s] Level 1:colcon.colcon_core.package_identification:_identify(figuras/demo_pva/pva_evolution/gifs) by extension 'cmake'
[0.275s] Level 1:colcon.colcon_core.package_identification:_identify(figuras/demo_pva/pva_evolution/gifs) by extension 'python'
[0.275s] Level 1:colcon.colcon_core.package_identification:_identify(figuras/demo_pva/pva_evolution/gifs) by extensions ['python_setup_py']
[0.275s] Level 1:colcon.colcon_core.package_identification:_identify(figuras/demo_pva/pva_evolution/gifs) by extension 'python_setup_py'
[0.275s] Level 1:colcon.colcon_core.package_identification:_identify(figuras/demo_pva_gap) by extensions ['ignore', 'ignore_ament_install']
[0.276s] Level 1:colcon.colcon_core.package_identification:_identify(figuras/demo_pva_gap) by extension 'ignore'
[0.276s] Level 1:colcon.colcon_core.package_identification:_identify(figuras/demo_pva_gap) by extension 'ignore_ament_install'
[0.276s] Level 1:colcon.colcon_core.package_identification:_identify(figuras/demo_pva_gap) by extensions ['colcon_pkg']
[0.276s] Level 1:colcon.colcon_core.package_identification:_identify(figuras/demo_pva_gap) by extension 'colcon_pkg'
[0.276s] Level 1:colcon.colcon_core.package_identification:_identify(figuras/demo_pva_gap) by extensions ['colcon_meta']
[0.276s] Level 1:colcon.colcon_core.package_identification:_identify(figuras/demo_pva_gap) by extension 'colcon_meta'
[0.276s] Level 1:colcon.colcon_core.package_identification:_identify(figuras/demo_pva_gap) by extensions ['ros']
[0.276s] Level 1:colcon.colcon_core.package_identification:_identify(figuras/demo_pva_gap) by extension 'ros'
[0.276s] Level 1:colcon.colcon_core.package_identification:_identify(figuras/demo_pva_gap) by extensions ['cmake', 'python']
[0.276s] Level 1:colcon.colcon_core.package_identification:_identify(figuras/demo_pva_gap) by extension 'cmake'
[0.276s] Level 1:colcon.colcon_core.package_identification:_identify(figuras/demo_pva_gap) by extension 'python'
[0.276s] Level 1:colcon.colcon_core.package_identification:_identify(figuras/demo_pva_gap) by extensions ['python_setup_py']
[0.276s] Level 1:colcon.colcon_core.package_identification:_identify(figuras/demo_pva_gap) by extension 'python_setup_py'
[0.276s] Level 1:colcon.colcon_core.package_identification:_identify(figuras/demo_pva_gap/frames) by extensions ['ignore', 'ignore_ament_install']
[0.276s] Level 1:colcon.colcon_core.package_identification:_identify(figuras/demo_pva_gap/frames) by extension 'ignore'
[0.276s] Level 1:colcon.colcon_core.package_identification:_identify(figuras/demo_pva_gap/frames) by extension 'ignore_ament_install'
[0.276s] Level 1:colcon.colcon_core.package_identification:_identify(figuras/demo_pva_gap/frames) by extensions ['colcon_pkg']
[0.276s] Level 1:colcon.colcon_core.package_identification:_identify(figuras/demo_pva_gap/frames) by extension 'colcon_pkg'
[0.276s] Level 1:colcon.colcon_core.package_identification:_identify(figuras/demo_pva_gap/frames) by extensions ['colcon_meta']
[0.276s] Level 1:colcon.colcon_core.package_identification:_identify(figuras/demo_pva_gap/frames) by extension 'colcon_meta'
[0.276s] Level 1:colcon.colcon_core.package_identification:_identify(figuras/demo_pva_gap/frames) by extensions ['ros']
[0.276s] Level 1:colcon.colcon_core.package_identification:_identify(figuras/demo_pva_gap/frames) by extension 'ros'
[0.276s] Level 1:colcon.colcon_core.package_identification:_identify(figuras/demo_pva_gap/frames) by extensions ['cmake', 'python']
[0.276s] Level 1:colcon.colcon_core.package_identification:_identify(figuras/demo_pva_gap/frames) by extension 'cmake'
[0.276s] Level 1:colcon.colcon_core.package_identification:_identify(figuras/demo_pva_gap/frames) by extension 'python'
[0.276s] Level 1:colcon.colcon_core.package_identification:_identify(figuras/demo_pva_gap/frames) by extensions ['python_setup_py']
[0.276s] Level 1:colcon.colcon_core.package_identification:_identify(figuras/demo_pva_gap/frames) by extension 'python_setup_py'
[0.276s] Level 1:colcon.colcon_core.package_identification:_identify(figuras/demo_pva_gap/gifs) by extensions ['ignore', 'ignore_ament_install']
[0.276s] Level 1:colcon.colcon_core.package_identification:_identify(figuras/demo_pva_gap/gifs) by extension 'ignore'
[0.276s] Level 1:colcon.colcon_core.package_identification:_identify(figuras/demo_pva_gap/gifs) by extension 'ignore_ament_install'
[0.276s] Level 1:colcon.colcon_core.package_identification:_identify(figuras/demo_pva_gap/gifs) by extensions ['colcon_pkg']
[0.276s] Level 1:colcon.colcon_core.package_identification:_identify(figuras/demo_pva_gap/gifs) by extension 'colcon_pkg'
[0.276s] Level 1:colcon.colcon_core.package_identification:_identify(figuras/demo_pva_gap/gifs) by extensions ['colcon_meta']
[0.276s] Level 1:colcon.colcon_core.package_identification:_identify(figuras/demo_pva_gap/gifs) by extension 'colcon_meta'
[0.276s] Level 1:colcon.colcon_core.package_identification:_identify(figuras/demo_pva_gap/gifs) by extensions ['ros']
[0.277s] Level 1:colcon.colcon_core.package_identification:_identify(figuras/demo_pva_gap/gifs) by extension 'ros'
[0.277s] Level 1:colcon.colcon_core.package_identification:_identify(figuras/demo_pva_gap/gifs) by extensions ['cmake', 'python']
[0.277s] Level 1:colcon.colcon_core.package_identification:_identify(figuras/demo_pva_gap/gifs) by extension 'cmake'
[0.277s] Level 1:colcon.colcon_core.package_identification:_identify(figuras/demo_pva_gap/gifs) by extension 'python'
[0.277s] Level 1:colcon.colcon_core.package_identification:_identify(figuras/demo_pva_gap/gifs) by extensions ['python_setup_py']
[0.277s] Level 1:colcon.colcon_core.package_identification:_identify(figuras/demo_pva_gap/gifs) by extension 'python_setup_py'
[0.277s] Level 1:colcon.colcon_core.package_identification:_identify(figuras/demo_pva_gap/pva_evolution) by extensions ['ignore', 'ignore_ament_install']
[0.277s] Level 1:colcon.colcon_core.package_identification:_identify(figuras/demo_pva_gap/pva_evolution) by extension 'ignore'
[0.277s] Level 1:colcon.colcon_core.package_identification:_identify(figuras/demo_pva_gap/pva_evolution) by extension 'ignore_ament_install'
[0.277s] Level 1:colcon.colcon_core.package_identification:_identify(figuras/demo_pva_gap/pva_evolution) by extensions ['colcon_pkg']
[0.277s] Level 1:colcon.colcon_core.package_identification:_identify(figuras/demo_pva_gap/pva_evolution) by extension 'colcon_pkg'
[0.277s] Level 1:colcon.colcon_core.package_identification:_identify(figuras/demo_pva_gap/pva_evolution) by extensions ['colcon_meta']
[0.277s] Level 1:colcon.colcon_core.package_identification:_identify(figuras/demo_pva_gap/pva_evolution) by extension 'colcon_meta'
[0.277s] Level 1:colcon.colcon_core.package_identification:_identify(figuras/demo_pva_gap/pva_evolution) by extensions ['ros']
[0.277s] Level 1:colcon.colcon_core.package_identification:_identify(figuras/demo_pva_gap/pva_evolution) by extension 'ros'
[0.277s] Level 1:colcon.colcon_core.package_identification:_identify(figuras/demo_pva_gap/pva_evolution) by extensions ['cmake', 'python']
[0.277s] Level 1:colcon.colcon_core.package_identification:_identify(figuras/demo_pva_gap/pva_evolution) by extension 'cmake'
[0.277s] Level 1:colcon.colcon_core.package_identification:_identify(figuras/demo_pva_gap/pva_evolution) by extension 'python'
[0.277s] Level 1:colcon.colcon_core.package_identification:_identify(figuras/demo_pva_gap/pva_evolution) by extensions ['python_setup_py']
[0.277s] Level 1:colcon.colcon_core.package_identification:_identify(figuras/demo_pva_gap/pva_evolution) by extension 'python_setup_py'
[0.277s] Level 1:colcon.colcon_core.package_identification:_identify(figuras/demo_pva_gap/pva_evolution/frames) by extensions ['ignore', 'ignore_ament_install']
[0.277s] Level 1:colcon.colcon_core.package_identification:_identify(figuras/demo_pva_gap/pva_evolution/frames) by extension 'ignore'
[0.277s] Level 1:colcon.colcon_core.package_identification:_identify(figuras/demo_pva_gap/pva_evolution/frames) by extension 'ignore_ament_install'
[0.277s] Level 1:colcon.colcon_core.package_identification:_identify(figuras/demo_pva_gap/pva_evolution/frames) by extensions ['colcon_pkg']
[0.277s] Level 1:colcon.colcon_core.package_identification:_identify(figuras/demo_pva_gap/pva_evolution/frames) by extension 'colcon_pkg'
[0.277s] Level 1:colcon.colcon_core.package_identification:_identify(figuras/demo_pva_gap/pva_evolution/frames) by extensions ['colcon_meta']
[0.277s] Level 1:colcon.colcon_core.package_identification:_identify(figuras/demo_pva_gap/pva_evolution/frames) by extension 'colcon_meta'
[0.277s] Level 1:colcon.colcon_core.package_identification:_identify(figuras/demo_pva_gap/pva_evolution/frames) by extensions ['ros']
[0.277s] Level 1:colcon.colcon_core.package_identification:_identify(figuras/demo_pva_gap/pva_evolution/frames) by extension 'ros'
[0.277s] Level 1:colcon.colcon_core.package_identification:_identify(figuras/demo_pva_gap/pva_evolution/frames) by extensions ['cmake', 'python']
[0.277s] Level 1:colcon.colcon_core.package_identification:_identify(figuras/demo_pva_gap/pva_evolution/frames) by extension 'cmake'
[0.278s] Level 1:colcon.colcon_core.package_identification:_identify(figuras/demo_pva_gap/pva_evolution/frames) by extension 'python'
[0.278s] Level 1:colcon.colcon_core.package_identification:_identify(figuras/demo_pva_gap/pva_evolution/frames) by extensions ['python_setup_py']
[0.278s] Level 1:colcon.colcon_core.package_identification:_identify(figuras/demo_pva_gap/pva_evolution/frames) by extension 'python_setup_py'
[0.278s] Level 1:colcon.colcon_core.package_identification:_identify(figuras/demo_pva_gap/pva_evolution/gifs) by extensions ['ignore', 'ignore_ament_install']
[0.278s] Level 1:colcon.colcon_core.package_identification:_identify(figuras/demo_pva_gap/pva_evolution/gifs) by extension 'ignore'
[0.278s] Level 1:colcon.colcon_core.package_identification:_identify(figuras/demo_pva_gap/pva_evolution/gifs) by extension 'ignore_ament_install'
[0.278s] Level 1:colcon.colcon_core.package_identification:_identify(figuras/demo_pva_gap/pva_evolution/gifs) by extensions ['colcon_pkg']
[0.278s] Level 1:colcon.colcon_core.package_identification:_identify(figuras/demo_pva_gap/pva_evolution/gifs) by extension 'colcon_pkg'
[0.278s] Level 1:colcon.colcon_core.package_identification:_identify(figuras/demo_pva_gap/pva_evolution/gifs) by extensions ['colcon_meta']
[0.278s] Level 1:colcon.colcon_core.package_identification:_identify(figuras/demo_pva_gap/pva_evolution/gifs) by extension 'colcon_meta'
[0.278s] Level 1:colcon.colcon_core.package_identification:_identify(figuras/demo_pva_gap/pva_evolution/gifs) by extensions ['ros']
[0.278s] Level 1:colcon.colcon_core.package_identification:_identify(figuras/demo_pva_gap/pva_evolution/gifs) by extension 'ros'
[0.278s] Level 1:colcon.colcon_core.package_identification:_identify(figuras/demo_pva_gap/pva_evolution/gifs) by extensions ['cmake', 'python']
[0.278s] Level 1:colcon.colcon_core.package_identification:_identify(figuras/demo_pva_gap/pva_evolution/gifs) by extension 'cmake'
[0.278s] Level 1:colcon.colcon_core.package_identification:_identify(figuras/demo_pva_gap/pva_evolution/gifs) by extension 'python'
[0.278s] Level 1:colcon.colcon_core.package_identification:_identify(figuras/demo_pva_gap/pva_evolution/gifs) by extensions ['python_setup_py']
[0.278s] Level 1:colcon.colcon_core.package_identification:_identify(figuras/demo_pva_gap/pva_evolution/gifs) by extension 'python_setup_py'
[0.278s] Level 1:colcon.colcon_core.package_identification:_identify(figuras/formacion) by extensions ['ignore', 'ignore_ament_install']
[0.278s] Level 1:colcon.colcon_core.package_identification:_identify(figuras/formacion) by extension 'ignore'
[0.278s] Level 1:colcon.colcon_core.package_identification:_identify(figuras/formacion) by extension 'ignore_ament_install'
[0.278s] Level 1:colcon.colcon_core.package_identification:_identify(figuras/formacion) by extensions ['colcon_pkg']
[0.278s] Level 1:colcon.colcon_core.package_identification:_identify(figuras/formacion) by extension 'colcon_pkg'
[0.278s] Level 1:colcon.colcon_core.package_identification:_identify(figuras/formacion) by extensions ['colcon_meta']
[0.278s] Level 1:colcon.colcon_core.package_identification:_identify(figuras/formacion) by extension 'colcon_meta'
[0.278s] Level 1:colcon.colcon_core.package_identification:_identify(figuras/formacion) by extensions ['ros']
[0.278s] Level 1:colcon.colcon_core.package_identification:_identify(figuras/formacion) by extension 'ros'
[0.278s] Level 1:colcon.colcon_core.package_identification:_identify(figuras/formacion) by extensions ['cmake', 'python']
[0.278s] Level 1:colcon.colcon_core.package_identification:_identify(figuras/formacion) by extension 'cmake'
[0.278s] Level 1:colcon.colcon_core.package_identification:_identify(figuras/formacion) by extension 'python'
[0.278s] Level 1:colcon.colcon_core.package_identification:_identify(figuras/formacion) by extensions ['python_setup_py']
[0.278s] Level 1:colcon.colcon_core.package_identification:_identify(figuras/formacion) by extension 'python_setup_py'
[0.278s] Level 1:colcon.colcon_core.package_identification:_identify(figuras/latigazo) by extensions ['ignore', 'ignore_ament_install']
[0.279s] Level 1:colcon.colcon_core.package_identification:_identify(figuras/latigazo) by extension 'ignore'
[0.279s] Level 1:colcon.colcon_core.package_identification:_identify(figuras/latigazo) by extension 'ignore_ament_install'
[0.279s] Level 1:colcon.colcon_core.package_identification:_identify(figuras/latigazo) by extensions ['colcon_pkg']
[0.279s] Level 1:colcon.colcon_core.package_identification:_identify(figuras/latigazo) by extension 'colcon_pkg'
[0.279s] Level 1:colcon.colcon_core.package_identification:_identify(figuras/latigazo) by extensions ['colcon_meta']
[0.279s] Level 1:colcon.colcon_core.package_identification:_identify(figuras/latigazo) by extension 'colcon_meta'
[0.279s] Level 1:colcon.colcon_core.package_identification:_identify(figuras/latigazo) by extensions ['ros']
[0.279s] Level 1:colcon.colcon_core.package_identification:_identify(figuras/latigazo) by extension 'ros'
[0.279s] Level 1:colcon.colcon_core.package_identification:_identify(figuras/latigazo) by extensions ['cmake', 'python']
[0.279s] Level 1:colcon.colcon_core.package_identification:_identify(figuras/latigazo) by extension 'cmake'
[0.279s] Level 1:colcon.colcon_core.package_identification:_identify(figuras/latigazo) by extension 'python'
[0.279s] Level 1:colcon.colcon_core.package_identification:_identify(figuras/latigazo) by extensions ['python_setup_py']
[0.279s] Level 1:colcon.colcon_core.package_identification:_identify(figuras/latigazo) by extension 'python_setup_py'
[0.279s] Level 1:colcon.colcon_core.package_identification:_identify(figuras/latigazo/frames) by extensions ['ignore', 'ignore_ament_install']
[0.279s] Level 1:colcon.colcon_core.package_identification:_identify(figuras/latigazo/frames) by extension 'ignore'
[0.279s] Level 1:colcon.colcon_core.package_identification:_identify(figuras/latigazo/frames) by extension 'ignore_ament_install'
[0.279s] Level 1:colcon.colcon_core.package_identification:_identify(figuras/latigazo/frames) by extensions ['colcon_pkg']
[0.279s] Level 1:colcon.colcon_core.package_identification:_identify(figuras/latigazo/frames) by extension 'colcon_pkg'
[0.279s] Level 1:colcon.colcon_core.package_identification:_identify(figuras/latigazo/frames) by extensions ['colcon_meta']
[0.279s] Level 1:colcon.colcon_core.package_identification:_identify(figuras/latigazo/frames) by extension 'colcon_meta'
[0.279s] Level 1:colcon.colcon_core.package_identification:_identify(figuras/latigazo/frames) by extensions ['ros']
[0.279s] Level 1:colcon.colcon_core.package_identification:_identify(figuras/latigazo/frames) by extension 'ros'
[0.279s] Level 1:colcon.colcon_core.package_identification:_identify(figuras/latigazo/frames) by extensions ['cmake', 'python']
[0.279s] Level 1:colcon.colcon_core.package_identification:_identify(figuras/latigazo/frames) by extension 'cmake'
[0.279s] Level 1:colcon.colcon_core.package_identification:_identify(figuras/latigazo/frames) by extension 'python'
[0.279s] Level 1:colcon.colcon_core.package_identification:_identify(figuras/latigazo/frames) by extensions ['python_setup_py']
[0.279s] Level 1:colcon.colcon_core.package_identification:_identify(figuras/latigazo/frames) by extension 'python_setup_py'
[0.279s] Level 1:colcon.colcon_core.package_identification:_identify(figuras/latigazo/gifs) by extensions ['ignore', 'ignore_ament_install']
[0.279s] Level 1:colcon.colcon_core.package_identification:_identify(figuras/latigazo/gifs) by extension 'ignore'
[0.280s] Level 1:colcon.colcon_core.package_identification:_identify(figuras/latigazo/gifs) by extension 'ignore_ament_install'
[0.280s] Level 1:colcon.colcon_core.package_identification:_identify(figuras/latigazo/gifs) by extensions ['colcon_pkg']
[0.280s] Level 1:colcon.colcon_core.package_identification:_identify(figuras/latigazo/gifs) by extension 'colcon_pkg'
[0.280s] Level 1:colcon.colcon_core.package_identification:_identify(figuras/latigazo/gifs) by extensions ['colcon_meta']
[0.280s] Level 1:colcon.colcon_core.package_identification:_identify(figuras/latigazo/gifs) by extension 'colcon_meta'
[0.280s] Level 1:colcon.colcon_core.package_identification:_identify(figuras/latigazo/gifs) by extensions ['ros']
[0.280s] Level 1:colcon.colcon_core.package_identification:_identify(figuras/latigazo/gifs) by extension 'ros'
[0.280s] Level 1:colcon.colcon_core.package_identification:_identify(figuras/latigazo/gifs) by extensions ['cmake', 'python']
[0.280s] Level 1:colcon.colcon_core.package_identification:_identify(figuras/latigazo/gifs) by extension 'cmake'
[0.280s] Level 1:colcon.colcon_core.package_identification:_identify(figuras/latigazo/gifs) by extension 'python'
[0.280s] Level 1:colcon.colcon_core.package_identification:_identify(figuras/latigazo/gifs) by extensions ['python_setup_py']
[0.280s] Level 1:colcon.colcon_core.package_identification:_identify(figuras/latigazo/gifs) by extension 'python_setup_py'
[0.280s] Level 1:colcon.colcon_core.package_identification:_identify(figures_pva) by extensions ['ignore', 'ignore_ament_install']
[0.280s] Level 1:colcon.colcon_core.package_identification:_identify(figures_pva) by extension 'ignore'
[0.280s] Level 1:colcon.colcon_core.package_identification:_identify(figures_pva) by extension 'ignore_ament_install'
[0.280s] Level 1:colcon.colcon_core.package_identification:_identify(figures_pva) by extensions ['colcon_pkg']
[0.280s] Level 1:colcon.colcon_core.package_identification:_identify(figures_pva) by extension 'colcon_pkg'
[0.280s] Level 1:colcon.colcon_core.package_identification:_identify(figures_pva) by extensions ['colcon_meta']
[0.280s] Level 1:colcon.colcon_core.package_identification:_identify(figures_pva) by extension 'colcon_meta'
[0.280s] Level 1:colcon.colcon_core.package_identification:_identify(figures_pva) by extensions ['ros']
[0.280s] Level 1:colcon.colcon_core.package_identification:_identify(figures_pva) by extension 'ros'
[0.280s] Level 1:colcon.colcon_core.package_identification:_identify(figures_pva) by extensions ['cmake', 'python']
[0.280s] Level 1:colcon.colcon_core.package_identification:_identify(figures_pva) by extension 'cmake'
[0.280s] Level 1:colcon.colcon_core.package_identification:_identify(figures_pva) by extension 'python'
[0.280s] Level 1:colcon.colcon_core.package_identification:_identify(figures_pva) by extensions ['python_setup_py']
[0.280s] Level 1:colcon.colcon_core.package_identification:_identify(figures_pva) by extension 'python_setup_py'
[0.280s] Level 1:colcon.colcon_core.package_identification:_identify(install) by extensions ['ignore', 'ignore_ament_install']
[0.280s] Level 1:colcon.colcon_core.package_identification:_identify(install) by extension 'ignore'
[0.280s] Level 1:colcon.colcon_core.package_identification:_identify(install) ignored
[0.281s] Level 1:colcon.colcon_core.package_identification:_identify(log) by extensions ['ignore', 'ignore_ament_install']
[0.281s] Level 1:colcon.colcon_core.package_identification:_identify(log) by extension 'ignore'
[0.281s] Level 1:colcon.colcon_core.package_identification:_identify(log) ignored
[0.281s] Level 1:colcon.colcon_core.package_identification:_identify(src) by extensions ['ignore', 'ignore_ament_install']
[0.281s] Level 1:colcon.colcon_core.package_identification:_identify(src) by extension 'ignore'
[0.281s] Level 1:colcon.colcon_core.package_identification:_identify(src) by extension 'ignore_ament_install'
[0.281s] Level 1:colcon.colcon_core.package_identification:_identify(src) by extensions ['colcon_pkg']
[0.281s] Level 1:colcon.colcon_core.package_identification:_identify(src) by extension 'colcon_pkg'
[0.281s] Level 1:colcon.colcon_core.package_identification:_identify(src) by extensions ['colcon_meta']
[0.281s] Level 1:colcon.colcon_core.package_identification:_identify(src) by extension 'colcon_meta'
[0.281s] Level 1:colcon.colcon_core.package_identification:_identify(src) by extensions ['ros']
[0.281s] Level 1:colcon.colcon_core.package_identification:_identify(src) by extension 'ros'
[0.281s] Level 1:colcon.colcon_core.package_identification:_identify(src) by extensions ['cmake', 'python']
[0.281s] Level 1:colcon.colcon_core.package_identification:_identify(src) by extension 'cmake'
[0.281s] Level 1:colcon.colcon_core.package_identification:_identify(src) by extension 'python'
[0.281s] Level 1:colcon.colcon_core.package_identification:_identify(src) by extensions ['python_setup_py']
[0.281s] Level 1:colcon.colcon_core.package_identification:_identify(src) by extension 'python_setup_py'
[0.281s] Level 1:colcon.colcon_core.package_identification:_identify(src/articubot_one) by extensions ['ignore', 'ignore_ament_install']
[0.281s] Level 1:colcon.colcon_core.package_identification:_identify(src/articubot_one) by extension 'ignore'
[0.281s] Level 1:colcon.colcon_core.package_identification:_identify(src/articubot_one) by extension 'ignore_ament_install'
[0.281s] Level 1:colcon.colcon_core.package_identification:_identify(src/articubot_one) by extensions ['colcon_pkg']
[0.281s] Level 1:colcon.colcon_core.package_identification:_identify(src/articubot_one) by extension 'colcon_pkg'
[0.281s] Level 1:colcon.colcon_core.package_identification:_identify(src/articubot_one) by extensions ['colcon_meta']
[0.281s] Level 1:colcon.colcon_core.package_identification:_identify(src/articubot_one) by extension 'colcon_meta'
[0.281s] Level 1:colcon.colcon_core.package_identification:_identify(src/articubot_one) by extensions ['ros']
[0.281s] Level 1:colcon.colcon_core.package_identification:_identify(src/articubot_one) by extension 'ros'
[0.283s] DEBUG:colcon.colcon_core.package_identification:Package 'src/articubot_one' with type 'ros.ament_cmake' and name 'articubot_one'
[0.283s] Level 1:colcon.colcon_core.package_identification:_identify(src/control_nodes) by extensions ['ignore', 'ignore_ament_install']
[0.283s] Level 1:colcon.colcon_core.package_identification:_identify(src/control_nodes) by extension 'ignore'
[0.283s] Level 1:colcon.colcon_core.package_identification:_identify(src/control_nodes) by extension 'ignore_ament_install'
[0.283s] Level 1:colcon.colcon_core.package_identification:_identify(src/control_nodes) by extensions ['colcon_pkg']
[0.283s] Level 1:colcon.colcon_core.package_identification:_identify(src/control_nodes) by extension 'colcon_pkg'
[0.283s] Level 1:colcon.colcon_core.package_identification:_identify(src/control_nodes) by extensions ['colcon_meta']
[0.283s] Level 1:colcon.colcon_core.package_identification:_identify(src/control_nodes) by extension 'colcon_meta'
[0.283s] Level 1:colcon.colcon_core.package_identification:_identify(src/control_nodes) by extensions ['ros']
[0.283s] Level 1:colcon.colcon_core.package_identification:_identify(src/control_nodes) by extension 'ros'
[0.284s] DEBUG:colcon.colcon_core.package_identification:Package 'src/control_nodes' with type 'ros.ament_python' and name 'control_nodes'
[0.284s] Level 1:colcon.colcon_core.package_identification:_identify(src/multi_robot_interfaces) by extensions ['ignore', 'ignore_ament_install']
[0.284s] Level 1:colcon.colcon_core.package_identification:_identify(src/multi_robot_interfaces) by extension 'ignore'
[0.284s] Level 1:colcon.colcon_core.package_identification:_identify(src/multi_robot_interfaces) by extension 'ignore_ament_install'
[0.284s] Level 1:colcon.colcon_core.package_identification:_identify(src/multi_robot_interfaces) by extensions ['colcon_pkg']
[0.284s] Level 1:colcon.colcon_core.package_identification:_identify(src/multi_robot_interfaces) by extension 'colcon_pkg'
[0.284s] Level 1:colcon.colcon_core.package_identification:_identify(src/multi_robot_interfaces) by extensions ['colcon_meta']
[0.284s] Level 1:colcon.colcon_core.package_identification:_identify(src/multi_robot_interfaces) by extension 'colcon_meta'
[0.284s] Level 1:colcon.colcon_core.package_identification:_identify(src/multi_robot_interfaces) by extensions ['ros']
[0.284s] Level 1:colcon.colcon_core.package_identification:_identify(src/multi_robot_interfaces) by extension 'ros'
[0.285s] DEBUG:colcon.colcon_core.package_identification:Package 'src/multi_robot_interfaces' with type 'ros.ament_cmake' and name 'multi_robot_interfaces'
[0.285s] Level 1:colcon.colcon_core.package_identification:_identify(src/simulador) by extensions ['ignore', 'ignore_ament_install']
[0.285s] Level 1:colcon.colcon_core.package_identification:_identify(src/simulador) by extension 'ignore'
[0.285s] Level 1:colcon.colcon_core.package_identification:_identify(src/simulador) by extension 'ignore_ament_install'
[0.285s] Level 1:colcon.colcon_core.package_identification:_identify(src/simulador) by extensions ['colcon_pkg']
[0.285s] Level 1:colcon.colcon_core.package_identification:_identify(src/simulador) by extension 'colcon_pkg'
[0.285s] Level 1:colcon.colcon_core.package_identification:_identify(src/simulador) by extensions ['colcon_meta']
[0.285s] Level 1:colcon.colcon_core.package_identification:_identify(src/simulador) by extension 'colcon_meta'
[0.285s] Level 1:colcon.colcon_core.package_identification:_identify(src/simulador) by extensions ['ros']
[0.285s] Level 1:colcon.colcon_core.package_identification:_identify(src/simulador) by extension 'ros'
[0.286s] DEBUG:colcon.colcon_core.package_identification:Package 'src/simulador' with type 'ros.ament_python' and name 'simulador'
[0.286s] Level 1:colcon.colcon_core.package_identification:_identify(ws3_p) by extensions ['ignore', 'ignore_ament_install']
[0.286s] Level 1:colcon.colcon_core.package_identification:_identify(ws3_p) by extension 'ignore'
[0.286s] Level 1:colcon.colcon_core.package_identification:_identify(ws3_p) by extension 'ignore_ament_install'
[0.286s] Level 1:colcon.colcon_core.package_identification:_identify(ws3_p) by extensions ['colcon_pkg']
[0.286s] Level 1:colcon.colcon_core.package_identification:_identify(ws3_p) by extension 'colcon_pkg'
[0.286s] Level 1:colcon.colcon_core.package_identification:_identify(ws3_p) by extensions ['colcon_meta']
[0.286s] Level 1:colcon.colcon_core.package_identification:_identify(ws3_p) by extension 'colcon_meta'
[0.286s] Level 1:colcon.colcon_core.package_identification:_identify(ws3_p) by extensions ['ros']
[0.286s] Level 1:colcon.colcon_core.package_identification:_identify(ws3_p) by extension 'ros'
[0.286s] Level 1:colcon.colcon_core.package_identification:_identify(ws3_p) by extensions ['cmake', 'python']
[0.286s] Level 1:colcon.colcon_core.package_identification:_identify(ws3_p) by extension 'cmake'
[0.286s] Level 1:colcon.colcon_core.package_identification:_identify(ws3_p) by extension 'python'
[0.286s] Level 1:colcon.colcon_core.package_identification:_identify(ws3_p) by extensions ['python_setup_py']
[0.286s] Level 1:colcon.colcon_core.package_identification:_identify(ws3_p) by extension 'python_setup_py'
[0.286s] Level 1:colcon.colcon_core.package_identification:_identify(ws3_p/algorithms) by extensions ['ignore', 'ignore_ament_install']
[0.286s] Level 1:colcon.colcon_core.package_identification:_identify(ws3_p/algorithms) by extension 'ignore'
[0.286s] Level 1:colcon.colcon_core.package_identification:_identify(ws3_p/algorithms) by extension 'ignore_ament_install'
[0.286s] Level 1:colcon.colcon_core.package_identification:_identify(ws3_p/algorithms) by extensions ['colcon_pkg']
[0.286s] Level 1:colcon.colcon_core.package_identification:_identify(ws3_p/algorithms) by extension 'colcon_pkg'
[0.286s] Level 1:colcon.colcon_core.package_identification:_identify(ws3_p/algorithms) by extensions ['colcon_meta']
[0.286s] Level 1:colcon.colcon_core.package_identification:_identify(ws3_p/algorithms) by extension 'colcon_meta'
[0.287s] Level 1:colcon.colcon_core.package_identification:_identify(ws3_p/algorithms) by extensions ['ros']
[0.287s] Level 1:colcon.colcon_core.package_identification:_identify(ws3_p/algorithms) by extension 'ros'
[0.287s] Level 1:colcon.colcon_core.package_identification:_identify(ws3_p/algorithms) by extensions ['cmake', 'python']
[0.287s] Level 1:colcon.colcon_core.package_identification:_identify(ws3_p/algorithms) by extension 'cmake'
[0.287s] Level 1:colcon.colcon_core.package_identification:_identify(ws3_p/algorithms) by extension 'python'
[0.287s] Level 1:colcon.colcon_core.package_identification:_identify(ws3_p/algorithms) by extensions ['python_setup_py']
[0.287s] Level 1:colcon.colcon_core.package_identification:_identify(ws3_p/algorithms) by extension 'python_setup_py'
[0.287s] Level 1:colcon.colcon_core.package_identification:_identify(ws3_p/algorithms/__pycache__) by extensions ['ignore', 'ignore_ament_install']
[0.287s] Level 1:colcon.colcon_core.package_identification:_identify(ws3_p/algorithms/__pycache__) by extension 'ignore'
[0.287s] Level 1:colcon.colcon_core.package_identification:_identify(ws3_p/algorithms/__pycache__) by extension 'ignore_ament_install'
[0.287s] Level 1:colcon.colcon_core.package_identification:_identify(ws3_p/algorithms/__pycache__) by extensions ['colcon_pkg']
[0.287s] Level 1:colcon.colcon_core.package_identification:_identify(ws3_p/algorithms/__pycache__) by extension 'colcon_pkg'
[0.287s] Level 1:colcon.colcon_core.package_identification:_identify(ws3_p/algorithms/__pycache__) by extensions ['colcon_meta']
[0.287s] Level 1:colcon.colcon_core.package_identification:_identify(ws3_p/algorithms/__pycache__) by extension 'colcon_meta'
[0.287s] Level 1:colcon.colcon_core.package_identification:_identify(ws3_p/algorithms/__pycache__) by extensions ['ros']
[0.287s] Level 1:colcon.colcon_core.package_identification:_identify(ws3_p/algorithms/__pycache__) by extension 'ros'
[0.287s] Level 1:colcon.colcon_core.package_identification:_identify(ws3_p/algorithms/__pycache__) by extensions ['cmake', 'python']
[0.287s] Level 1:colcon.colcon_core.package_identification:_identify(ws3_p/algorithms/__pycache__) by extension 'cmake'
[0.287s] Level 1:colcon.colcon_core.package_identification:_identify(ws3_p/algorithms/__pycache__) by extension 'python'
[0.287s] Level 1:colcon.colcon_core.package_identification:_identify(ws3_p/algorithms/__pycache__) by extensions ['python_setup_py']
[0.287s] Level 1:colcon.colcon_core.package_identification:_identify(ws3_p/algorithms/__pycache__) by extension 'python_setup_py'
[0.287s] Level 1:colcon.colcon_core.package_identification:_identify(ws3_p/figuras) by extensions ['ignore', 'ignore_ament_install']
[0.287s] Level 1:colcon.colcon_core.package_identification:_identify(ws3_p/figuras) by extension 'ignore'
[0.287s] Level 1:colcon.colcon_core.package_identification:_identify(ws3_p/figuras) by extension 'ignore_ament_install'
[0.287s] Level 1:colcon.colcon_core.package_identification:_identify(ws3_p/figuras) by extensions ['colcon_pkg']
[0.287s] Level 1:colcon.colcon_core.package_identification:_identify(ws3_p/figuras) by extension 'colcon_pkg'
[0.287s] Level 1:colcon.colcon_core.package_identification:_identify(ws3_p/figuras) by extensions ['colcon_meta']
[0.287s] Level 1:colcon.colcon_core.package_identification:_identify(ws3_p/figuras) by extension 'colcon_meta'
[0.288s] Level 1:colcon.colcon_core.package_identification:_identify(ws3_p/figuras) by extensions ['ros']
[0.288s] Level 1:colcon.colcon_core.package_identification:_identify(ws3_p/figuras) by extension 'ros'
[0.288s] Level 1:colcon.colcon_core.package_identification:_identify(ws3_p/figuras) by extensions ['cmake', 'python']
[0.288s] Level 1:colcon.colcon_core.package_identification:_identify(ws3_p/figuras) by extension 'cmake'
[0.288s] Level 1:colcon.colcon_core.package_identification:_identify(ws3_p/figuras) by extension 'python'
[0.288s] Level 1:colcon.colcon_core.package_identification:_identify(ws3_p/figuras) by extensions ['python_setup_py']
[0.288s] Level 1:colcon.colcon_core.package_identification:_identify(ws3_p/figuras) by extension 'python_setup_py'
[0.288s] Level 1:colcon.colcon_core.package_identification:_identify(ws3_p/figuras/s02b_radio_scan) by extensions ['ignore', 'ignore_ament_install']
[0.288s] Level 1:colcon.colcon_core.package_identification:_identify(ws3_p/figuras/s02b_radio_scan) by extension 'ignore'
[0.288s] Level 1:colcon.colcon_core.package_identification:_identify(ws3_p/figuras/s02b_radio_scan) by extension 'ignore_ament_install'
[0.288s] Level 1:colcon.colcon_core.package_identification:_identify(ws3_p/figuras/s02b_radio_scan) by extensions ['colcon_pkg']
[0.288s] Level 1:colcon.colcon_core.package_identification:_identify(ws3_p/figuras/s02b_radio_scan) by extension 'colcon_pkg'
[0.288s] Level 1:colcon.colcon_core.package_identification:_identify(ws3_p/figuras/s02b_radio_scan) by extensions ['colcon_meta']
[0.288s] Level 1:colcon.colcon_core.package_identification:_identify(ws3_p/figuras/s02b_radio_scan) by extension 'colcon_meta'
[0.288s] Level 1:colcon.colcon_core.package_identification:_identify(ws3_p/figuras/s02b_radio_scan) by extensions ['ros']
[0.288s] Level 1:colcon.colcon_core.package_identification:_identify(ws3_p/figuras/s02b_radio_scan) by extension 'ros'
[0.288s] Level 1:colcon.colcon_core.package_identification:_identify(ws3_p/figuras/s02b_radio_scan) by extensions ['cmake', 'python']
[0.288s] Level 1:colcon.colcon_core.package_identification:_identify(ws3_p/figuras/s02b_radio_scan) by extension 'cmake'
[0.288s] Level 1:colcon.colcon_core.package_identification:_identify(ws3_p/figuras/s02b_radio_scan) by extension 'python'
[0.288s] Level 1:colcon.colcon_core.package_identification:_identify(ws3_p/figuras/s02b_radio_scan) by extensions ['python_setup_py']
[0.288s] Level 1:colcon.colcon_core.package_identification:_identify(ws3_p/figuras/s02b_radio_scan) by extension 'python_setup_py'
[0.288s] Level 1:colcon.colcon_core.package_identification:_identify(ws3_p/figuras/s03_pivot_90) by extensions ['ignore', 'ignore_ament_install']
[0.288s] Level 1:colcon.colcon_core.package_identification:_identify(ws3_p/figuras/s03_pivot_90) by extension 'ignore'
[0.288s] Level 1:colcon.colcon_core.package_identification:_identify(ws3_p/figuras/s03_pivot_90) by extension 'ignore_ament_install'
[0.288s] Level 1:colcon.colcon_core.package_identification:_identify(ws3_p/figuras/s03_pivot_90) by extensions ['colcon_pkg']
[0.288s] Level 1:colcon.colcon_core.package_identification:_identify(ws3_p/figuras/s03_pivot_90) by extension 'colcon_pkg'
[0.288s] Level 1:colcon.colcon_core.package_identification:_identify(ws3_p/figuras/s03_pivot_90) by extensions ['colcon_meta']
[0.288s] Level 1:colcon.colcon_core.package_identification:_identify(ws3_p/figuras/s03_pivot_90) by extension 'colcon_meta'
[0.288s] Level 1:colcon.colcon_core.package_identification:_identify(ws3_p/figuras/s03_pivot_90) by extensions ['ros']
[0.288s] Level 1:colcon.colcon_core.package_identification:_identify(ws3_p/figuras/s03_pivot_90) by extension 'ros'
[0.288s] Level 1:colcon.colcon_core.package_identification:_identify(ws3_p/figuras/s03_pivot_90) by extensions ['cmake', 'python']
[0.288s] Level 1:colcon.colcon_core.package_identification:_identify(ws3_p/figuras/s03_pivot_90) by extension 'cmake'
[0.288s] Level 1:colcon.colcon_core.package_identification:_identify(ws3_p/figuras/s03_pivot_90) by extension 'python'
[0.288s] Level 1:colcon.colcon_core.package_identification:_identify(ws3_p/figuras/s03_pivot_90) by extensions ['python_setup_py']
[0.289s] Level 1:colcon.colcon_core.package_identification:_identify(ws3_p/figuras/s03_pivot_90) by extension 'python_setup_py'
[0.289s] Level 1:colcon.colcon_core.package_identification:_identify(ws3_p/figuras/s03_scan) by extensions ['ignore', 'ignore_ament_install']
[0.289s] Level 1:colcon.colcon_core.package_identification:_identify(ws3_p/figuras/s03_scan) by extension 'ignore'
[0.289s] Level 1:colcon.colcon_core.package_identification:_identify(ws3_p/figuras/s03_scan) by extension 'ignore_ament_install'
[0.289s] Level 1:colcon.colcon_core.package_identification:_identify(ws3_p/figuras/s03_scan) by extensions ['colcon_pkg']
[0.289s] Level 1:colcon.colcon_core.package_identification:_identify(ws3_p/figuras/s03_scan) by extension 'colcon_pkg'
[0.289s] Level 1:colcon.colcon_core.package_identification:_identify(ws3_p/figuras/s03_scan) by extensions ['colcon_meta']
[0.289s] Level 1:colcon.colcon_core.package_identification:_identify(ws3_p/figuras/s03_scan) by extension 'colcon_meta'
[0.289s] Level 1:colcon.colcon_core.package_identification:_identify(ws3_p/figuras/s03_scan) by extensions ['ros']
[0.289s] Level 1:colcon.colcon_core.package_identification:_identify(ws3_p/figuras/s03_scan) by extension 'ros'
[0.289s] Level 1:colcon.colcon_core.package_identification:_identify(ws3_p/figuras/s03_scan) by extensions ['cmake', 'python']
[0.289s] Level 1:colcon.colcon_core.package_identification:_identify(ws3_p/figuras/s03_scan) by extension 'cmake'
[0.289s] Level 1:colcon.colcon_core.package_identification:_identify(ws3_p/figuras/s03_scan) by extension 'python'
[0.289s] Level 1:colcon.colcon_core.package_identification:_identify(ws3_p/figuras/s03_scan) by extensions ['python_setup_py']
[0.289s] Level 1:colcon.colcon_core.package_identification:_identify(ws3_p/figuras/s03_scan) by extension 'python_setup_py'
[0.289s] Level 1:colcon.colcon_core.package_identification:_identify(ws3_p/figuras/s04_circulo_pivote) by extensions ['ignore', 'ignore_ament_install']
[0.289s] Level 1:colcon.colcon_core.package_identification:_identify(ws3_p/figuras/s04_circulo_pivote) by extension 'ignore'
[0.289s] Level 1:colcon.colcon_core.package_identification:_identify(ws3_p/figuras/s04_circulo_pivote) by extension 'ignore_ament_install'
[0.289s] Level 1:colcon.colcon_core.package_identification:_identify(ws3_p/figuras/s04_circulo_pivote) by extensions ['colcon_pkg']
[0.289s] Level 1:colcon.colcon_core.package_identification:_identify(ws3_p/figuras/s04_circulo_pivote) by extension 'colcon_pkg'
[0.289s] Level 1:colcon.colcon_core.package_identification:_identify(ws3_p/figuras/s04_circulo_pivote) by extensions ['colcon_meta']
[0.289s] Level 1:colcon.colcon_core.package_identification:_identify(ws3_p/figuras/s04_circulo_pivote) by extension 'colcon_meta'
[0.289s] Level 1:colcon.colcon_core.package_identification:_identify(ws3_p/figuras/s04_circulo_pivote) by extensions ['ros']
[0.289s] Level 1:colcon.colcon_core.package_identification:_identify(ws3_p/figuras/s04_circulo_pivote) by extension 'ros'
[0.289s] Level 1:colcon.colcon_core.package_identification:_identify(ws3_p/figuras/s04_circulo_pivote) by extensions ['cmake', 'python']
[0.289s] Level 1:colcon.colcon_core.package_identification:_identify(ws3_p/figuras/s04_circulo_pivote) by extension 'cmake'
[0.289s] Level 1:colcon.colcon_core.package_identification:_identify(ws3_p/figuras/s04_circulo_pivote) by extension 'python'
[0.289s] Level 1:colcon.colcon_core.package_identification:_identify(ws3_p/figuras/s04_circulo_pivote) by extensions ['python_setup_py']
[0.289s] Level 1:colcon.colcon_core.package_identification:_identify(ws3_p/figuras/s04_circulo_pivote) by extension 'python_setup_py'
[0.290s] Level 1:colcon.colcon_core.package_identification:_identify(ws3_p/figuras/s05_circulo) by extensions ['ignore', 'ignore_ament_install']
[0.290s] Level 1:colcon.colcon_core.package_identification:_identify(ws3_p/figuras/s05_circulo) by extension 'ignore'
[0.290s] Level 1:colcon.colcon_core.package_identification:_identify(ws3_p/figuras/s05_circulo) by extension 'ignore_ament_install'
[0.290s] Level 1:colcon.colcon_core.package_identification:_identify(ws3_p/figuras/s05_circulo) by extensions ['colcon_pkg']
[0.290s] Level 1:colcon.colcon_core.package_identification:_identify(ws3_p/figuras/s05_circulo) by extension 'colcon_pkg'
[0.290s] Level 1:colcon.colcon_core.package_identification:_identify(ws3_p/figuras/s05_circulo) by extensions ['colcon_meta']
[0.290s] Level 1:colcon.colcon_core.package_identification:_identify(ws3_p/figuras/s05_circulo) by extension 'colcon_meta'
[0.290s] Level 1:colcon.colcon_core.package_identification:_identify(ws3_p/figuras/s05_circulo) by extensions ['ros']
[0.290s] Level 1:colcon.colcon_core.package_identification:_identify(ws3_p/figuras/s05_circulo) by extension 'ros'
[0.290s] Level 1:colcon.colcon_core.package_identification:_identify(ws3_p/figuras/s05_circulo) by extensions ['cmake', 'python']
[0.290s] Level 1:colcon.colcon_core.package_identification:_identify(ws3_p/figuras/s05_circulo) by extension 'cmake'
[0.290s] Level 1:colcon.colcon_core.package_identification:_identify(ws3_p/figuras/s05_circulo) by extension 'python'
[0.290s] Level 1:colcon.colcon_core.package_identification:_identify(ws3_p/figuras/s05_circulo) by extensions ['python_setup_py']
[0.290s] Level 1:colcon.colcon_core.package_identification:_identify(ws3_p/figuras/s05_circulo) by extension 'python_setup_py'
[0.290s] Level 1:colcon.colcon_core.package_identification:_identify(ws3_p/figuras/s05_formacion_inicial) by extensions ['ignore', 'ignore_ament_install']
[0.290s] Level 1:colcon.colcon_core.package_identification:_identify(ws3_p/figuras/s05_formacion_inicial) by extension 'ignore'
[0.290s] Level 1:colcon.colcon_core.package_identification:_identify(ws3_p/figuras/s05_formacion_inicial) by extension 'ignore_ament_install'
[0.290s] Level 1:colcon.colcon_core.package_identification:_identify(ws3_p/figuras/s05_formacion_inicial) by extensions ['colcon_pkg']
[0.290s] Level 1:colcon.colcon_core.package_identification:_identify(ws3_p/figuras/s05_formacion_inicial) by extension 'colcon_pkg'
[0.290s] Level 1:colcon.colcon_core.package_identification:_identify(ws3_p/figuras/s05_formacion_inicial) by extensions ['colcon_meta']
[0.290s] Level 1:colcon.colcon_core.package_identification:_identify(ws3_p/figuras/s05_formacion_inicial) by extension 'colcon_meta'
[0.291s] Level 1:colcon.colcon_core.package_identification:_identify(ws3_p/figuras/s05_formacion_inicial) by extensions ['ros']
[0.291s] Level 1:colcon.colcon_core.package_identification:_identify(ws3_p/figuras/s05_formacion_inicial) by extension 'ros'
[0.291s] Level 1:colcon.colcon_core.package_identification:_identify(ws3_p/figuras/s05_formacion_inicial) by extensions ['cmake', 'python']
[0.291s] Level 1:colcon.colcon_core.package_identification:_identify(ws3_p/figuras/s05_formacion_inicial) by extension 'cmake'
[0.291s] Level 1:colcon.colcon_core.package_identification:_identify(ws3_p/figuras/s05_formacion_inicial) by extension 'python'
[0.291s] Level 1:colcon.colcon_core.package_identification:_identify(ws3_p/figuras/s05_formacion_inicial) by extensions ['python_setup_py']
[0.291s] Level 1:colcon.colcon_core.package_identification:_identify(ws3_p/figuras/s05_formacion_inicial) by extension 'python_setup_py'
[0.291s] Level 1:colcon.colcon_core.package_identification:_identify(ws3_p/robots) by extensions ['ignore', 'ignore_ament_install']
[0.291s] Level 1:colcon.colcon_core.package_identification:_identify(ws3_p/robots) by extension 'ignore'
[0.291s] Level 1:colcon.colcon_core.package_identification:_identify(ws3_p/robots) by extension 'ignore_ament_install'
[0.291s] Level 1:colcon.colcon_core.package_identification:_identify(ws3_p/robots) by extensions ['colcon_pkg']
[0.291s] Level 1:colcon.colcon_core.package_identification:_identify(ws3_p/robots) by extension 'colcon_pkg'
[0.291s] Level 1:colcon.colcon_core.package_identification:_identify(ws3_p/robots) by extensions ['colcon_meta']
[0.291s] Level 1:colcon.colcon_core.package_identification:_identify(ws3_p/robots) by extension 'colcon_meta'
[0.291s] Level 1:colcon.colcon_core.package_identification:_identify(ws3_p/robots) by extensions ['ros']
[0.291s] Level 1:colcon.colcon_core.package_identification:_identify(ws3_p/robots) by extension 'ros'
[0.291s] Level 1:colcon.colcon_core.package_identification:_identify(ws3_p/robots) by extensions ['cmake', 'python']
[0.291s] Level 1:colcon.colcon_core.package_identification:_identify(ws3_p/robots) by extension 'cmake'
[0.291s] Level 1:colcon.colcon_core.package_identification:_identify(ws3_p/robots) by extension 'python'
[0.291s] Level 1:colcon.colcon_core.package_identification:_identify(ws3_p/robots) by extensions ['python_setup_py']
[0.291s] Level 1:colcon.colcon_core.package_identification:_identify(ws3_p/robots) by extension 'python_setup_py'
[0.291s] Level 1:colcon.colcon_core.package_identification:_identify(ws3_p/robots/__pycache__) by extensions ['ignore', 'ignore_ament_install']
[0.291s] Level 1:colcon.colcon_core.package_identification:_identify(ws3_p/robots/__pycache__) by extension 'ignore'
[0.291s] Level 1:colcon.colcon_core.package_identification:_identify(ws3_p/robots/__pycache__) by extension 'ignore_ament_install'
[0.291s] Level 1:colcon.colcon_core.package_identification:_identify(ws3_p/robots/__pycache__) by extensions ['colcon_pkg']
[0.291s] Level 1:colcon.colcon_core.package_identification:_identify(ws3_p/robots/__pycache__) by extension 'colcon_pkg'
[0.291s] Level 1:colcon.colcon_core.package_identification:_identify(ws3_p/robots/__pycache__) by extensions ['colcon_meta']
[0.291s] Level 1:colcon.colcon_core.package_identification:_identify(ws3_p/robots/__pycache__) by extension 'colcon_meta'
[0.291s] Level 1:colcon.colcon_core.package_identification:_identify(ws3_p/robots/__pycache__) by extensions ['ros']
[0.291s] Level 1:colcon.colcon_core.package_identification:_identify(ws3_p/robots/__pycache__) by extension 'ros'
[0.291s] Level 1:colcon.colcon_core.package_identification:_identify(ws3_p/robots/__pycache__) by extensions ['cmake', 'python']
[0.291s] Level 1:colcon.colcon_core.package_identification:_identify(ws3_p/robots/__pycache__) by extension 'cmake'
[0.291s] Level 1:colcon.colcon_core.package_identification:_identify(ws3_p/robots/__pycache__) by extension 'python'
[0.291s] Level 1:colcon.colcon_core.package_identification:_identify(ws3_p/robots/__pycache__) by extensions ['python_setup_py']
[0.291s] Level 1:colcon.colcon_core.package_identification:_identify(ws3_p/robots/__pycache__) by extension 'python_setup_py'
[0.291s] Level 1:colcon.colcon_core.package_identification:_identify(ws3_p/scenarios) by extensions ['ignore', 'ignore_ament_install']
[0.292s] Level 1:colcon.colcon_core.package_identification:_identify(ws3_p/scenarios) by extension 'ignore'
[0.292s] Level 1:colcon.colcon_core.package_identification:_identify(ws3_p/scenarios) by extension 'ignore_ament_install'
[0.292s] Level 1:colcon.colcon_core.package_identification:_identify(ws3_p/scenarios) by extensions ['colcon_pkg']
[0.292s] Level 1:colcon.colcon_core.package_identification:_identify(ws3_p/scenarios) by extension 'colcon_pkg'
[0.292s] Level 1:colcon.colcon_core.package_identification:_identify(ws3_p/scenarios) by extensions ['colcon_meta']
[0.292s] Level 1:colcon.colcon_core.package_identification:_identify(ws3_p/scenarios) by extension 'colcon_meta'
[0.292s] Level 1:colcon.colcon_core.package_identification:_identify(ws3_p/scenarios) by extensions ['ros']
[0.292s] Level 1:colcon.colcon_core.package_identification:_identify(ws3_p/scenarios) by extension 'ros'
[0.292s] Level 1:colcon.colcon_core.package_identification:_identify(ws3_p/scenarios) by extensions ['cmake', 'python']
[0.292s] Level 1:colcon.colcon_core.package_identification:_identify(ws3_p/scenarios) by extension 'cmake'
[0.292s] Level 1:colcon.colcon_core.package_identification:_identify(ws3_p/scenarios) by extension 'python'
[0.292s] Level 1:colcon.colcon_core.package_identification:_identify(ws3_p/scenarios) by extensions ['python_setup_py']
[0.292s] Level 1:colcon.colcon_core.package_identification:_identify(ws3_p/scenarios) by extension 'python_setup_py'
[0.292s] Level 1:colcon.colcon_core.package_identification:_identify(ws3_p/sim) by extensions ['ignore', 'ignore_ament_install']
[0.292s] Level 1:colcon.colcon_core.package_identification:_identify(ws3_p/sim) by extension 'ignore'
[0.292s] Level 1:colcon.colcon_core.package_identification:_identify(ws3_p/sim) by extension 'ignore_ament_install'
[0.292s] Level 1:colcon.colcon_core.package_identification:_identify(ws3_p/sim) by extensions ['colcon_pkg']
[0.292s] Level 1:colcon.colcon_core.package_identification:_identify(ws3_p/sim) by extension 'colcon_pkg'
[0.292s] Level 1:colcon.colcon_core.package_identification:_identify(ws3_p/sim) by extensions ['colcon_meta']
[0.292s] Level 1:colcon.colcon_core.package_identification:_identify(ws3_p/sim) by extension 'colcon_meta'
[0.292s] Level 1:colcon.colcon_core.package_identification:_identify(ws3_p/sim) by extensions ['ros']
[0.292s] Level 1:colcon.colcon_core.package_identification:_identify(ws3_p/sim) by extension 'ros'
[0.292s] Level 1:colcon.colcon_core.package_identification:_identify(ws3_p/sim) by extensions ['cmake', 'python']
[0.292s] Level 1:colcon.colcon_core.package_identification:_identify(ws3_p/sim) by extension 'cmake'
[0.292s] Level 1:colcon.colcon_core.package_identification:_identify(ws3_p/sim) by extension 'python'
[0.292s] Level 1:colcon.colcon_core.package_identification:_identify(ws3_p/sim) by extensions ['python_setup_py']
[0.292s] Level 1:colcon.colcon_core.package_identification:_identify(ws3_p/sim) by extension 'python_setup_py'
[0.292s] Level 1:colcon.colcon_core.package_identification:_identify(ws3_p/sim/__pycache__) by extensions ['ignore', 'ignore_ament_install']
[0.292s] Level 1:colcon.colcon_core.package_identification:_identify(ws3_p/sim/__pycache__) by extension 'ignore'
[0.292s] Level 1:colcon.colcon_core.package_identification:_identify(ws3_p/sim/__pycache__) by extension 'ignore_ament_install'
[0.292s] Level 1:colcon.colcon_core.package_identification:_identify(ws3_p/sim/__pycache__) by extensions ['colcon_pkg']
[0.292s] Level 1:colcon.colcon_core.package_identification:_identify(ws3_p/sim/__pycache__) by extension 'colcon_pkg'
[0.292s] Level 1:colcon.colcon_core.package_identification:_identify(ws3_p/sim/__pycache__) by extensions ['colcon_meta']
[0.292s] Level 1:colcon.colcon_core.package_identification:_identify(ws3_p/sim/__pycache__) by extension 'colcon_meta'
[0.293s] Level 1:colcon.colcon_core.package_identification:_identify(ws3_p/sim/__pycache__) by extensions ['ros']
[0.293s] Level 1:colcon.colcon_core.package_identification:_identify(ws3_p/sim/__pycache__) by extension 'ros'
[0.293s] Level 1:colcon.colcon_core.package_identification:_identify(ws3_p/sim/__pycache__) by extensions ['cmake', 'python']
[0.293s] Level 1:colcon.colcon_core.package_identification:_identify(ws3_p/sim/__pycache__) by extension 'cmake'
[0.293s] Level 1:colcon.colcon_core.package_identification:_identify(ws3_p/sim/__pycache__) by extension 'python'
[0.293s] Level 1:colcon.colcon_core.package_identification:_identify(ws3_p/sim/__pycache__) by extensions ['python_setup_py']
[0.293s] Level 1:colcon.colcon_core.package_identification:_identify(ws3_p/sim/__pycache__) by extension 'python_setup_py'
[0.293s] Level 1:colcon.colcon_core.package_identification:_identify(ws3_p/viz) by extensions ['ignore', 'ignore_ament_install']
[0.293s] Level 1:colcon.colcon_core.package_identification:_identify(ws3_p/viz) by extension 'ignore'
[0.293s] Level 1:colcon.colcon_core.package_identification:_identify(ws3_p/viz) by extension 'ignore_ament_install'
[0.293s] Level 1:colcon.colcon_core.package_identification:_identify(ws3_p/viz) by extensions ['colcon_pkg']
[0.293s] Level 1:colcon.colcon_core.package_identification:_identify(ws3_p/viz) by extension 'colcon_pkg'
[0.293s] Level 1:colcon.colcon_core.package_identification:_identify(ws3_p/viz) by extensions ['colcon_meta']
[0.293s] Level 1:colcon.colcon_core.package_identification:_identify(ws3_p/viz) by extension 'colcon_meta'
[0.293s] Level 1:colcon.colcon_core.package_identification:_identify(ws3_p/viz) by extensions ['ros']
[0.293s] Level 1:colcon.colcon_core.package_identification:_identify(ws3_p/viz) by extension 'ros'
[0.293s] Level 1:colcon.colcon_core.package_identification:_identify(ws3_p/viz) by extensions ['cmake', 'python']
[0.293s] Level 1:colcon.colcon_core.package_identification:_identify(ws3_p/viz) by extension 'cmake'
[0.293s] Level 1:colcon.colcon_core.package_identification:_identify(ws3_p/viz) by extension 'python'
[0.293s] Level 1:colcon.colcon_core.package_identification:_identify(ws3_p/viz) by extensions ['python_setup_py']
[0.293s] Level 1:colcon.colcon_core.package_identification:_identify(ws3_p/viz) by extension 'python_setup_py'
[0.293s] Level 1:colcon.colcon_core.package_identification:_identify(ws3_p/viz/__pycache__) by extensions ['ignore', 'ignore_ament_install']
[0.293s] Level 1:colcon.colcon_core.package_identification:_identify(ws3_p/viz/__pycache__) by extension 'ignore'
[0.293s] Level 1:colcon.colcon_core.package_identification:_identify(ws3_p/viz/__pycache__) by extension 'ignore_ament_install'
[0.293s] Level 1:colcon.colcon_core.package_identification:_identify(ws3_p/viz/__pycache__) by extensions ['colcon_pkg']
[0.293s] Level 1:colcon.colcon_core.package_identification:_identify(ws3_p/viz/__pycache__) by extension 'colcon_pkg'
[0.293s] Level 1:colcon.colcon_core.package_identification:_identify(ws3_p/viz/__pycache__) by extensions ['colcon_meta']
[0.293s] Level 1:colcon.colcon_core.package_identification:_identify(ws3_p/viz/__pycache__) by extension 'colcon_meta'
[0.293s] Level 1:colcon.colcon_core.package_identification:_identify(ws3_p/viz/__pycache__) by extensions ['ros']
[0.293s] Level 1:colcon.colcon_core.package_identification:_identify(ws3_p/viz/__pycache__) by extension 'ros'
[0.293s] Level 1:colcon.colcon_core.package_identification:_identify(ws3_p/viz/__pycache__) by extensions ['cmake', 'python']
[0.293s] Level 1:colcon.colcon_core.package_identification:_identify(ws3_p/viz/__pycache__) by extension 'cmake'
[0.294s] Level 1:colcon.colcon_core.package_identification:_identify(ws3_p/viz/__pycache__) by extension 'python'
[0.294s] Level 1:colcon.colcon_core.package_identification:_identify(ws3_p/viz/__pycache__) by extensions ['python_setup_py']
[0.294s] Level 1:colcon.colcon_core.package_identification:_identify(ws3_p/viz/__pycache__) by extension 'python_setup_py'
[0.294s] Level 1:colcon.colcon_core.package_discovery:discover_packages(recursive) using defaults
[0.294s] Level 1:colcon.colcon_core.package_discovery:discover_packages(ignore) discover
[0.294s] Level 1:colcon.colcon_core.package_discovery:discover_packages(ignore) using defaults
[0.294s] Level 1:colcon.colcon_core.package_discovery:discover_packages(path) discover
[0.294s] Level 1:colcon.colcon_core.package_discovery:discover_packages(path) using defaults
[0.316s] INFO:colcon.colcon_core.package_selection:Skipping not selected package 'articubot_one' in 'src/articubot_one'
[0.316s] Level 1:colcon.colcon_core.package_discovery:discover_packages(prefix_path) check parameters
[0.316s] Level 1:colcon.colcon_core.package_discovery:discover_packages(prefix_path) discover
[0.318s] DEBUG:colcon.colcon_installed_package_information.package_discovery:Found 282 installed packages in /opt/ros/humble
[0.319s] Level 1:colcon.colcon_core.package_discovery:discover_packages(prefix_path) using defaults
[0.344s] Level 5:colcon.colcon_core.verb:set package 'multi_robot_interfaces' build argument 'cmake_args' from command line to 'None'
[0.344s] Level 5:colcon.colcon_core.verb:set package 'multi_robot_interfaces' build argument 'cmake_target' from command line to 'None'
[0.344s] Level 5:colcon.colcon_core.verb:set package 'multi_robot_interfaces' build argument 'cmake_target_skip_unavailable' from command line to 'False'
[0.344s] Level 5:colcon.colcon_core.verb:set package 'multi_robot_interfaces' build argument 'cmake_clean_cache' from command line to 'False'
[0.344s] Level 5:colcon.colcon_core.verb:set package 'multi_robot_interfaces' build argument 'cmake_clean_first' from command line to 'False'
[0.344s] Level 5:colcon.colcon_core.verb:set package 'multi_robot_interfaces' build argument 'cmake_force_configure' from command line to 'False'
[0.344s] Level 5:colcon.colcon_core.verb:set package 'multi_robot_interfaces' build argument 'ament_cmake_args' from command line to 'None'
[0.344s] Level 5:colcon.colcon_core.verb:set package 'multi_robot_interfaces' build argument 'catkin_cmake_args' from command line to 'None'
[0.344s] Level 5:colcon.colcon_core.verb:set package 'multi_robot_interfaces' build argument 'catkin_skip_building_tests' from command line to 'False'
[0.344s] DEBUG:colcon.colcon_core.verb:Building package 'multi_robot_interfaces' with the following arguments: {'ament_cmake_args': None, 'build_base': '/home/calafaker/Control-Formation/ws3/build/multi_robot_interfaces', 'catkin_cmake_args': None, 'catkin_skip_building_tests': False, 'cmake_args': None, 'cmake_clean_cache': False, 'cmake_clean_first': False, 'cmake_force_configure': False, 'cmake_target': None, 'cmake_target_skip_unavailable': False, 'install_base': '/home/calafaker/Control-Formation/ws3/install/multi_robot_interfaces', 'merge_install': False, 'path': '/home/calafaker/Control-Formation/ws3/src/multi_robot_interfaces', 'symlink_install': False, 'test_result_base': None}
[0.344s] Level 5:colcon.colcon_core.verb:set package 'control_nodes' build argument 'cmake_args' from command line to 'None'
[0.344s] Level 5:colcon.colcon_core.verb:set package 'control_nodes' build argument 'cmake_target' from command line to 'None'
[0.344s] Level 5:colcon.colcon_core.verb:set package 'control_nodes' build argument 'cmake_target_skip_unavailable' from command line to 'False'
[0.344s] Level 5:colcon.colcon_core.verb:set package 'control_nodes' build argument 'cmake_clean_cache' from command line to 'False'
[0.344s] Level 5:colcon.colcon_core.verb:set package 'control_nodes' build argument 'cmake_clean_first' from command line to 'False'
[0.344s] Level 5:colcon.colcon_core.verb:set package 'control_nodes' build argument 'cmake_force_configure' from command line to 'False'
[0.344s] Level 5:colcon.colcon_core.verb:set package 'control_nodes' build argument 'ament_cmake_args' from command line to 'None'
[0.344s] Level 5:colcon.colcon_core.verb:set package 'control_nodes' build argument 'catkin_cmake_args' from command line to 'None'
[0.344s] Level 5:colcon.colcon_core.verb:set package 'control_nodes' build argument 'catkin_skip_building_tests' from command line to 'False'
[0.344s] DEBUG:colcon.colcon_core.verb:Building package 'control_nodes' with the following arguments: {'ament_cmake_args': None, 'build_base': '/home/calafaker/Control-Formation/ws3/build/control_nodes', 'catkin_cmake_args': None, 'catkin_skip_building_tests': False, 'cmake_args': None, 'cmake_clean_cache': False, 'cmake_clean_first': False, 'cmake_force_configure': False, 'cmake_target': None, 'cmake_target_skip_unavailable': False, 'install_base': '/home/calafaker/Control-Formation/ws3/install/control_nodes', 'merge_install': False, 'path': '/home/calafaker/Control-Formation/ws3/src/control_nodes', 'symlink_install': False, 'test_result_base': None}
[0.345s] Level 5:colcon.colcon_core.verb:set package 'simulador' build argument 'cmake_args' from command line to 'None'
[0.345s] Level 5:colcon.colcon_core.verb:set package 'simulador' build argument 'cmake_target' from command line to 'None'
[0.345s] Level 5:colcon.colcon_core.verb:set package 'simulador' build argument 'cmake_target_skip_unavailable' from command line to 'False'
[0.345s] Level 5:colcon.colcon_core.verb:set package 'simulador' build argument 'cmake_clean_cache' from command line to 'False'
[0.345s] Level 5:colcon.colcon_core.verb:set package 'simulador' build argument 'cmake_clean_first' from command line to 'False'
[0.345s] Level 5:colcon.colcon_core.verb:set package 'simulador' build argument 'cmake_force_configure' from command line to 'False'
[0.345s] Level 5:colcon.colcon_core.verb:set package 'simulador' build argument 'ament_cmake_args' from command line to 'None'
[0.345s] Level 5:colcon.colcon_core.verb:set package 'simulador' build argument 'catkin_cmake_args' from command line to 'None'
[0.345s] Level 5:colcon.colcon_core.verb:set package 'simulador' build argument 'catkin_skip_building_tests' from command line to 'False'
[0.345s] DEBUG:colcon.colcon_core.verb:Building package 'simulador' with the following arguments: {'ament_cmake_args': None, 'build_base': '/home/calafaker/Control-Formation/ws3/build/simulador', 'catkin_cmake_args': None, 'catkin_skip_building_tests': False, 'cmake_args': None, 'cmake_clean_cache': False, 'cmake_clean_first': False, 'cmake_force_configure': False, 'cmake_target': None, 'cmake_target_skip_unavailable': False, 'install_base': '/home/calafaker/Control-Formation/ws3/install/simulador', 'merge_install': False, 'path': '/home/calafaker/Control-Formation/ws3/src/simulador', 'symlink_install': False, 'test_result_base': None}
[0.345s] INFO:colcon.colcon_core.executor:Executing jobs using 'parallel' executor
[0.346s] DEBUG:colcon.colcon_parallel_executor.executor.parallel:run_until_complete
[0.346s] INFO:colcon.colcon_ros.task.ament_cmake.build:Building ROS package in '/home/calafaker/Control-Formation/ws3/src/multi_robot_interfaces' with build type 'ament_cmake'
[0.346s] INFO:colcon.colcon_cmake.task.cmake.build:Building CMake package in '/home/calafaker/Control-Formation/ws3/src/multi_robot_interfaces'
[0.348s] INFO:colcon.colcon_core.plugin_system:Skipping extension 'colcon_core.shell.bat': Not used on non-Windows systems
[0.348s] INFO:colcon.colcon_core.shell:Skip shell extension 'powershell' for command environment: Not usable outside of PowerShell
[0.348s] DEBUG:colcon.colcon_core.shell:Skip shell extension 'dsv' for command environment
[0.354s] DEBUG:colcon.colcon_core.event_handler.log_command:Invoking command in '/home/calafaker/Control-Formation/ws3/build/multi_robot_interfaces': CMAKE_PREFIX_PATH=/opt/ros/humble /usr/bin/cmake --build /home/calafaker/Control-Formation/ws3/build/multi_robot_interfaces -- -j16 -l16
[0.601s] DEBUG:colcon.colcon_core.event_handler.log_command:Invoked command in '/home/calafaker/Control-Formation/ws3/build/multi_robot_interfaces' returned '0': CMAKE_PREFIX_PATH=/opt/ros/humble /usr/bin/cmake --build /home/calafaker/Control-Formation/ws3/build/multi_robot_interfaces -- -j16 -l16
[0.609s] DEBUG:colcon.colcon_core.event_handler.log_command:Invoking command in '/home/calafaker/Control-Formation/ws3/build/multi_robot_interfaces': CMAKE_PREFIX_PATH=/opt/ros/humble /usr/bin/cmake --install /home/calafaker/Control-Formation/ws3/build/multi_robot_interfaces
[0.648s] Level 1:colcon.colcon_core.environment:create_environment_scripts_only(multi_robot_interfaces)
[0.648s] DEBUG:colcon.colcon_core.event_handler.log_command:Invoked command in '/home/calafaker/Control-Formation/ws3/build/multi_robot_interfaces' returned '0': CMAKE_PREFIX_PATH=/opt/ros/humble /usr/bin/cmake --install /home/calafaker/Control-Formation/ws3/build/multi_robot_interfaces
[0.650s] Level 1:colcon.colcon_core.environment:checking '/home/calafaker/Control-Formation/ws3/install/multi_robot_interfaces' for CMake module files
[0.650s] Level 1:colcon.colcon_core.environment:checking '/home/calafaker/Control-Formation/ws3/install/multi_robot_interfaces' for CMake config files
[0.650s] Level 1:colcon.colcon_core.shell:create_environment_hook('multi_robot_interfaces', 'cmake_prefix_path')
[0.651s] INFO:colcon.colcon_core.shell:Creating environment hook '/home/calafaker/Control-Formation/ws3/install/multi_robot_interfaces/share/multi_robot_interfaces/hook/cmake_prefix_path.ps1'
[0.651s] INFO:colcon.colcon_core.shell:Creating environment descriptor '/home/calafaker/Control-Formation/ws3/install/multi_robot_interfaces/share/multi_robot_interfaces/hook/cmake_prefix_path.dsv'
[0.651s] INFO:colcon.colcon_core.shell:Creating environment hook '/home/calafaker/Control-Formation/ws3/install/multi_robot_interfaces/share/multi_robot_interfaces/hook/cmake_prefix_path.sh'
[0.652s] Level 1:colcon.colcon_core.environment:checking '/home/calafaker/Control-Formation/ws3/install/multi_robot_interfaces/lib'
[0.652s] Level 1:colcon.colcon_core.shell:create_environment_hook('multi_robot_interfaces', 'ld_library_path_lib')
[0.652s] INFO:colcon.colcon_core.shell:Creating environment hook '/home/calafaker/Control-Formation/ws3/install/multi_robot_interfaces/share/multi_robot_interfaces/hook/ld_library_path_lib.ps1'
[0.653s] INFO:colcon.colcon_core.shell:Creating environment descriptor '/home/calafaker/Control-Formation/ws3/install/multi_robot_interfaces/share/multi_robot_interfaces/hook/ld_library_path_lib.dsv'
[0.653s] INFO:colcon.colcon_core.shell:Creating environment hook '/home/calafaker/Control-Formation/ws3/install/multi_robot_interfaces/share/multi_robot_interfaces/hook/ld_library_path_lib.sh'
[0.653s] Level 1:colcon.colcon_core.environment:checking '/home/calafaker/Control-Formation/ws3/install/multi_robot_interfaces/bin'
[0.653s] Level 1:colcon.colcon_core.environment:checking '/home/calafaker/Control-Formation/ws3/install/multi_robot_interfaces/lib/pkgconfig/multi_robot_interfaces.pc'
[0.654s] Level 1:colcon.colcon_core.environment:checking '/home/calafaker/Control-Formation/ws3/install/multi_robot_interfaces/lib/python3.10/site-packages'
[0.654s] Level 1:colcon.colcon_core.environment:checking '/home/calafaker/Control-Formation/ws3/install/multi_robot_interfaces/bin'
[0.654s] INFO:colcon.colcon_core.shell:Creating package script '/home/calafaker/Control-Formation/ws3/install/multi_robot_interfaces/share/multi_robot_interfaces/package.ps1'
[0.654s] INFO:colcon.colcon_core.shell:Creating package descriptor '/home/calafaker/Control-Formation/ws3/install/multi_robot_interfaces/share/multi_robot_interfaces/package.dsv'
[0.655s] INFO:colcon.colcon_core.shell:Creating package script '/home/calafaker/Control-Formation/ws3/install/multi_robot_interfaces/share/multi_robot_interfaces/package.sh'
[0.655s] INFO:colcon.colcon_core.shell:Creating package script '/home/calafaker/Control-Formation/ws3/install/multi_robot_interfaces/share/multi_robot_interfaces/package.bash'
[0.656s] INFO:colcon.colcon_core.shell:Creating package script '/home/calafaker/Control-Formation/ws3/install/multi_robot_interfaces/share/multi_robot_interfaces/package.zsh'
[0.656s] Level 1:colcon.colcon_core.environment:create_file_with_runtime_dependencies(/home/calafaker/Control-Formation/ws3/install/multi_robot_interfaces/share/colcon-core/packages/multi_robot_interfaces)
[0.657s] Level 1:colcon.colcon_core.environment:create_environment_scripts_only(multi_robot_interfaces)
[0.657s] Level 1:colcon.colcon_core.environment:checking '/home/calafaker/Control-Formation/ws3/install/multi_robot_interfaces' for CMake module files
[0.657s] Level 1:colcon.colcon_core.environment:checking '/home/calafaker/Control-Formation/ws3/install/multi_robot_interfaces' for CMake config files
[0.658s] Level 1:colcon.colcon_core.shell:create_environment_hook('multi_robot_interfaces', 'cmake_prefix_path')
[0.658s] INFO:colcon.colcon_core.shell:Creating environment hook '/home/calafaker/Control-Formation/ws3/install/multi_robot_interfaces/share/multi_robot_interfaces/hook/cmake_prefix_path.ps1'
[0.658s] INFO:colcon.colcon_core.shell:Creating environment descriptor '/home/calafaker/Control-Formation/ws3/install/multi_robot_interfaces/share/multi_robot_interfaces/hook/cmake_prefix_path.dsv'
[0.658s] INFO:colcon.colcon_core.shell:Creating environment hook '/home/calafaker/Control-Formation/ws3/install/multi_robot_interfaces/share/multi_robot_interfaces/hook/cmake_prefix_path.sh'
[0.659s] Level 1:colcon.colcon_core.environment:checking '/home/calafaker/Control-Formation/ws3/install/multi_robot_interfaces/lib'
[0.659s] Level 1:colcon.colcon_core.shell:create_environment_hook('multi_robot_interfaces', 'ld_library_path_lib')
[0.659s] INFO:colcon.colcon_core.shell:Creating environment hook '/home/calafaker/Control-Formation/ws3/install/multi_robot_interfaces/share/multi_robot_interfaces/hook/ld_library_path_lib.ps1'
[0.659s] INFO:colcon.colcon_core.shell:Creating environment descriptor '/home/calafaker/Control-Formation/ws3/install/multi_robot_interfaces/share/multi_robot_interfaces/hook/ld_library_path_lib.dsv'
[0.659s] INFO:colcon.colcon_core.shell:Creating environment hook '/home/calafaker/Control-Formation/ws3/install/multi_robot_interfaces/share/multi_robot_interfaces/hook/ld_library_path_lib.sh'
[0.660s] Level 1:colcon.colcon_core.environment:checking '/home/calafaker/Control-Formation/ws3/install/multi_robot_interfaces/bin'
[0.660s] Level 1:colcon.colcon_core.environment:checking '/home/calafaker/Control-Formation/ws3/install/multi_robot_interfaces/lib/pkgconfig/multi_robot_interfaces.pc'
[0.660s] Level 1:colcon.colcon_core.environment:checking '/home/calafaker/Control-Formation/ws3/install/multi_robot_interfaces/lib/python3.10/site-packages'
[0.660s] Level 1:colcon.colcon_core.environment:checking '/home/calafaker/Control-Formation/ws3/install/multi_robot_interfaces/bin'
[0.660s] INFO:colcon.colcon_core.shell:Creating package script '/home/calafaker/Control-Formation/ws3/install/multi_robot_interfaces/share/multi_robot_interfaces/package.ps1'
[0.661s] INFO:colcon.colcon_core.shell:Creating package descriptor '/home/calafaker/Control-Formation/ws3/install/multi_robot_interfaces/share/multi_robot_interfaces/package.dsv'
[0.661s] INFO:colcon.colcon_core.shell:Creating package script '/home/calafaker/Control-Formation/ws3/install/multi_robot_interfaces/share/multi_robot_interfaces/package.sh'
[0.661s] INFO:colcon.colcon_core.shell:Creating package script '/home/calafaker/Control-Formation/ws3/install/multi_robot_interfaces/share/multi_robot_interfaces/package.bash'
[0.662s] INFO:colcon.colcon_core.shell:Creating package script '/home/calafaker/Control-Formation/ws3/install/multi_robot_interfaces/share/multi_robot_interfaces/package.zsh'
[0.662s] Level 1:colcon.colcon_core.environment:create_file_with_runtime_dependencies(/home/calafaker/Control-Formation/ws3/install/multi_robot_interfaces/share/colcon-core/packages/multi_robot_interfaces)
[0.662s] INFO:colcon.colcon_ros.task.ament_python.build:Building ROS package in '/home/calafaker/Control-Formation/ws3/src/control_nodes' with build type 'ament_python'
[0.663s] Level 1:colcon.colcon_core.shell:create_environment_hook('control_nodes', 'ament_prefix_path')
[0.663s] INFO:colcon.colcon_core.shell:Creating environment hook '/home/calafaker/Control-Formation/ws3/install/control_nodes/share/control_nodes/hook/ament_prefix_path.ps1'
[0.663s] INFO:colcon.colcon_core.shell:Creating environment descriptor '/home/calafaker/Control-Formation/ws3/install/control_nodes/share/control_nodes/hook/ament_prefix_path.dsv'
[0.664s] INFO:colcon.colcon_core.shell:Creating environment hook '/home/calafaker/Control-Formation/ws3/install/control_nodes/share/control_nodes/hook/ament_prefix_path.sh'
[0.664s] INFO:colcon.colcon_core.shell:Skip shell extension 'powershell' for command environment: Not usable outside of PowerShell
[0.664s] DEBUG:colcon.colcon_core.shell:Skip shell extension 'dsv' for command environment
[0.666s] INFO:colcon.colcon_ros.task.ament_python.build:Building ROS package in '/home/calafaker/Control-Formation/ws3/src/simulador' with build type 'ament_python'
[0.666s] Level 1:colcon.colcon_core.shell:create_environment_hook('simulador', 'ament_prefix_path')
[0.667s] INFO:colcon.colcon_core.shell:Creating environment hook '/home/calafaker/Control-Formation/ws3/install/simulador/share/simulador/hook/ament_prefix_path.ps1'
[0.667s] INFO:colcon.colcon_core.shell:Creating environment descriptor '/home/calafaker/Control-Formation/ws3/install/simulador/share/simulador/hook/ament_prefix_path.dsv'
[0.667s] INFO:colcon.colcon_core.shell:Creating environment hook '/home/calafaker/Control-Formation/ws3/install/simulador/share/simulador/hook/ament_prefix_path.sh'
[0.668s] INFO:colcon.colcon_core.shell:Skip shell extension 'powershell' for command environment: Not usable outside of PowerShell
[0.668s] DEBUG:colcon.colcon_core.shell:Skip shell extension 'dsv' for command environment
[0.905s] INFO:colcon.colcon_core.task.python.build:Building Python package in '/home/calafaker/Control-Formation/ws3/src/control_nodes'
[0.905s] INFO:colcon.colcon_core.shell:Skip shell extension 'powershell' for command environment: Not usable outside of PowerShell
[0.905s] DEBUG:colcon.colcon_core.shell:Skip shell extension 'dsv' for command environment
[1.091s] INFO:colcon.colcon_core.task.python.build:Building Python package in '/home/calafaker/Control-Formation/ws3/src/simulador'
[1.092s] INFO:colcon.colcon_core.shell:Skip shell extension 'powershell' for command environment: Not usable outside of PowerShell
[1.092s] DEBUG:colcon.colcon_core.shell:Skip shell extension 'dsv' for command environment
[1.379s] DEBUG:colcon.colcon_core.event_handler.log_command:Invoking command in '/home/calafaker/Control-Formation/ws3/src/control_nodes': AMENT_PREFIX_PATH=/home/calafaker/Control-Formation/ws3/install/multi_robot_interfaces:${AMENT_PREFIX_PATH} CMAKE_PREFIX_PATH=/home/calafaker/Control-Formation/ws3/install/multi_robot_interfaces LD_LIBRARY_PATH=/home/calafaker/Control-Formation/ws3/install/multi_robot_interfaces/lib:${LD_LIBRARY_PATH} PYTHONPATH=/home/calafaker/Control-Formation/ws3/build/control_nodes/prefix_override:/usr/lib/python3/dist-packages/colcon_core/task/python/colcon_distutils_commands:/home/calafaker/Control-Formation/ws3/install/control_nodes/lib/python3.10/site-packages:/home/calafaker/Control-Formation/ws3/install/multi_robot_interfaces/local/lib/python3.10/dist-packages:${PYTHONPATH} /usr/bin/python3 -W ignore:setup.py install is deprecated -W ignore:easy_install command is deprecated setup.py egg_info --egg-base ../../build/control_nodes build --build-base /home/calafaker/Control-Formation/ws3/build/control_nodes/build install --record /home/calafaker/Control-Formation/ws3/build/control_nodes/install.log --single-version-externally-managed install_data
[1.473s] DEBUG:colcon.colcon_core.event_handler.log_command:Invoking command in '/home/calafaker/Control-Formation/ws3/src/simulador': AMENT_PREFIX_PATH=/home/calafaker/Control-Formation/ws3/install/multi_robot_interfaces:${AMENT_PREFIX_PATH} CMAKE_PREFIX_PATH=/home/calafaker/Control-Formation/ws3/install/multi_robot_interfaces LD_LIBRARY_PATH=/home/calafaker/Control-Formation/ws3/install/multi_robot_interfaces/lib:${LD_LIBRARY_PATH} PYTHONPATH=/home/calafaker/Control-Formation/ws3/build/simulador/prefix_override:/usr/lib/python3/dist-packages/colcon_core/task/python/colcon_distutils_commands:/home/calafaker/Control-Formation/ws3/install/simulador/lib/python3.10/site-packages:/home/calafaker/Control-Formation/ws3/install/multi_robot_interfaces/local/lib/python3.10/dist-packages:${PYTHONPATH} /usr/bin/python3 -W ignore:setup.py install is deprecated -W ignore:easy_install command is deprecated setup.py egg_info --egg-base ../../build/simulador build --build-base /home/calafaker/Control-Formation/ws3/build/simulador/build install --record /home/calafaker/Control-Formation/ws3/build/simulador/install.log --single-version-externally-managed install_data
[1.595s] Level 1:colcon.colcon_core.environment:checking '/home/calafaker/Control-Formation/ws3/install/control_nodes' for CMake module files
[1.595s] DEBUG:colcon.colcon_core.event_handler.log_command:Invoked command in '/home/calafaker/Control-Formation/ws3/src/control_nodes' returned '0': AMENT_PREFIX_PATH=/home/calafaker/Control-Formation/ws3/install/multi_robot_interfaces:${AMENT_PREFIX_PATH} CMAKE_PREFIX_PATH=/home/calafaker/Control-Formation/ws3/install/multi_robot_interfaces LD_LIBRARY_PATH=/home/calafaker/Control-Formation/ws3/install/multi_robot_interfaces/lib:${LD_LIBRARY_PATH} PYTHONPATH=/home/calafaker/Control-Formation/ws3/build/control_nodes/prefix_override:/usr/lib/python3/dist-packages/colcon_core/task/python/colcon_distutils_commands:/home/calafaker/Control-Formation/ws3/install/control_nodes/lib/python3.10/site-packages:/home/calafaker/Control-Formation/ws3/install/multi_robot_interfaces/local/lib/python3.10/dist-packages:${PYTHONPATH} /usr/bin/python3 -W ignore:setup.py install is deprecated -W ignore:easy_install command is deprecated setup.py egg_info --egg-base ../../build/control_nodes build --build-base /home/calafaker/Control-Formation/ws3/build/control_nodes/build install --record /home/calafaker/Control-Formation/ws3/build/control_nodes/install.log --single-version-externally-managed install_data
[1.596s] Level 1:colcon.colcon_core.environment:checking '/home/calafaker/Control-Formation/ws3/install/control_nodes' for CMake config files
[1.596s] Level 1:colcon.colcon_core.environment:checking '/home/calafaker/Control-Formation/ws3/install/control_nodes/lib'
[1.596s] Level 1:colcon.colcon_core.environment:checking '/home/calafaker/Control-Formation/ws3/install/control_nodes/bin'
[1.596s] Level 1:colcon.colcon_core.environment:checking '/home/calafaker/Control-Formation/ws3/install/control_nodes/lib/pkgconfig/control_nodes.pc'
[1.596s] Level 1:colcon.colcon_core.environment:checking '/home/calafaker/Control-Formation/ws3/install/control_nodes/lib/python3.10/site-packages'
[1.596s] Level 1:colcon.colcon_core.shell:create_environment_hook('control_nodes', 'pythonpath')
[1.597s] INFO:colcon.colcon_core.shell:Creating environment hook '/home/calafaker/Control-Formation/ws3/install/control_nodes/share/control_nodes/hook/pythonpath.ps1'
[1.597s] INFO:colcon.colcon_core.shell:Creating environment descriptor '/home/calafaker/Control-Formation/ws3/install/control_nodes/share/control_nodes/hook/pythonpath.dsv'
[1.598s] INFO:colcon.colcon_core.shell:Creating environment hook '/home/calafaker/Control-Formation/ws3/install/control_nodes/share/control_nodes/hook/pythonpath.sh'
[1.598s] Level 1:colcon.colcon_core.environment:checking '/home/calafaker/Control-Formation/ws3/install/control_nodes/bin'
[1.598s] Level 1:colcon.colcon_core.environment:create_environment_scripts_only(control_nodes)
[1.598s] INFO:colcon.colcon_core.shell:Creating package script '/home/calafaker/Control-Formation/ws3/install/control_nodes/share/control_nodes/package.ps1'
[1.599s] INFO:colcon.colcon_core.shell:Creating package descriptor '/home/calafaker/Control-Formation/ws3/install/control_nodes/share/control_nodes/package.dsv'
[1.599s] INFO:colcon.colcon_core.shell:Creating package script '/home/calafaker/Control-Formation/ws3/install/control_nodes/share/control_nodes/package.sh'
[1.600s] INFO:colcon.colcon_core.shell:Creating package script '/home/calafaker/Control-Formation/ws3/install/control_nodes/share/control_nodes/package.bash'
[1.600s] INFO:colcon.colcon_core.shell:Creating package script '/home/calafaker/Control-Formation/ws3/install/control_nodes/share/control_nodes/package.zsh'
[1.600s] Level 1:colcon.colcon_core.environment:create_file_with_runtime_dependencies(/home/calafaker/Control-Formation/ws3/install/control_nodes/share/colcon-core/packages/control_nodes)
[1.673s] Level 1:colcon.colcon_core.environment:checking '/home/calafaker/Control-Formation/ws3/install/simulador' for CMake module files
[1.673s] DEBUG:colcon.colcon_core.event_handler.log_command:Invoked command in '/home/calafaker/Control-Formation/ws3/src/simulador' returned '0': AMENT_PREFIX_PATH=/home/calafaker/Control-Formation/ws3/install/multi_robot_interfaces:${AMENT_PREFIX_PATH} CMAKE_PREFIX_PATH=/home/calafaker/Control-Formation/ws3/install/multi_robot_interfaces LD_LIBRARY_PATH=/home/calafaker/Control-Formation/ws3/install/multi_robot_interfaces/lib:${LD_LIBRARY_PATH} PYTHONPATH=/home/calafaker/Control-Formation/ws3/build/simulador/prefix_override:/usr/lib/python3/dist-packages/colcon_core/task/python/colcon_distutils_commands:/home/calafaker/Control-Formation/ws3/install/simulador/lib/python3.10/site-packages:/home/calafaker/Control-Formation/ws3/install/multi_robot_interfaces/local/lib/python3.10/dist-packages:${PYTHONPATH} /usr/bin/python3 -W ignore:setup.py install is deprecated -W ignore:easy_install command is deprecated setup.py egg_info --egg-base ../../build/simulador build --build-base /home/calafaker/Control-Formation/ws3/build/simulador/build install --record /home/calafaker/Control-Formation/ws3/build/simulador/install.log --single-version-externally-managed install_data
[1.674s] Level 1:colcon.colcon_core.environment:checking '/home/calafaker/Control-Formation/ws3/install/simulador' for CMake config files
[1.674s] Level 1:colcon.colcon_core.environment:checking '/home/calafaker/Control-Formation/ws3/install/simulador/lib'
[1.674s] Level 1:colcon.colcon_core.environment:checking '/home/calafaker/Control-Formation/ws3/install/simulador/bin'
[1.674s] Level 1:colcon.colcon_core.environment:checking '/home/calafaker/Control-Formation/ws3/install/simulador/lib/pkgconfig/simulador.pc'
[1.674s] Level 1:colcon.colcon_core.environment:checking '/home/calafaker/Control-Formation/ws3/install/simulador/lib/python3.10/site-packages'
[1.674s] Level 1:colcon.colcon_core.shell:create_environment_hook('simulador', 'pythonpath')
[1.675s] INFO:colcon.colcon_core.shell:Creating environment hook '/home/calafaker/Control-Formation/ws3/install/simulador/share/simulador/hook/pythonpath.ps1'
[1.675s] INFO:colcon.colcon_core.shell:Creating environment descriptor '/home/calafaker/Control-Formation/ws3/install/simulador/share/simulador/hook/pythonpath.dsv'
[1.675s] INFO:colcon.colcon_core.shell:Creating environment hook '/home/calafaker/Control-Formation/ws3/install/simulador/share/simulador/hook/pythonpath.sh'
[1.676s] Level 1:colcon.colcon_core.environment:checking '/home/calafaker/Control-Formation/ws3/install/simulador/bin'
[1.676s] Level 1:colcon.colcon_core.environment:create_environment_scripts_only(simulador)
[1.676s] INFO:colcon.colcon_core.shell:Creating package script '/home/calafaker/Control-Formation/ws3/install/simulador/share/simulador/package.ps1'
[1.676s] INFO:colcon.colcon_core.shell:Creating package descriptor '/home/calafaker/Control-Formation/ws3/install/simulador/share/simulador/package.dsv'
[1.677s] INFO:colcon.colcon_core.shell:Creating package script '/home/calafaker/Control-Formation/ws3/install/simulador/share/simulador/package.sh'
[1.677s] INFO:colcon.colcon_core.shell:Creating package script '/home/calafaker/Control-Formation/ws3/install/simulador/share/simulador/package.bash'
[1.677s] INFO:colcon.colcon_core.shell:Creating package script '/home/calafaker/Control-Formation/ws3/install/simulador/share/simulador/package.zsh'
[1.678s] Level 1:colcon.colcon_core.environment:create_file_with_runtime_dependencies(/home/calafaker/Control-Formation/ws3/install/simulador/share/colcon-core/packages/simulador)
[1.678s] DEBUG:colcon.colcon_parallel_executor.executor.parallel:closing loop
[1.678s] DEBUG:colcon.colcon_parallel_executor.executor.parallel:loop closed
[1.678s] DEBUG:colcon.colcon_parallel_executor.executor.parallel:run_until_complete finished with '0'
[1.679s] DEBUG:colcon.colcon_core.event_reactor:joining thread
[1.682s] INFO:colcon.colcon_core.plugin_system:Skipping extension 'colcon_notification.desktop_notification.terminal_notifier': Not used on non-Darwin systems
[1.682s] INFO:colcon.colcon_core.plugin_system:Skipping extension 'colcon_notification.desktop_notification.win32': Not used on non-Windows systems
[1.682s] INFO:colcon.colcon_notification.desktop_notification:Sending desktop notification using 'notify2'
[1.683s] DEBUG:colcon.colcon_notification.desktop_notification.notify2:Failed to initialize notify2: org.freedesktop.DBus.Error.ServiceUnknown: The name org.freedesktop.Notifications was not provided by any .service files
[1.683s] DEBUG:colcon.colcon_core.event_reactor:joined thread
[1.683s] INFO:colcon.colcon_core.shell:Creating prefix script '/home/calafaker/Control-Formation/ws3/install/local_setup.ps1'
[1.684s] INFO:colcon.colcon_core.shell:Creating prefix util module '/home/calafaker/Control-Formation/ws3/install/_local_setup_util_ps1.py'
[1.685s] INFO:colcon.colcon_core.shell:Creating prefix chain script '/home/calafaker/Control-Formation/ws3/install/setup.ps1'
[1.686s] INFO:colcon.colcon_core.shell:Creating prefix script '/home/calafaker/Control-Formation/ws3/install/local_setup.sh'
[1.686s] INFO:colcon.colcon_core.shell:Creating prefix util module '/home/calafaker/Control-Formation/ws3/install/_local_setup_util_sh.py'
[1.687s] INFO:colcon.colcon_core.shell:Creating prefix chain script '/home/calafaker/Control-Formation/ws3/install/setup.sh'
[1.687s] INFO:colcon.colcon_core.shell:Creating prefix script '/home/calafaker/Control-Formation/ws3/install/local_setup.bash'
[1.688s] INFO:colcon.colcon_core.shell:Creating prefix chain script '/home/calafaker/Control-Formation/ws3/install/setup.bash'
[1.688s] INFO:colcon.colcon_core.shell:Creating prefix script '/home/calafaker/Control-Formation/ws3/install/local_setup.zsh'
[1.689s] INFO:colcon.colcon_core.shell:Creating prefix chain script '/home/calafaker/Control-Formation/ws3/install/setup.zsh'
